null_iteration,horizon,return_specification,peer_definition,outcome,statistic,sample_size,detected_event_count
0,1,semiconductor_adjusted_return,economic_subsector_peers,convergence,-0.00018750601606412897,191,223
0,1,semiconductor_adjusted_return,economic_subsector_peers,peer_catchup,0.00012474833705399145,191,223
0,1,semiconductor_adjusted_return,economic_subsector_peers,initiator_reversal,-0.0003122543531181198,191,223
0,3,semiconductor_adjusted_return,economic_subsector_peers,convergence,-0.005387329795997758,142,223
0,3,semiconductor_adjusted_return,economic_subsector_peers,peer_catchup,-0.00010472600083304961,142,223
0,3,semiconductor_adjusted_return,economic_subsector_peers,initiator_reversal,-0.0052826037951647095,142,223
0,5,semiconductor_adjusted_return,economic_subsector_peers,convergence,-0.0026122345209673914,87,223
0,5,semiconductor_adjusted_return,economic_subsector_peers,peer_catchup,-0.003988999576955095,87,223
0,5,semiconductor_adjusted_return,economic_subsector_peers,initiator_reversal,0.0013767650559877035,87,223
0,10,semiconductor_adjusted_return,economic_subsector_peers,convergence,-0.0002647620648623295,34,223
0,10,semiconductor_adjusted_return,economic_subsector_peers,peer_catchup,0.00034386512481067476,34,223
0,10,semiconductor_adjusted_return,economic_subsector_peers,initiator_reversal,-0.0006086271896730063,34,223
1,1,semiconductor_adjusted_return,economic_subsector_peers,convergence,-0.0013934545239496837,185,233
1,1,semiconductor_adjusted_return,economic_subsector_peers,peer_catchup,-0.00042184384466204705,185,233
1,1,semiconductor_adjusted_return,economic_subsector_peers,initiator_reversal,-0.0009716106792876366,185,233
1,3,semiconductor_adjusted_return,economic_subsector_peers,convergence,-0.0033236568881226856,132,233
1,3,semiconductor_adjusted_return,economic_subsector_peers,peer_catchup,-0.000286917286491308,132,233
1,3,semiconductor_adjusted_return,economic_subsector_peers,initiator_reversal,-0.003036739601631377,132,233
1,5,semiconductor_adjusted_return,economic_subsector_peers,convergence,-0.0020843910411350516,89,233
1,5,semiconductor_adjusted_return,economic_subsector_peers,peer_catchup,-0.0012453750371026519,89,233
1,5,semiconductor_adjusted_return,economic_subsector_peers,initiator_reversal,-0.0008390160040323991,89,233
1,10,semiconductor_adjusted_return,economic_subsector_peers,convergence,-0.004151482566041141,41,233
1,10,semiconductor_adjusted_return,economic_subsector_peers,peer_catchup,0.002025488177110683,41,233
1,10,semiconductor_adjusted_return,economic_subsector_peers,initiator_reversal,-0.0061769707431518295,41,233
2,1,semiconductor_adjusted_return,economic_subsector_peers,convergence,-0.0023458915413514234,174,215
2,1,semiconductor_adjusted_return,economic_subsector_peers,peer_catchup,-0.0007669045575328662,174,215
2,1,semiconductor_adjusted_return,economic_subsector_peers,initiator_reversal,-0.0015789869838185569,174,215
2,3,semiconductor_adjusted_return,economic_subsector_peers,convergence,-0.005889103927948356,109,215
2,3,semiconductor_adjusted_return,economic_subsector_peers,peer_catchup,-0.001321851056576442,109,215
2,3,semiconductor_adjusted_return,economic_subsector_peers,initiator_reversal,-0.004567252871371914,109,215
2,5,semiconductor_adjusted_return,economic_subsector_peers,convergence,-0.008264039976037271,80,215
2,5,semiconductor_adjusted_return,economic_subsector_peers,peer_catchup,-0.002443924668417891,80,215
2,5,semiconductor_adjusted_return,economic_subsector_peers,initiator_reversal,-0.00582011530761938,80,215
2,10,semiconductor_adjusted_return,economic_subsector_peers,convergence,-0.021806996791696585,32,215
2,10,semiconductor_adjusted_return,economic_subsector_peers,peer_catchup,-0.008097732190494356,32,215
2,10,semiconductor_adjusted_return,economic_subsector_peers,initiator_reversal,-0.013709264601202227,32,215
3,1,semiconductor_adjusted_return,economic_subsector_peers,convergence,-0.0009903138606021792,180,217
3,1,semiconductor_adjusted_return,economic_subsector_peers,peer_catchup,4.960374172405102e-05,180,217
3,1,semiconductor_adjusted_return,economic_subsector_peers,initiator_reversal,-0.0010399176023262297,180,217
3,3,semiconductor_adjusted_return,economic_subsector_peers,convergence,0.0014812783950788823,110,217
3,3,semiconductor_adjusted_return,economic_subsector_peers,peer_catchup,-0.0008061719757974445,110,217
3,3,semiconductor_adjusted_return,economic_subsector_peers,initiator_reversal,0.0022874503708763274,110,217
3,5,semiconductor_adjusted_return,economic_subsector_peers,convergence,0.0028096506232645002,76,217
3,5,semiconductor_adjusted_return,economic_subsector_peers,peer_catchup,0.00029232732795872706,76,217
3,5,semiconductor_adjusted_return,economic_subsector_peers,initiator_reversal,0.002517323295305774,76,217
3,10,semiconductor_adjusted_return,economic_subsector_peers,convergence,0.006707562074664363,35,217
3,10,semiconductor_adjusted_return,economic_subsector_peers,peer_catchup,0.0012835662138711902,35,217
3,10,semiconductor_adjusted_return,economic_subsector_peers,initiator_reversal,0.005423995860793172,35,217
4,1,semiconductor_adjusted_return,economic_subsector_peers,convergence,-0.0009826680284929627,189,237
4,1,semiconductor_adjusted_return,economic_subsector_peers,peer_catchup,0.0008130290624675985,189,237
4,1,semiconductor_adjusted_return,economic_subsector_peers,initiator_reversal,-0.0017956970909605609,189,237
4,3,semiconductor_adjusted_return,economic_subsector_peers,convergence,-0.002667791592185927,126,237
4,3,semiconductor_adjusted_return,economic_subsector_peers,peer_catchup,0.00014940559975901415,126,237
4,3,semiconductor_adjusted_return,economic_subsector_peers,initiator_reversal,-0.0028171971919449426,126,237
4,5,semiconductor_adjusted_return,economic_subsector_peers,convergence,-0.004507988631878058,83,237
4,5,semiconductor_adjusted_return,economic_subsector_peers,peer_catchup,0.0032938006638513913,83,237
4,5,semiconductor_adjusted_return,economic_subsector_peers,initiator_reversal,-0.007801789295729449,83,237
4,10,semiconductor_adjusted_return,economic_subsector_peers,convergence,-0.019860509097988574,25,237
4,10,semiconductor_adjusted_return,economic_subsector_peers,peer_catchup,0.0037491658903551837,25,237
4,10,semiconductor_adjusted_return,economic_subsector_peers,initiator_reversal,-0.02360967498834376,25,237
5,1,semiconductor_adjusted_return,economic_subsector_peers,convergence,0.000369774233997536,156,200
5,1,semiconductor_adjusted_return,economic_subsector_peers,peer_catchup,4.457175970488662e-05,156,200
5,1,semiconductor_adjusted_return,economic_subsector_peers,initiator_reversal,0.0003252024742926488,156,200
5,3,semiconductor_adjusted_return,economic_subsector_peers,convergence,-0.002583628506929363,103,200
5,3,semiconductor_adjusted_return,economic_subsector_peers,peer_catchup,0.0035778667407341765,103,200
5,3,semiconductor_adjusted_return,economic_subsector_peers,initiator_reversal,-0.00616149524766354,103,200
5,5,semiconductor_adjusted_return,economic_subsector_peers,convergence,-0.004645802974381784,64,200
5,5,semiconductor_adjusted_return,economic_subsector_peers,peer_catchup,0.007474543439216627,64,200
5,5,semiconductor_adjusted_return,economic_subsector_peers,initiator_reversal,-0.012120346413598411,64,200
5,10,semiconductor_adjusted_return,economic_subsector_peers,convergence,-0.00891882488954713,22,200
5,10,semiconductor_adjusted_return,economic_subsector_peers,peer_catchup,0.013292733317440929,22,200
5,10,semiconductor_adjusted_return,economic_subsector_peers,initiator_reversal,-0.022211558206988058,22,200
6,1,semiconductor_adjusted_return,economic_subsector_peers,convergence,-0.0010801447947781575,178,208
6,1,semiconductor_adjusted_return,economic_subsector_peers,peer_catchup,0.0001432994849814352,178,208
6,1,semiconductor_adjusted_return,economic_subsector_peers,initiator_reversal,-0.001223444279759593,178,208
6,3,semiconductor_adjusted_return,economic_subsector_peers,convergence,0.0002508191795743248,127,208
6,3,semiconductor_adjusted_return,economic_subsector_peers,peer_catchup,0.0012290843646897984,127,208
6,3,semiconductor_adjusted_return,economic_subsector_peers,initiator_reversal,-0.0009782651851154725,127,208
6,5,semiconductor_adjusted_return,economic_subsector_peers,convergence,0.00518854378856325,87,208
6,5,semiconductor_adjusted_return,economic_subsector_peers,peer_catchup,0.002673339946502494,87,208
6,5,semiconductor_adjusted_return,economic_subsector_peers,initiator_reversal,0.0025152038420607546,87,208
6,10,semiconductor_adjusted_return,economic_subsector_peers,convergence,0.01428435620415889,34,208
6,10,semiconductor_adjusted_return,economic_subsector_peers,peer_catchup,0.007337948598127265,34,208
6,10,semiconductor_adjusted_return,economic_subsector_peers,initiator_reversal,0.006946407606031626,34,208
7,1,semiconductor_adjusted_return,economic_subsector_peers,convergence,0.00045384593651318474,178,207
7,1,semiconductor_adjusted_return,economic_subsector_peers,peer_catchup,0.0007315597300563735,178,207
7,1,semiconductor_adjusted_return,economic_subsector_peers,initiator_reversal,-0.00027771379354318853,178,207
7,3,semiconductor_adjusted_return,economic_subsector_peers,convergence,-0.00025030269474557703,129,207
7,3,semiconductor_adjusted_return,economic_subsector_peers,peer_catchup,-0.0012258266345103134,129,207
7,3,semiconductor_adjusted_return,economic_subsector_peers,initiator_reversal,0.0009755239397647365,129,207
7,5,semiconductor_adjusted_return,economic_subsector_peers,convergence,-0.0006388081070055751,89,207
7,5,semiconductor_adjusted_return,economic_subsector_peers,peer_catchup,-0.0025561764402392325,89,207
7,5,semiconductor_adjusted_return,economic_subsector_peers,initiator_reversal,0.0019173683332336564,89,207
7,10,semiconductor_adjusted_return,economic_subsector_peers,convergence,0.004489890155759553,30,207
7,10,semiconductor_adjusted_return,economic_subsector_peers,peer_catchup,-0.0022538338058520147,30,207
7,10,semiconductor_adjusted_return,economic_subsector_peers,initiator_reversal,0.006743723961611569,30,207
8,1,semiconductor_adjusted_return,economic_subsector_peers,convergence,-0.0016610478966316488,184,216
8,1,semiconductor_adjusted_return,economic_subsector_peers,peer_catchup,-0.0009614430707344017,184,216
8,1,semiconductor_adjusted_return,economic_subsector_peers,initiator_reversal,-0.0006996048258972474,184,216
8,3,semiconductor_adjusted_return,economic_subsector_peers,convergence,-0.002341329923564714,117,216
8,3,semiconductor_adjusted_return,economic_subsector_peers,peer_catchup,-0.002613824039443451,117,216
8,3,semiconductor_adjusted_return,economic_subsector_peers,initiator_reversal,0.000272494115878737,117,216
8,5,semiconductor_adjusted_return,economic_subsector_peers,convergence,-0.0017084805371429198,80,216
8,5,semiconductor_adjusted_return,economic_subsector_peers,peer_catchup,-0.0012412105433882053,80,216
8,5,semiconductor_adjusted_return,economic_subsector_peers,initiator_reversal,-0.0004672699937547143,80,216
8,10,semiconductor_adjusted_return,economic_subsector_peers,convergence,-0.00814339574391223,34,216
8,10,semiconductor_adjusted_return,economic_subsector_peers,peer_catchup,-0.0001965570708087778,34,216
8,10,semiconductor_adjusted_return,economic_subsector_peers,initiator_reversal,-0.007946838673103456,34,216
9,1,semiconductor_adjusted_return,economic_subsector_peers,convergence,0.000710639087210955,207,240
9,1,semiconductor_adjusted_return,economic_subsector_peers,peer_catchup,0.0003482550169879883,207,240
9,1,semiconductor_adjusted_return,economic_subsector_peers,initiator_reversal,0.0003623840702229668,207,240
9,3,semiconductor_adjusted_return,economic_subsector_peers,convergence,-0.0016292051533013004,164,240
9,3,semiconductor_adjusted_return,economic_subsector_peers,peer_catchup,-0.0003300834357770879,164,240
9,3,semiconductor_adjusted_return,economic_subsector_peers,initiator_reversal,-0.0012991217175242127,164,240
9,5,semiconductor_adjusted_return,economic_subsector_peers,convergence,3.680631851024686e-05,117,240
9,5,semiconductor_adjusted_return,economic_subsector_peers,peer_catchup,-0.0007421117703616952,117,240
9,5,semiconductor_adjusted_return,economic_subsector_peers,initiator_reversal,0.0007789180888719412,117,240
9,10,semiconductor_adjusted_return,economic_subsector_peers,convergence,-0.003744492382805086,48,240
9,10,semiconductor_adjusted_return,economic_subsector_peers,peer_catchup,0.0028660313664072893,48,240
9,10,semiconductor_adjusted_return,economic_subsector_peers,initiator_reversal,-0.006610523749212376,48,240
10,1,semiconductor_adjusted_return,economic_subsector_peers,convergence,0.0008332655640119614,165,213
10,1,semiconductor_adjusted_return,economic_subsector_peers,peer_catchup,0.0005224763643696659,165,213
10,1,semiconductor_adjusted_return,economic_subsector_peers,initiator_reversal,0.00031078919964229565,165,213
10,3,semiconductor_adjusted_return,economic_subsector_peers,convergence,-0.0004811042789195466,111,213
10,3,semiconductor_adjusted_return,economic_subsector_peers,peer_catchup,0.0002782979707726323,111,213
10,3,semiconductor_adjusted_return,economic_subsector_peers,initiator_reversal,-0.0007594022496921786,111,213
10,5,semiconductor_adjusted_return,economic_subsector_peers,convergence,-0.00108531880433861,73,213
10,5,semiconductor_adjusted_return,economic_subsector_peers,peer_catchup,0.003813885952503358,73,213
10,5,semiconductor_adjusted_return,economic_subsector_peers,initiator_reversal,-0.0048992047568419675,73,213
10,10,semiconductor_adjusted_return,economic_subsector_peers,convergence,0.003958846944202264,31,213
10,10,semiconductor_adjusted_return,economic_subsector_peers,peer_catchup,0.0049886489477803,31,213
10,10,semiconductor_adjusted_return,economic_subsector_peers,initiator_reversal,-0.0010298020035780348,31,213
11,1,semiconductor_adjusted_return,economic_subsector_peers,convergence,-0.0013792996929144956,150,191
11,1,semiconductor_adjusted_return,economic_subsector_peers,peer_catchup,-5.007475244650924e-05,150,191
11,1,semiconductor_adjusted_return,economic_subsector_peers,initiator_reversal,-0.0013292249404679864,150,191
11,3,semiconductor_adjusted_return,economic_subsector_peers,convergence,-0.002289647387800683,110,191
11,3,semiconductor_adjusted_return,economic_subsector_peers,peer_catchup,0.0010182884183551788,110,191
11,3,semiconductor_adjusted_return,economic_subsector_peers,initiator_reversal,-0.0033079358061558614,110,191
11,5,semiconductor_adjusted_return,economic_subsector_peers,convergence,-0.005856275789544964,70,191
11,5,semiconductor_adjusted_return,economic_subsector_peers,peer_catchup,0.005719314588048303,70,191
11,5,semiconductor_adjusted_return,economic_subsector_peers,initiator_reversal,-0.011575590377593268,70,191
11,10,semiconductor_adjusted_return,economic_subsector_peers,convergence,-0.006918101897277768,22,191
11,10,semiconductor_adjusted_return,economic_subsector_peers,peer_catchup,0.009120739462887162,22,191
11,10,semiconductor_adjusted_return,economic_subsector_peers,initiator_reversal,-0.016038841360164927,22,191
12,1,semiconductor_adjusted_return,economic_subsector_peers,convergence,-0.00024024321781234394,170,216
12,1,semiconductor_adjusted_return,economic_subsector_peers,peer_catchup,0.00031945688943972307,170,216
12,1,semiconductor_adjusted_return,economic_subsector_peers,initiator_reversal,-0.0005597001072520668,170,216
12,3,semiconductor_adjusted_return,economic_subsector_peers,convergence,0.004181025741399953,107,216
12,3,semiconductor_adjusted_return,economic_subsector_peers,peer_catchup,0.001542867061082117,107,216
12,3,semiconductor_adjusted_return,economic_subsector_peers,initiator_reversal,0.002638158680317835,107,216
12,5,semiconductor_adjusted_return,economic_subsector_peers,convergence,-0.0007730221912326254,70,216
12,5,semiconductor_adjusted_return,economic_subsector_peers,peer_catchup,0.002788984982276731,70,216
12,5,semiconductor_adjusted_return,economic_subsector_peers,initiator_reversal,-0.003562007173509355,70,216
12,10,semiconductor_adjusted_return,economic_subsector_peers,convergence,-0.025612384303864505,17,216
12,10,semiconductor_adjusted_return,economic_subsector_peers,peer_catchup,0.001501189471756419,17,216
12,10,semiconductor_adjusted_return,economic_subsector_peers,initiator_reversal,-0.02711357377562093,17,216
13,1,semiconductor_adjusted_return,economic_subsector_peers,convergence,0.0007083235827334284,178,223
13,1,semiconductor_adjusted_return,economic_subsector_peers,peer_catchup,0.0015182889366280351,178,223
13,1,semiconductor_adjusted_return,economic_subsector_peers,initiator_reversal,-0.0008099653538946063,178,223
13,3,semiconductor_adjusted_return,economic_subsector_peers,convergence,-0.001091929526568066,126,223
13,3,semiconductor_adjusted_return,economic_subsector_peers,peer_catchup,0.0015470096955479574,126,223
13,3,semiconductor_adjusted_return,economic_subsector_peers,initiator_reversal,-0.0026389392221160242,126,223
13,5,semiconductor_adjusted_return,economic_subsector_peers,convergence,-0.001107569884199008,79,223
13,5,semiconductor_adjusted_return,economic_subsector_peers,peer_catchup,0.0010672278162865048,79,223
13,5,semiconductor_adjusted_return,economic_subsector_peers,initiator_reversal,-0.002174797700485512,79,223
13,10,semiconductor_adjusted_return,economic_subsector_peers,convergence,-0.005305843494042001,28,223
13,10,semiconductor_adjusted_return,economic_subsector_peers,peer_catchup,0.005055126314597476,28,223
13,10,semiconductor_adjusted_return,economic_subsector_peers,initiator_reversal,-0.010360969808639478,28,223
14,1,semiconductor_adjusted_return,economic_subsector_peers,convergence,0.002151874411166279,192,233
14,1,semiconductor_adjusted_return,economic_subsector_peers,peer_catchup,-0.0005973880690937134,192,233
14,1,semiconductor_adjusted_return,economic_subsector_peers,initiator_reversal,0.0027492624802599925,192,233
14,3,semiconductor_adjusted_return,economic_subsector_peers,convergence,0.0003531410465960902,113,233
14,3,semiconductor_adjusted_return,economic_subsector_peers,peer_catchup,0.0015206794088052837,113,233
14,3,semiconductor_adjusted_return,economic_subsector_peers,initiator_reversal,-0.0011675383622091937,113,233
14,5,semiconductor_adjusted_return,economic_subsector_peers,convergence,-0.0020994139050739546,68,233
14,5,semiconductor_adjusted_return,economic_subsector_peers,peer_catchup,0.0007364266281507898,68,233
14,5,semiconductor_adjusted_return,economic_subsector_peers,initiator_reversal,-0.0028358405332247435,68,233
14,10,semiconductor_adjusted_return,economic_subsector_peers,convergence,-0.012852031403278915,23,233
14,10,semiconductor_adjusted_return,economic_subsector_peers,peer_catchup,0.008219263462104894,23,233
14,10,semiconductor_adjusted_return,economic_subsector_peers,initiator_reversal,-0.02107129486538381,23,233
15,1,semiconductor_adjusted_return,economic_subsector_peers,convergence,-0.0015374475824800201,194,236
15,1,semiconductor_adjusted_return,economic_subsector_peers,peer_catchup,-0.00039303699122634724,194,236
15,1,semiconductor_adjusted_return,economic_subsector_peers,initiator_reversal,-0.0011444105912536725,194,236
15,3,semiconductor_adjusted_return,economic_subsector_peers,convergence,-0.0009993169661653535,142,236
15,3,semiconductor_adjusted_return,economic_subsector_peers,peer_catchup,-9.323071341265279e-05,142,236
15,3,semiconductor_adjusted_return,economic_subsector_peers,initiator_reversal,-0.000906086252752701,142,236
15,5,semiconductor_adjusted_return,economic_subsector_peers,convergence,-0.0025236170482173187,108,236
15,5,semiconductor_adjusted_return,economic_subsector_peers,peer_catchup,0.0009154936910692481,108,236
15,5,semiconductor_adjusted_return,economic_subsector_peers,initiator_reversal,-0.0034391107392865664,108,236
15,10,semiconductor_adjusted_return,economic_subsector_peers,convergence,-0.0004090571048147516,36,236
15,10,semiconductor_adjusted_return,economic_subsector_peers,peer_catchup,-0.0017411322605704925,36,236
15,10,semiconductor_adjusted_return,economic_subsector_peers,initiator_reversal,0.0013320751557557367,36,236
16,1,semiconductor_adjusted_return,economic_subsector_peers,convergence,0.0018945520549101997,193,226
16,1,semiconductor_adjusted_return,economic_subsector_peers,peer_catchup,0.0006369174545829556,193,226
16,1,semiconductor_adjusted_return,economic_subsector_peers,initiator_reversal,0.0012576346003272442,193,226
16,3,semiconductor_adjusted_return,economic_subsector_peers,convergence,0.0006833091118353121,132,226
16,3,semiconductor_adjusted_return,economic_subsector_peers,peer_catchup,-0.000530578881100325,132,226
16,3,semiconductor_adjusted_return,economic_subsector_peers,initiator_reversal,0.0012138879929356383,132,226
16,5,semiconductor_adjusted_return,economic_subsector_peers,convergence,0.0014883928507202658,74,226
16,5,semiconductor_adjusted_return,economic_subsector_peers,peer_catchup,0.00035443648191974415,74,226
16,5,semiconductor_adjusted_return,economic_subsector_peers,initiator_reversal,0.0011339563688005216,74,226
16,10,semiconductor_adjusted_return,economic_subsector_peers,convergence,-0.0016333212430557208,24,226
16,10,semiconductor_adjusted_return,economic_subsector_peers,peer_catchup,0.001947725207980178,24,226
16,10,semiconductor_adjusted_return,economic_subsector_peers,initiator_reversal,-0.0035810464510358984,24,226
17,1,semiconductor_adjusted_return,economic_subsector_peers,convergence,0.002997623814260288,172,223
17,1,semiconductor_adjusted_return,economic_subsector_peers,peer_catchup,0.00010259262858528184,172,223
17,1,semiconductor_adjusted_return,economic_subsector_peers,initiator_reversal,0.0028950311856750064,172,223
17,3,semiconductor_adjusted_return,economic_subsector_peers,convergence,0.0026601100351128265,111,223
17,3,semiconductor_adjusted_return,economic_subsector_peers,peer_catchup,0.00033561433711841416,111,223
17,3,semiconductor_adjusted_return,economic_subsector_peers,initiator_reversal,0.0023244956979944103,111,223
17,5,semiconductor_adjusted_return,economic_subsector_peers,convergence,0.005040167550559797,68,223
17,5,semiconductor_adjusted_return,economic_subsector_peers,peer_catchup,0.003164213510589691,68,223
17,5,semiconductor_adjusted_return,economic_subsector_peers,initiator_reversal,0.001875954039970106,68,223
17,10,semiconductor_adjusted_return,economic_subsector_peers,convergence,-0.003708017872433139,21,223
17,10,semiconductor_adjusted_return,economic_subsector_peers,peer_catchup,0.01916469064672801,21,223
17,10,semiconductor_adjusted_return,economic_subsector_peers,initiator_reversal,-0.02287270851916115,21,223
18,1,semiconductor_adjusted_return,economic_subsector_peers,convergence,0.0007356184571179943,160,206
18,1,semiconductor_adjusted_return,economic_subsector_peers,peer_catchup,-0.000882445021689739,160,206
18,1,semiconductor_adjusted_return,economic_subsector_peers,initiator_reversal,0.0016180634788077331,160,206
18,3,semiconductor_adjusted_return,economic_subsector_peers,convergence,0.0021625974316825444,108,206
18,3,semiconductor_adjusted_return,economic_subsector_peers,peer_catchup,-0.0008735855847879305,108,206
18,3,semiconductor_adjusted_return,economic_subsector_peers,initiator_reversal,0.0030361830164704756,108,206
18,5,semiconductor_adjusted_return,economic_subsector_peers,convergence,-9.221760310473088e-05,70,206
18,5,semiconductor_adjusted_return,economic_subsector_peers,peer_catchup,0.0019799313943308816,70,206
18,5,semiconductor_adjusted_return,economic_subsector_peers,initiator_reversal,-0.0020721489974356135,70,206
18,10,semiconductor_adjusted_return,economic_subsector_peers,convergence,-0.012432349519411528,25,206
18,10,semiconductor_adjusted_return,economic_subsector_peers,peer_catchup,-0.005016161791093873,25,206
18,10,semiconductor_adjusted_return,economic_subsector_peers,initiator_reversal,-0.007416187728317651,25,206
19,1,semiconductor_adjusted_return,economic_subsector_peers,convergence,-0.0007440430999537795,183,226
19,1,semiconductor_adjusted_return,economic_subsector_peers,peer_catchup,0.0010745503399117705,183,226
19,1,semiconductor_adjusted_return,economic_subsector_peers,initiator_reversal,-0.0018185934398655505,183,226
19,3,semiconductor_adjusted_return,economic_subsector_peers,convergence,-0.004129891731484958,121,226
19,3,semiconductor_adjusted_return,economic_subsector_peers,peer_catchup,-0.0017220137102185737,121,226
19,3,semiconductor_adjusted_return,economic_subsector_peers,initiator_reversal,-0.002407878021266384,121,226
19,5,semiconductor_adjusted_return,economic_subsector_peers,convergence,-0.0031273874964148477,80,226
19,5,semiconductor_adjusted_return,economic_subsector_peers,peer_catchup,-0.0008978996327463302,80,226
19,5,semiconductor_adjusted_return,economic_subsector_peers,initiator_reversal,-0.0022294878636685165,80,226
19,10,semiconductor_adjusted_return,economic_subsector_peers,convergence,-0.0026552825845991583,29,226
19,10,semiconductor_adjusted_return,economic_subsector_peers,peer_catchup,0.0004785398668942499,29,226
19,10,semiconductor_adjusted_return,economic_subsector_peers,initiator_reversal,-0.0031338224514934083,29,226
20,1,semiconductor_adjusted_return,economic_subsector_peers,convergence,0.0002569739908793466,170,214
20,1,semiconductor_adjusted_return,economic_subsector_peers,peer_catchup,7.904830065996983e-05,170,214
20,1,semiconductor_adjusted_return,economic_subsector_peers,initiator_reversal,0.00017792569021937664,170,214
20,3,semiconductor_adjusted_return,economic_subsector_peers,convergence,-0.0009140553267591087,131,214
20,3,semiconductor_adjusted_return,economic_subsector_peers,peer_catchup,-0.00021852516985743808,131,214
20,3,semiconductor_adjusted_return,economic_subsector_peers,initiator_reversal,-0.0006955301569016705,131,214
20,5,semiconductor_adjusted_return,economic_subsector_peers,convergence,-0.0032935065778890646,99,214
20,5,semiconductor_adjusted_return,economic_subsector_peers,peer_catchup,0.0008667841670114397,99,214
20,5,semiconductor_adjusted_return,economic_subsector_peers,initiator_reversal,-0.0041602907449005055,99,214
20,10,semiconductor_adjusted_return,economic_subsector_peers,convergence,-0.014333398735413932,38,214
20,10,semiconductor_adjusted_return,economic_subsector_peers,peer_catchup,-0.004756400650757847,38,214
20,10,semiconductor_adjusted_return,economic_subsector_peers,initiator_reversal,-0.009576998084656086,38,214
21,1,semiconductor_adjusted_return,economic_subsector_peers,convergence,0.0007736354176828063,178,222
21,1,semiconductor_adjusted_return,economic_subsector_peers,peer_catchup,-0.00011442945264379218,178,222
21,1,semiconductor_adjusted_return,economic_subsector_peers,initiator_reversal,0.0008880648703265978,178,222
21,3,semiconductor_adjusted_return,economic_subsector_peers,convergence,-0.002343868665625148,117,222
21,3,semiconductor_adjusted_return,economic_subsector_peers,peer_catchup,-0.0007733069642074876,117,222
21,3,semiconductor_adjusted_return,economic_subsector_peers,initiator_reversal,-0.0015705617014176603,117,222
21,5,semiconductor_adjusted_return,economic_subsector_peers,convergence,-0.005832985182821208,91,222
21,5,semiconductor_adjusted_return,economic_subsector_peers,peer_catchup,-0.0017025752680392653,91,222
21,5,semiconductor_adjusted_return,economic_subsector_peers,initiator_reversal,-0.004130409914781944,91,222
21,10,semiconductor_adjusted_return,economic_subsector_peers,convergence,-0.011426956642694419,24,222
21,10,semiconductor_adjusted_return,economic_subsector_peers,peer_catchup,-0.006151681860678444,24,222
21,10,semiconductor_adjusted_return,economic_subsector_peers,initiator_reversal,-0.005275274782015976,24,222
22,1,semiconductor_adjusted_return,economic_subsector_peers,convergence,0.0006486931145147088,158,206
22,1,semiconductor_adjusted_return,economic_subsector_peers,peer_catchup,0.00016488428652618048,158,206
22,1,semiconductor_adjusted_return,economic_subsector_peers,initiator_reversal,0.00048380882798852807,158,206
22,3,semiconductor_adjusted_return,economic_subsector_peers,convergence,0.0017554009290135727,100,206
22,3,semiconductor_adjusted_return,economic_subsector_peers,peer_catchup,-0.002818403048181012,100,206
22,3,semiconductor_adjusted_return,economic_subsector_peers,initiator_reversal,0.004573803977194585,100,206
22,5,semiconductor_adjusted_return,economic_subsector_peers,convergence,0.0003598390978906472,75,206
22,5,semiconductor_adjusted_return,economic_subsector_peers,peer_catchup,-0.0015945242358429426,75,206
22,5,semiconductor_adjusted_return,economic_subsector_peers,initiator_reversal,0.0019543633337335896,75,206
22,10,semiconductor_adjusted_return,economic_subsector_peers,convergence,-0.0008368842697503989,26,206
22,10,semiconductor_adjusted_return,economic_subsector_peers,peer_catchup,0.0035150740212106565,26,206
22,10,semiconductor_adjusted_return,economic_subsector_peers,initiator_reversal,-0.004351958290961055,26,206
23,1,semiconductor_adjusted_return,economic_subsector_peers,convergence,-0.0008348851587064185,181,221
23,1,semiconductor_adjusted_return,economic_subsector_peers,peer_catchup,3.771097508852209e-05,181,221
23,1,semiconductor_adjusted_return,economic_subsector_peers,initiator_reversal,-0.0008725961337949403,181,221
23,3,semiconductor_adjusted_return,economic_subsector_peers,convergence,0.0006054147524778086,127,221
23,3,semiconductor_adjusted_return,economic_subsector_peers,peer_catchup,0.00038695872323746744,127,221
23,3,semiconductor_adjusted_return,economic_subsector_peers,initiator_reversal,0.0002184560292403405,127,221
23,5,semiconductor_adjusted_return,economic_subsector_peers,convergence,1.8130001403934383e-05,101,221
23,5,semiconductor_adjusted_return,economic_subsector_peers,peer_catchup,0.00044134466618007696,101,221
23,5,semiconductor_adjusted_return,economic_subsector_peers,initiator_reversal,-0.0004232146647761438,101,221
23,10,semiconductor_adjusted_return,economic_subsector_peers,convergence,0.0012792805209485825,38,221
23,10,semiconductor_adjusted_return,economic_subsector_peers,peer_catchup,0.0016221358823667765,38,221
23,10,semiconductor_adjusted_return,economic_subsector_peers,initiator_reversal,-0.00034285536141819483,38,221
24,1,semiconductor_adjusted_return,economic_subsector_peers,convergence,0.0001643253906413877,166,205
24,1,semiconductor_adjusted_return,economic_subsector_peers,peer_catchup,-0.0007686549593746816,166,205
24,1,semiconductor_adjusted_return,economic_subsector_peers,initiator_reversal,0.0009329803500160692,166,205
24,3,semiconductor_adjusted_return,economic_subsector_peers,convergence,-0.0007534236365380081,108,205
24,3,semiconductor_adjusted_return,economic_subsector_peers,peer_catchup,4.5851776494729123e-05,108,205
24,3,semiconductor_adjusted_return,economic_subsector_peers,initiator_reversal,-0.0007992754130327373,108,205
24,5,semiconductor_adjusted_return,economic_subsector_peers,convergence,0.0015377834871311267,69,205
24,5,semiconductor_adjusted_return,economic_subsector_peers,peer_catchup,0.00024352084928609886,69,205
24,5,semiconductor_adjusted_return,economic_subsector_peers,initiator_reversal,0.0012942626378450272,69,205
24,10,semiconductor_adjusted_return,economic_subsector_peers,convergence,-0.000685336385365363,26,205
24,10,semiconductor_adjusted_return,economic_subsector_peers,peer_catchup,0.008909932195512183,26,205
24,10,semiconductor_adjusted_return,economic_subsector_peers,initiator_reversal,-0.009595268580877546,26,205
25,1,semiconductor_adjusted_return,economic_subsector_peers,convergence,0.0010138296317513229,170,202
25,1,semiconductor_adjusted_return,economic_subsector_peers,peer_catchup,0.0013031392136877836,170,202
25,1,semiconductor_adjusted_return,economic_subsector_peers,initiator_reversal,-0.0002893095819364613,170,202
25,3,semiconductor_adjusted_return,economic_subsector_peers,convergence,0.0008412410363177592,120,202
25,3,semiconductor_adjusted_return,economic_subsector_peers,peer_catchup,0.0021836191878227273,120,202
25,3,semiconductor_adjusted_return,economic_subsector_peers,initiator_reversal,-0.0013423781515049678,120,202
25,5,semiconductor_adjusted_return,economic_subsector_peers,convergence,-0.0009904367752454912,87,202
25,5,semiconductor_adjusted_return,economic_subsector_peers,peer_catchup,0.0013726716456479398,87,202
25,5,semiconductor_adjusted_return,economic_subsector_peers,initiator_reversal,-0.0023631084208934313,87,202
25,10,semiconductor_adjusted_return,economic_subsector_peers,convergence,0.0032642709451335015,29,202
25,10,semiconductor_adjusted_return,economic_subsector_peers,peer_catchup,0.0031951886406483363,29,202
25,10,semiconductor_adjusted_return,economic_subsector_peers,initiator_reversal,6.908230448516674e-05,29,202
26,1,semiconductor_adjusted_return,economic_subsector_peers,convergence,-0.0019437560791269236,179,209
26,1,semiconductor_adjusted_return,economic_subsector_peers,peer_catchup,0.00011931749447486471,179,209
26,1,semiconductor_adjusted_return,economic_subsector_peers,initiator_reversal,-0.002063073573601788,179,209
26,3,semiconductor_adjusted_return,economic_subsector_peers,convergence,-0.0027270817196452927,123,209
26,3,semiconductor_adjusted_return,economic_subsector_peers,peer_catchup,-0.0015948366749486793,123,209
26,3,semiconductor_adjusted_return,economic_subsector_peers,initiator_reversal,-0.0011322450446966147,123,209
26,5,semiconductor_adjusted_return,economic_subsector_peers,convergence,0.0011518395636263285,87,209
26,5,semiconductor_adjusted_return,economic_subsector_peers,peer_catchup,0.0005359114096059738,87,209
26,5,semiconductor_adjusted_return,economic_subsector_peers,initiator_reversal,0.0006159281540203538,87,209
26,10,semiconductor_adjusted_return,economic_subsector_peers,convergence,0.019531688909932534,38,209
26,10,semiconductor_adjusted_return,economic_subsector_peers,peer_catchup,0.0013522907940274565,38,209
26,10,semiconductor_adjusted_return,economic_subsector_peers,initiator_reversal,0.01817939811590508,38,209
27,1,semiconductor_adjusted_return,economic_subsector_peers,convergence,0.001145130479416038,169,198
27,1,semiconductor_adjusted_return,economic_subsector_peers,peer_catchup,-0.00016468768683164224,169,198
27,1,semiconductor_adjusted_return,economic_subsector_peers,initiator_reversal,0.0013098181662476803,169,198
27,3,semiconductor_adjusted_return,economic_subsector_peers,convergence,0.0022178852283757135,121,198
27,3,semiconductor_adjusted_return,economic_subsector_peers,peer_catchup,0.001122877139044219,121,198
27,3,semiconductor_adjusted_return,economic_subsector_peers,initiator_reversal,0.0010950080893314946,121,198
27,5,semiconductor_adjusted_return,economic_subsector_peers,convergence,0.002182050835343467,69,198
27,5,semiconductor_adjusted_return,economic_subsector_peers,peer_catchup,-0.002609219446663423,69,198
27,5,semiconductor_adjusted_return,economic_subsector_peers,initiator_reversal,0.004791270282006891,69,198
27,10,semiconductor_adjusted_return,economic_subsector_peers,convergence,0.0035787021857253604,27,198
27,10,semiconductor_adjusted_return,economic_subsector_peers,peer_catchup,0.004253275568091173,27,198
27,10,semiconductor_adjusted_return,economic_subsector_peers,initiator_reversal,-0.0006745733823658106,27,198
28,1,semiconductor_adjusted_return,economic_subsector_peers,convergence,-0.0008312234733600423,192,225
28,1,semiconductor_adjusted_return,economic_subsector_peers,peer_catchup,0.002002684123616251,192,225
28,1,semiconductor_adjusted_return,economic_subsector_peers,initiator_reversal,-0.0028339075969762927,192,225
28,3,semiconductor_adjusted_return,economic_subsector_peers,convergence,-0.0023276457660330856,127,225
28,3,semiconductor_adjusted_return,economic_subsector_peers,peer_catchup,0.002892809818334198,127,225
28,3,semiconductor_adjusted_return,economic_subsector_peers,initiator_reversal,-0.005220455584367286,127,225
28,5,semiconductor_adjusted_return,economic_subsector_peers,convergence,-0.0034109325393209614,89,225
28,5,semiconductor_adjusted_return,economic_subsector_peers,peer_catchup,0.0014069300593620862,89,225
28,5,semiconductor_adjusted_return,economic_subsector_peers,initiator_reversal,-0.0048178625986830485,89,225
28,10,semiconductor_adjusted_return,economic_subsector_peers,convergence,-0.014171186315218735,29,225
28,10,semiconductor_adjusted_return,economic_subsector_peers,peer_catchup,0.002493242533530505,29,225
28,10,semiconductor_adjusted_return,economic_subsector_peers,initiator_reversal,-0.016664428848749236,29,225
29,1,semiconductor_adjusted_return,economic_subsector_peers,convergence,-0.0018771356306640286,191,223
29,1,semiconductor_adjusted_return,economic_subsector_peers,peer_catchup,0.0007468354446694955,191,223
29,1,semiconductor_adjusted_return,economic_subsector_peers,initiator_reversal,-0.0026239710753335247,191,223
29,3,semiconductor_adjusted_return,economic_subsector_peers,convergence,-0.0028486173249810806,140,223
29,3,semiconductor_adjusted_return,economic_subsector_peers,peer_catchup,-0.0012523060185117294,140,223
29,3,semiconductor_adjusted_return,economic_subsector_peers,initiator_reversal,-0.0015963113064693514,140,223
29,5,semiconductor_adjusted_return,economic_subsector_peers,convergence,-0.006737973115021895,104,223
29,5,semiconductor_adjusted_return,economic_subsector_peers,peer_catchup,0.0006215355259940896,104,223
29,5,semiconductor_adjusted_return,economic_subsector_peers,initiator_reversal,-0.007359508641015986,104,223
29,10,semiconductor_adjusted_return,economic_subsector_peers,convergence,-0.011743983618798196,42,223
29,10,semiconductor_adjusted_return,economic_subsector_peers,peer_catchup,-0.0035383645047602193,42,223
29,10,semiconductor_adjusted_return,economic_subsector_peers,initiator_reversal,-0.008205619114037974,42,223
30,1,semiconductor_adjusted_return,economic_subsector_peers,convergence,-0.0041158416471484965,177,212
30,1,semiconductor_adjusted_return,economic_subsector_peers,peer_catchup,6.065727484278234e-05,177,212
30,1,semiconductor_adjusted_return,economic_subsector_peers,initiator_reversal,-0.004176498921991279,177,212
30,3,semiconductor_adjusted_return,economic_subsector_peers,convergence,-0.002607752740729576,102,212
30,3,semiconductor_adjusted_return,economic_subsector_peers,peer_catchup,-0.001381916265999083,102,212
30,3,semiconductor_adjusted_return,economic_subsector_peers,initiator_reversal,-0.0012258364747304935,102,212
30,5,semiconductor_adjusted_return,economic_subsector_peers,convergence,-0.009608262869695404,75,212
30,5,semiconductor_adjusted_return,economic_subsector_peers,peer_catchup,0.0012937635654527765,75,212
30,5,semiconductor_adjusted_return,economic_subsector_peers,initiator_reversal,-0.01090202643514818,75,212
30,10,semiconductor_adjusted_return,economic_subsector_peers,convergence,-0.02645709107440859,49,212
30,10,semiconductor_adjusted_return,economic_subsector_peers,peer_catchup,-0.0015868800511820355,49,212
30,10,semiconductor_adjusted_return,economic_subsector_peers,initiator_reversal,-0.024870211023226556,49,212
31,1,semiconductor_adjusted_return,economic_subsector_peers,convergence,-0.0004563716095934125,168,201
31,1,semiconductor_adjusted_return,economic_subsector_peers,peer_catchup,-0.0011905261033004363,168,201
31,1,semiconductor_adjusted_return,economic_subsector_peers,initiator_reversal,0.0007341544937070237,168,201
31,3,semiconductor_adjusted_return,economic_subsector_peers,convergence,-0.00491753333017708,114,201
31,3,semiconductor_adjusted_return,economic_subsector_peers,peer_catchup,-0.001561673825835093,114,201
31,3,semiconductor_adjusted_return,economic_subsector_peers,initiator_reversal,-0.003355859504341987,114,201
31,5,semiconductor_adjusted_return,economic_subsector_peers,convergence,-0.009798393334664502,79,201
31,5,semiconductor_adjusted_return,economic_subsector_peers,peer_catchup,-0.003182136564039554,79,201
31,5,semiconductor_adjusted_return,economic_subsector_peers,initiator_reversal,-0.006616256770624947,79,201
31,10,semiconductor_adjusted_return,economic_subsector_peers,convergence,-0.023352397682265397,30,201
31,10,semiconductor_adjusted_return,economic_subsector_peers,peer_catchup,-0.003067808760678446,30,201
31,10,semiconductor_adjusted_return,economic_subsector_peers,initiator_reversal,-0.020284588921586952,30,201
32,1,semiconductor_adjusted_return,economic_subsector_peers,convergence,0.0003285274199594239,167,210
32,1,semiconductor_adjusted_return,economic_subsector_peers,peer_catchup,8.543906186551506e-05,167,210
32,1,semiconductor_adjusted_return,economic_subsector_peers,initiator_reversal,0.00024308835809390907,167,210
32,3,semiconductor_adjusted_return,economic_subsector_peers,convergence,0.002759297864085816,108,210
32,3,semiconductor_adjusted_return,economic_subsector_peers,peer_catchup,0.0006802878306512998,108,210
32,3,semiconductor_adjusted_return,economic_subsector_peers,initiator_reversal,0.002079010033434515,108,210
32,5,semiconductor_adjusted_return,economic_subsector_peers,convergence,0.0026825605864604844,67,210
32,5,semiconductor_adjusted_return,economic_subsector_peers,peer_catchup,-0.00045091567059828564,67,210
32,5,semiconductor_adjusted_return,economic_subsector_peers,initiator_reversal,0.00313347625705877,67,210
32,10,semiconductor_adjusted_return,economic_subsector_peers,convergence,0.011631625063240105,26,210
32,10,semiconductor_adjusted_return,economic_subsector_peers,peer_catchup,-0.0013974759508401805,26,210
32,10,semiconductor_adjusted_return,economic_subsector_peers,initiator_reversal,0.013029101014080287,26,210
33,1,semiconductor_adjusted_return,economic_subsector_peers,convergence,0.002207692299235977,186,233
33,1,semiconductor_adjusted_return,economic_subsector_peers,peer_catchup,0.0002686168917115165,186,233
33,1,semiconductor_adjusted_return,economic_subsector_peers,initiator_reversal,0.0019390754075244607,186,233
33,3,semiconductor_adjusted_return,economic_subsector_peers,convergence,0.010315788379642536,122,233
33,3,semiconductor_adjusted_return,economic_subsector_peers,peer_catchup,0.0016578595393507282,122,233
33,3,semiconductor_adjusted_return,economic_subsector_peers,initiator_reversal,0.008657928840291807,122,233
33,5,semiconductor_adjusted_return,economic_subsector_peers,convergence,0.010209961561526964,81,233
33,5,semiconductor_adjusted_return,economic_subsector_peers,peer_catchup,0.0036973813779976384,81,233
33,5,semiconductor_adjusted_return,economic_subsector_peers,initiator_reversal,0.006512580183529324,81,233
33,10,semiconductor_adjusted_return,economic_subsector_peers,convergence,0.004511249097360188,30,233
33,10,semiconductor_adjusted_return,economic_subsector_peers,peer_catchup,0.004287084388851658,30,233
33,10,semiconductor_adjusted_return,economic_subsector_peers,initiator_reversal,0.00022416470850853155,30,233
34,1,semiconductor_adjusted_return,economic_subsector_peers,convergence,-0.0006835769645817669,198,234
34,1,semiconductor_adjusted_return,economic_subsector_peers,peer_catchup,-0.0011122008289330954,198,234
34,1,semiconductor_adjusted_return,economic_subsector_peers,initiator_reversal,0.00042862386435132857,198,234
34,3,semiconductor_adjusted_return,economic_subsector_peers,convergence,0.007645627533243028,139,234
34,3,semiconductor_adjusted_return,economic_subsector_peers,peer_catchup,-0.001960486892955847,139,234
34,3,semiconductor_adjusted_return,economic_subsector_peers,initiator_reversal,0.009606114426198874,139,234
34,5,semiconductor_adjusted_return,economic_subsector_peers,convergence,0.0038044232919958337,104,234
34,5,semiconductor_adjusted_return,economic_subsector_peers,peer_catchup,-0.0024139437296563167,104,234
34,5,semiconductor_adjusted_return,economic_subsector_peers,initiator_reversal,0.00621836702165215,104,234
34,10,semiconductor_adjusted_return,economic_subsector_peers,convergence,0.012354333660517084,34,234
34,10,semiconductor_adjusted_return,economic_subsector_peers,peer_catchup,0.0007564060995883301,34,234
34,10,semiconductor_adjusted_return,economic_subsector_peers,initiator_reversal,0.01159792756092875,34,234
35,1,semiconductor_adjusted_return,economic_subsector_peers,convergence,0.00023992947471076289,160,194
35,1,semiconductor_adjusted_return,economic_subsector_peers,peer_catchup,-2.2404079844905513e-05,160,194
35,1,semiconductor_adjusted_return,economic_subsector_peers,initiator_reversal,0.00026233355455566843,160,194
35,3,semiconductor_adjusted_return,economic_subsector_peers,convergence,-0.00013375905006743395,111,194
35,3,semiconductor_adjusted_return,economic_subsector_peers,peer_catchup,-6.253728577811272e-06,111,194
35,3,semiconductor_adjusted_return,economic_subsector_peers,initiator_reversal,-0.00012750532148962207,111,194
35,5,semiconductor_adjusted_return,economic_subsector_peers,convergence,-0.005206864777613172,68,194
35,5,semiconductor_adjusted_return,economic_subsector_peers,peer_catchup,-0.0016320101835937406,68,194
35,5,semiconductor_adjusted_return,economic_subsector_peers,initiator_reversal,-0.0035748545940194336,68,194
35,10,semiconductor_adjusted_return,economic_subsector_peers,convergence,-0.0039057257882678443,29,194
35,10,semiconductor_adjusted_return,economic_subsector_peers,peer_catchup,0.0020285777358740455,29,194
35,10,semiconductor_adjusted_return,economic_subsector_peers,initiator_reversal,-0.005934303524141889,29,194
36,1,semiconductor_adjusted_return,economic_subsector_peers,convergence,-0.0007008819972090992,181,215
36,1,semiconductor_adjusted_return,economic_subsector_peers,peer_catchup,-0.0005957748762238335,181,215
36,1,semiconductor_adjusted_return,economic_subsector_peers,initiator_reversal,-0.00010510712098526577,181,215
36,3,semiconductor_adjusted_return,economic_subsector_peers,convergence,-0.0020893388984243224,125,215
36,3,semiconductor_adjusted_return,economic_subsector_peers,peer_catchup,-0.0025376505874180285,125,215
36,3,semiconductor_adjusted_return,economic_subsector_peers,initiator_reversal,0.00044831168899370645,125,215
36,5,semiconductor_adjusted_return,economic_subsector_peers,convergence,-0.0042559542024589656,90,215
36,5,semiconductor_adjusted_return,economic_subsector_peers,peer_catchup,-0.0013074376522470787,90,215
36,5,semiconductor_adjusted_return,economic_subsector_peers,initiator_reversal,-0.0029485165502118878,90,215
36,10,semiconductor_adjusted_return,economic_subsector_peers,convergence,-0.007605950532691792,43,215
36,10,semiconductor_adjusted_return,economic_subsector_peers,peer_catchup,0.005528457897768972,43,215
36,10,semiconductor_adjusted_return,economic_subsector_peers,initiator_reversal,-0.013134408430460764,43,215
37,1,semiconductor_adjusted_return,economic_subsector_peers,convergence,-0.001983946075606639,168,202
37,1,semiconductor_adjusted_return,economic_subsector_peers,peer_catchup,-0.0009169346527299837,168,202
37,1,semiconductor_adjusted_return,economic_subsector_peers,initiator_reversal,-0.0010670114228766552,168,202
37,3,semiconductor_adjusted_return,economic_subsector_peers,convergence,-0.003727320264262989,113,202
37,3,semiconductor_adjusted_return,economic_subsector_peers,peer_catchup,-0.0017589737395562876,113,202
37,3,semiconductor_adjusted_return,economic_subsector_peers,initiator_reversal,-0.001968346524706701,113,202
37,5,semiconductor_adjusted_return,economic_subsector_peers,convergence,-0.0052066670235506665,80,202
37,5,semiconductor_adjusted_return,economic_subsector_peers,peer_catchup,-0.0017103904469905884,80,202
37,5,semiconductor_adjusted_return,economic_subsector_peers,initiator_reversal,-0.0034962765765600796,80,202
37,10,semiconductor_adjusted_return,economic_subsector_peers,convergence,-0.02174113535358568,33,202
37,10,semiconductor_adjusted_return,economic_subsector_peers,peer_catchup,-0.0004146976088136205,33,202
37,10,semiconductor_adjusted_return,economic_subsector_peers,initiator_reversal,-0.02132643774477206,33,202
38,1,semiconductor_adjusted_return,economic_subsector_peers,convergence,-0.0002863887564032643,184,210
38,1,semiconductor_adjusted_return,economic_subsector_peers,peer_catchup,-0.001029858052238719,184,210
38,1,semiconductor_adjusted_return,economic_subsector_peers,initiator_reversal,0.0007434692958354546,184,210
38,3,semiconductor_adjusted_return,economic_subsector_peers,convergence,0.001051703639080189,137,210
38,3,semiconductor_adjusted_return,economic_subsector_peers,peer_catchup,0.00045639265403164456,137,210
38,3,semiconductor_adjusted_return,economic_subsector_peers,initiator_reversal,0.0005953109850485441,137,210
38,5,semiconductor_adjusted_return,economic_subsector_peers,convergence,-0.00014389008098424964,104,210
38,5,semiconductor_adjusted_return,economic_subsector_peers,peer_catchup,1.5062215281378975e-05,104,210
38,5,semiconductor_adjusted_return,economic_subsector_peers,initiator_reversal,-0.00015895229626562807,104,210
38,10,semiconductor_adjusted_return,economic_subsector_peers,convergence,0.008165537901090635,47,210
38,10,semiconductor_adjusted_return,economic_subsector_peers,peer_catchup,0.002560036985578599,47,210
38,10,semiconductor_adjusted_return,economic_subsector_peers,initiator_reversal,0.005605500915512034,47,210
39,1,semiconductor_adjusted_return,economic_subsector_peers,convergence,-0.0015964170625080373,193,231
39,1,semiconductor_adjusted_return,economic_subsector_peers,peer_catchup,-0.0004207294083009707,193,231
39,1,semiconductor_adjusted_return,economic_subsector_peers,initiator_reversal,-0.001175687654207067,193,231
39,3,semiconductor_adjusted_return,economic_subsector_peers,convergence,-0.00036360178401535065,124,231
39,3,semiconductor_adjusted_return,economic_subsector_peers,peer_catchup,-0.0017479382014273664,124,231
39,3,semiconductor_adjusted_return,economic_subsector_peers,initiator_reversal,0.0013843364174120152,124,231
39,5,semiconductor_adjusted_return,economic_subsector_peers,convergence,9.850002675142396e-05,87,231
39,5,semiconductor_adjusted_return,economic_subsector_peers,peer_catchup,0.002089562016459362,87,231
39,5,semiconductor_adjusted_return,economic_subsector_peers,initiator_reversal,-0.0019910619897079373,87,231
39,10,semiconductor_adjusted_return,economic_subsector_peers,convergence,-0.007642021667052353,34,231
39,10,semiconductor_adjusted_return,economic_subsector_peers,peer_catchup,-0.0014635942440945691,34,231
39,10,semiconductor_adjusted_return,economic_subsector_peers,initiator_reversal,-0.006178427422957783,34,231
40,1,semiconductor_adjusted_return,economic_subsector_peers,convergence,0.00036861645324308173,188,221
40,1,semiconductor_adjusted_return,economic_subsector_peers,peer_catchup,0.00039418017305376977,188,221
40,1,semiconductor_adjusted_return,economic_subsector_peers,initiator_reversal,-2.556371981068858e-05,188,221
40,3,semiconductor_adjusted_return,economic_subsector_peers,convergence,0.0038186694703980176,119,221
40,3,semiconductor_adjusted_return,economic_subsector_peers,peer_catchup,0.0007089178609500316,119,221
40,3,semiconductor_adjusted_return,economic_subsector_peers,initiator_reversal,0.0031097516094479847,119,221
40,5,semiconductor_adjusted_return,economic_subsector_peers,convergence,0.0024601641823276204,74,221
40,5,semiconductor_adjusted_return,economic_subsector_peers,peer_catchup,0.0023788946305294367,74,221
40,5,semiconductor_adjusted_return,economic_subsector_peers,initiator_reversal,8.126955179818409e-05,74,221
40,10,semiconductor_adjusted_return,economic_subsector_peers,convergence,-0.010461471392900613,27,221
40,10,semiconductor_adjusted_return,economic_subsector_peers,peer_catchup,0.001761873892913367,27,221
40,10,semiconductor_adjusted_return,economic_subsector_peers,initiator_reversal,-0.012223345285813978,27,221
41,1,semiconductor_adjusted_return,economic_subsector_peers,convergence,-0.002954196286883974,197,222
41,1,semiconductor_adjusted_return,economic_subsector_peers,peer_catchup,-0.0003392040183235167,197,222
41,1,semiconductor_adjusted_return,economic_subsector_peers,initiator_reversal,-0.0026149922685604573,197,222
41,3,semiconductor_adjusted_return,economic_subsector_peers,convergence,-0.0030944355854235447,143,222
41,3,semiconductor_adjusted_return,economic_subsector_peers,peer_catchup,0.0004585578442886475,143,222
41,3,semiconductor_adjusted_return,economic_subsector_peers,initiator_reversal,-0.0035529934297121924,143,222
41,5,semiconductor_adjusted_return,economic_subsector_peers,convergence,-0.007257424924660009,99,222
41,5,semiconductor_adjusted_return,economic_subsector_peers,peer_catchup,-0.0009695945259228183,99,222
41,5,semiconductor_adjusted_return,economic_subsector_peers,initiator_reversal,-0.00628783039873719,99,222
41,10,semiconductor_adjusted_return,economic_subsector_peers,convergence,-0.014422120045106237,50,222
41,10,semiconductor_adjusted_return,economic_subsector_peers,peer_catchup,-0.0014551931435498274,50,222
41,10,semiconductor_adjusted_return,economic_subsector_peers,initiator_reversal,-0.012966926901556408,50,222
42,1,semiconductor_adjusted_return,economic_subsector_peers,convergence,0.0010949680689246505,208,237
42,1,semiconductor_adjusted_return,economic_subsector_peers,peer_catchup,0.0006075433296736274,208,237
42,1,semiconductor_adjusted_return,economic_subsector_peers,initiator_reversal,0.00048742473925102305,208,237
42,3,semiconductor_adjusted_return,economic_subsector_peers,convergence,0.0022430263928203634,139,237
42,3,semiconductor_adjusted_return,economic_subsector_peers,peer_catchup,0.001835673333717707,139,237
42,3,semiconductor_adjusted_return,economic_subsector_peers,initiator_reversal,0.000407353059102656,139,237
42,5,semiconductor_adjusted_return,economic_subsector_peers,convergence,0.002131902805094301,87,237
42,5,semiconductor_adjusted_return,economic_subsector_peers,peer_catchup,0.0027124406526136575,87,237
42,5,semiconductor_adjusted_return,economic_subsector_peers,initiator_reversal,-0.0005805378475193553,87,237
42,10,semiconductor_adjusted_return,economic_subsector_peers,convergence,-0.015905496941903036,42,237
42,10,semiconductor_adjusted_return,economic_subsector_peers,peer_catchup,0.004162390419970406,42,237
42,10,semiconductor_adjusted_return,economic_subsector_peers,initiator_reversal,-0.020067887361873437,42,237
43,1,semiconductor_adjusted_return,economic_subsector_peers,convergence,-0.0014843398100703568,175,206
43,1,semiconductor_adjusted_return,economic_subsector_peers,peer_catchup,0.0012012299190086537,175,206
43,1,semiconductor_adjusted_return,economic_subsector_peers,initiator_reversal,-0.0026855697290790108,175,206
43,3,semiconductor_adjusted_return,economic_subsector_peers,convergence,-0.00315675955646738,119,206
43,3,semiconductor_adjusted_return,economic_subsector_peers,peer_catchup,0.000627841743726434,119,206
43,3,semiconductor_adjusted_return,economic_subsector_peers,initiator_reversal,-0.003784601300193814,119,206
43,5,semiconductor_adjusted_return,economic_subsector_peers,convergence,-0.005034572236745677,83,206
43,5,semiconductor_adjusted_return,economic_subsector_peers,peer_catchup,0.0011372514458200525,83,206
43,5,semiconductor_adjusted_return,economic_subsector_peers,initiator_reversal,-0.0061718236825657295,83,206
43,10,semiconductor_adjusted_return,economic_subsector_peers,convergence,-0.005918459126795889,34,206
43,10,semiconductor_adjusted_return,economic_subsector_peers,peer_catchup,0.004387144510722647,34,206
43,10,semiconductor_adjusted_return,economic_subsector_peers,initiator_reversal,-0.010305603637518536,34,206
44,1,semiconductor_adjusted_return,economic_subsector_peers,convergence,-0.00045191507171182913,160,203
44,1,semiconductor_adjusted_return,economic_subsector_peers,peer_catchup,0.0006841016056935963,160,203
44,1,semiconductor_adjusted_return,economic_subsector_peers,initiator_reversal,-0.0011360166774054257,160,203
44,3,semiconductor_adjusted_return,economic_subsector_peers,convergence,-0.0016049035641237438,118,203
44,3,semiconductor_adjusted_return,economic_subsector_peers,peer_catchup,0.0010471469196124733,118,203
44,3,semiconductor_adjusted_return,economic_subsector_peers,initiator_reversal,-0.002652050483736219,118,203
44,5,semiconductor_adjusted_return,economic_subsector_peers,convergence,0.003896310455233017,78,203
44,5,semiconductor_adjusted_return,economic_subsector_peers,peer_catchup,0.002029320322800487,78,203
44,5,semiconductor_adjusted_return,economic_subsector_peers,initiator_reversal,0.00186699013243253,78,203
44,10,semiconductor_adjusted_return,economic_subsector_peers,convergence,0.014329349207566436,31,203
44,10,semiconductor_adjusted_return,economic_subsector_peers,peer_catchup,0.008643381318005057,31,203
44,10,semiconductor_adjusted_return,economic_subsector_peers,initiator_reversal,0.005685967889561381,31,203
45,1,semiconductor_adjusted_return,economic_subsector_peers,convergence,0.0008291074093881879,171,207
45,1,semiconductor_adjusted_return,economic_subsector_peers,peer_catchup,-0.0006948462701172985,171,207
45,1,semiconductor_adjusted_return,economic_subsector_peers,initiator_reversal,0.0015239536795054861,171,207
45,3,semiconductor_adjusted_return,economic_subsector_peers,convergence,0.001851655072259958,116,207
45,3,semiconductor_adjusted_return,economic_subsector_peers,peer_catchup,0.0008875967825036975,116,207
45,3,semiconductor_adjusted_return,economic_subsector_peers,initiator_reversal,0.0009640582897562605,116,207
45,5,semiconductor_adjusted_return,economic_subsector_peers,convergence,0.0001166600131052289,79,207
45,5,semiconductor_adjusted_return,economic_subsector_peers,peer_catchup,-0.0017983738041074445,79,207
45,5,semiconductor_adjusted_return,economic_subsector_peers,initiator_reversal,0.0019150338172126732,79,207
45,10,semiconductor_adjusted_return,economic_subsector_peers,convergence,0.0002602547112568496,38,207
45,10,semiconductor_adjusted_return,economic_subsector_peers,peer_catchup,0.00443910291837898,38,207
45,10,semiconductor_adjusted_return,economic_subsector_peers,initiator_reversal,-0.004178848207122132,38,207
46,1,semiconductor_adjusted_return,economic_subsector_peers,convergence,0.0018338403592288832,195,224
46,1,semiconductor_adjusted_return,economic_subsector_peers,peer_catchup,0.0003925121768748141,195,224
46,1,semiconductor_adjusted_return,economic_subsector_peers,initiator_reversal,0.0014413281823540693,195,224
46,3,semiconductor_adjusted_return,economic_subsector_peers,convergence,0.0010810896117589923,133,224
46,3,semiconductor_adjusted_return,economic_subsector_peers,peer_catchup,-6.088437119742074e-05,133,224
46,3,semiconductor_adjusted_return,economic_subsector_peers,initiator_reversal,0.001141973982956413,133,224
46,5,semiconductor_adjusted_return,economic_subsector_peers,convergence,-0.001282248871876974,92,224
46,5,semiconductor_adjusted_return,economic_subsector_peers,peer_catchup,-0.0014014717934810353,92,224
46,5,semiconductor_adjusted_return,economic_subsector_peers,initiator_reversal,0.00011922292160406297,92,224
46,10,semiconductor_adjusted_return,economic_subsector_peers,convergence,-0.013732366958654365,31,224
46,10,semiconductor_adjusted_return,economic_subsector_peers,peer_catchup,-0.005614248108776171,31,224
46,10,semiconductor_adjusted_return,economic_subsector_peers,initiator_reversal,-0.008118118849878194,31,224
47,1,semiconductor_adjusted_return,economic_subsector_peers,convergence,-0.0014651075130408225,171,213
47,1,semiconductor_adjusted_return,economic_subsector_peers,peer_catchup,-0.00080754508439051,171,213
47,1,semiconductor_adjusted_return,economic_subsector_peers,initiator_reversal,-0.0006575624286503126,171,213
47,3,semiconductor_adjusted_return,economic_subsector_peers,convergence,-0.00249400512121385,119,213
47,3,semiconductor_adjusted_return,economic_subsector_peers,peer_catchup,-0.0018760515129172695,119,213
47,3,semiconductor_adjusted_return,economic_subsector_peers,initiator_reversal,-0.0006179536082965805,119,213
47,5,semiconductor_adjusted_return,economic_subsector_peers,convergence,0.0019610989093399563,81,213
47,5,semiconductor_adjusted_return,economic_subsector_peers,peer_catchup,-0.0013959794098599226,81,213
47,5,semiconductor_adjusted_return,economic_subsector_peers,initiator_reversal,0.0033570783191998795,81,213
47,10,semiconductor_adjusted_return,economic_subsector_peers,convergence,0.0013093374026580255,42,213
47,10,semiconductor_adjusted_return,economic_subsector_peers,peer_catchup,0.00011217373934059185,42,213
47,10,semiconductor_adjusted_return,economic_subsector_peers,initiator_reversal,0.0011971636633174335,42,213
48,1,semiconductor_adjusted_return,economic_subsector_peers,convergence,-0.003234895479090817,143,186
48,1,semiconductor_adjusted_return,economic_subsector_peers,peer_catchup,-0.0007571258827716555,143,186
48,1,semiconductor_adjusted_return,economic_subsector_peers,initiator_reversal,-0.0024777695963191628,143,186
48,3,semiconductor_adjusted_return,economic_subsector_peers,convergence,-0.006476231542127281,99,186
48,3,semiconductor_adjusted_return,economic_subsector_peers,peer_catchup,4.023381241956486e-05,99,186
48,3,semiconductor_adjusted_return,economic_subsector_peers,initiator_reversal,-0.006516465354546845,99,186
48,5,semiconductor_adjusted_return,economic_subsector_peers,convergence,-0.005176322989326166,70,186
48,5,semiconductor_adjusted_return,economic_subsector_peers,peer_catchup,-0.002532826737861889,70,186
48,5,semiconductor_adjusted_return,economic_subsector_peers,initiator_reversal,-0.0026434962514642773,70,186
48,10,semiconductor_adjusted_return,economic_subsector_peers,convergence,-0.013308888375222752,20,186
48,10,semiconductor_adjusted_return,economic_subsector_peers,peer_catchup,-0.00025770010874105064,20,186
48,10,semiconductor_adjusted_return,economic_subsector_peers,initiator_reversal,-0.0130511882664817,20,186
49,1,semiconductor_adjusted_return,economic_subsector_peers,convergence,0.000851654195546358,160,199
49,1,semiconductor_adjusted_return,economic_subsector_peers,peer_catchup,0.0002884080858719937,160,199
49,1,semiconductor_adjusted_return,economic_subsector_peers,initiator_reversal,0.0005632461096743642,160,199
49,3,semiconductor_adjusted_return,economic_subsector_peers,convergence,0.0010330294516214507,110,199
49,3,semiconductor_adjusted_return,economic_subsector_peers,peer_catchup,0.00023066947775730745,110,199
49,3,semiconductor_adjusted_return,economic_subsector_peers,initiator_reversal,0.0008023599738641424,110,199
49,5,semiconductor_adjusted_return,economic_subsector_peers,convergence,0.0015374444930788774,80,199
49,5,semiconductor_adjusted_return,economic_subsector_peers,peer_catchup,0.001547656488329527,80,199
49,5,semiconductor_adjusted_return,economic_subsector_peers,initiator_reversal,-1.0211995250651238e-05,80,199
49,10,semiconductor_adjusted_return,economic_subsector_peers,convergence,-0.006714978021546162,27,199
49,10,semiconductor_adjusted_return,economic_subsector_peers,peer_catchup,-0.0017415359204382248,27,199
49,10,semiconductor_adjusted_return,economic_subsector_peers,initiator_reversal,-0.004973442101107935,27,199
50,1,semiconductor_adjusted_return,economic_subsector_peers,convergence,-0.0008610792060557325,177,220
50,1,semiconductor_adjusted_return,economic_subsector_peers,peer_catchup,-0.00031037591181494245,177,220
50,1,semiconductor_adjusted_return,economic_subsector_peers,initiator_reversal,-0.0005507032942407902,177,220
50,3,semiconductor_adjusted_return,economic_subsector_peers,convergence,0.006713895671790527,122,220
50,3,semiconductor_adjusted_return,economic_subsector_peers,peer_catchup,0.0021122327487703057,122,220
50,3,semiconductor_adjusted_return,economic_subsector_peers,initiator_reversal,0.004601662923020223,122,220
50,5,semiconductor_adjusted_return,economic_subsector_peers,convergence,0.001259554655103785,75,220
50,5,semiconductor_adjusted_return,economic_subsector_peers,peer_catchup,0.0033899306399591237,75,220
50,5,semiconductor_adjusted_return,economic_subsector_peers,initiator_reversal,-0.00213037598485534,75,220
50,10,semiconductor_adjusted_return,economic_subsector_peers,convergence,-0.00048021581290853246,28,220
50,10,semiconductor_adjusted_return,economic_subsector_peers,peer_catchup,0.00042876294484752174,28,220
50,10,semiconductor_adjusted_return,economic_subsector_peers,initiator_reversal,-0.0009089787577560538,28,220
51,1,semiconductor_adjusted_return,economic_subsector_peers,convergence,-0.0007724154070737513,174,216
51,1,semiconductor_adjusted_return,economic_subsector_peers,peer_catchup,-2.6428718258161394e-07,174,216
51,1,semiconductor_adjusted_return,economic_subsector_peers,initiator_reversal,-0.0007721511198911699,174,216
51,3,semiconductor_adjusted_return,economic_subsector_peers,convergence,0.0023531552683127,119,216
51,3,semiconductor_adjusted_return,economic_subsector_peers,peer_catchup,0.00019612426594949557,119,216
51,3,semiconductor_adjusted_return,economic_subsector_peers,initiator_reversal,0.002157031002363204,119,216
51,5,semiconductor_adjusted_return,economic_subsector_peers,convergence,0.007499466061304378,69,216
51,5,semiconductor_adjusted_return,economic_subsector_peers,peer_catchup,-0.0018118165619485777,69,216
51,5,semiconductor_adjusted_return,economic_subsector_peers,initiator_reversal,0.009311282623252953,69,216
51,10,semiconductor_adjusted_return,economic_subsector_peers,convergence,-0.004596547648748069,21,216
51,10,semiconductor_adjusted_return,economic_subsector_peers,peer_catchup,0.0003179644626949174,21,216
51,10,semiconductor_adjusted_return,economic_subsector_peers,initiator_reversal,-0.004914512111442985,21,216
52,1,semiconductor_adjusted_return,economic_subsector_peers,convergence,0.0007915482800165918,173,205
52,1,semiconductor_adjusted_return,economic_subsector_peers,peer_catchup,-0.0005685596686221509,173,205
52,1,semiconductor_adjusted_return,economic_subsector_peers,initiator_reversal,0.0013601079486387426,173,205
52,3,semiconductor_adjusted_return,economic_subsector_peers,convergence,0.002475309635329787,119,205
52,3,semiconductor_adjusted_return,economic_subsector_peers,peer_catchup,-3.574771398862031e-05,119,205
52,3,semiconductor_adjusted_return,economic_subsector_peers,initiator_reversal,0.0025110573493184072,119,205
52,5,semiconductor_adjusted_return,economic_subsector_peers,convergence,0.0030040291128047444,76,205
52,5,semiconductor_adjusted_return,economic_subsector_peers,peer_catchup,0.00030994880266525,76,205
52,5,semiconductor_adjusted_return,economic_subsector_peers,initiator_reversal,0.002694080310139496,76,205
52,10,semiconductor_adjusted_return,economic_subsector_peers,convergence,-0.0022719655067645755,35,205
52,10,semiconductor_adjusted_return,economic_subsector_peers,peer_catchup,-0.0002185512749312225,35,205
52,10,semiconductor_adjusted_return,economic_subsector_peers,initiator_reversal,-0.0020534142318333545,35,205
53,1,semiconductor_adjusted_return,economic_subsector_peers,convergence,-6.104921587898604e-05,165,218
53,1,semiconductor_adjusted_return,economic_subsector_peers,peer_catchup,-0.0009416312143809426,165,218
53,1,semiconductor_adjusted_return,economic_subsector_peers,initiator_reversal,0.0008805819985019566,165,218
53,3,semiconductor_adjusted_return,economic_subsector_peers,convergence,-0.000712039698438304,110,218
53,3,semiconductor_adjusted_return,economic_subsector_peers,peer_catchup,-0.0014762568311115622,110,218
53,3,semiconductor_adjusted_return,economic_subsector_peers,initiator_reversal,0.0007642171326732591,110,218
53,5,semiconductor_adjusted_return,economic_subsector_peers,convergence,0.001488872351652005,85,218
53,5,semiconductor_adjusted_return,economic_subsector_peers,peer_catchup,0.0006606058655353778,85,218
53,5,semiconductor_adjusted_return,economic_subsector_peers,initiator_reversal,0.0008282664861166266,85,218
53,10,semiconductor_adjusted_return,economic_subsector_peers,convergence,0.00033377529016212856,23,218
53,10,semiconductor_adjusted_return,economic_subsector_peers,peer_catchup,0.00014924004135408568,23,218
53,10,semiconductor_adjusted_return,economic_subsector_peers,initiator_reversal,0.0001845352488080468,23,218
54,1,semiconductor_adjusted_return,economic_subsector_peers,convergence,-0.00039320455091505454,184,217
54,1,semiconductor_adjusted_return,economic_subsector_peers,peer_catchup,-0.0008250802236095364,184,217
54,1,semiconductor_adjusted_return,economic_subsector_peers,initiator_reversal,0.0004318756726944815,184,217
54,3,semiconductor_adjusted_return,economic_subsector_peers,convergence,-0.0022322957233572903,128,217
54,3,semiconductor_adjusted_return,economic_subsector_peers,peer_catchup,0.000493949532491019,128,217
54,3,semiconductor_adjusted_return,economic_subsector_peers,initiator_reversal,-0.002726245255848309,128,217
54,5,semiconductor_adjusted_return,economic_subsector_peers,convergence,-0.002105001952910003,94,217
54,5,semiconductor_adjusted_return,economic_subsector_peers,peer_catchup,0.0016163046865861242,94,217
54,5,semiconductor_adjusted_return,economic_subsector_peers,initiator_reversal,-0.0037213066394961255,94,217
54,10,semiconductor_adjusted_return,economic_subsector_peers,convergence,-0.013908175231609716,30,217
54,10,semiconductor_adjusted_return,economic_subsector_peers,peer_catchup,-0.0009330097666738512,30,217
54,10,semiconductor_adjusted_return,economic_subsector_peers,initiator_reversal,-0.012975165464935866,30,217
55,1,semiconductor_adjusted_return,economic_subsector_peers,convergence,-0.0022723098472355726,204,233
55,1,semiconductor_adjusted_return,economic_subsector_peers,peer_catchup,-0.000524659717148247,204,233
55,1,semiconductor_adjusted_return,economic_subsector_peers,initiator_reversal,-0.0017476501300873264,204,233
55,3,semiconductor_adjusted_return,economic_subsector_peers,convergence,-0.003087772564283018,140,233
55,3,semiconductor_adjusted_return,economic_subsector_peers,peer_catchup,0.0014438617333786766,140,233
55,3,semiconductor_adjusted_return,economic_subsector_peers,initiator_reversal,-0.004531634297661694,140,233
55,5,semiconductor_adjusted_return,economic_subsector_peers,convergence,-0.003814512243668043,96,233
55,5,semiconductor_adjusted_return,economic_subsector_peers,peer_catchup,0.002474239375543273,96,233
55,5,semiconductor_adjusted_return,economic_subsector_peers,initiator_reversal,-0.006288751619211317,96,233
55,10,semiconductor_adjusted_return,economic_subsector_peers,convergence,-0.014155260807770964,24,233
55,10,semiconductor_adjusted_return,economic_subsector_peers,peer_catchup,0.004535218663453745,24,233
55,10,semiconductor_adjusted_return,economic_subsector_peers,initiator_reversal,-0.018690479471224705,24,233
56,1,semiconductor_adjusted_return,economic_subsector_peers,convergence,-0.0002629474095710221,146,178
56,1,semiconductor_adjusted_return,economic_subsector_peers,peer_catchup,0.00044703444505116933,146,178
56,1,semiconductor_adjusted_return,economic_subsector_peers,initiator_reversal,-0.0007099818546221914,146,178
56,3,semiconductor_adjusted_return,economic_subsector_peers,convergence,0.000511506960888258,96,178
56,3,semiconductor_adjusted_return,economic_subsector_peers,peer_catchup,0.00047907561235606454,96,178
56,3,semiconductor_adjusted_return,economic_subsector_peers,initiator_reversal,3.243134853219328e-05,96,178
56,5,semiconductor_adjusted_return,economic_subsector_peers,convergence,-0.003799361838881717,60,178
56,5,semiconductor_adjusted_return,economic_subsector_peers,peer_catchup,0.0009772826354980154,60,178
56,5,semiconductor_adjusted_return,economic_subsector_peers,initiator_reversal,-0.004776644474379733,60,178
56,10,semiconductor_adjusted_return,economic_subsector_peers,convergence,-0.0005948329549137681,18,178
56,10,semiconductor_adjusted_return,economic_subsector_peers,peer_catchup,-0.008152332399760908,18,178
56,10,semiconductor_adjusted_return,economic_subsector_peers,initiator_reversal,0.007557499444847137,18,178
57,1,semiconductor_adjusted_return,economic_subsector_peers,convergence,0.000641692445639705,189,217
57,1,semiconductor_adjusted_return,economic_subsector_peers,peer_catchup,0.0013283886311922265,189,217
57,1,semiconductor_adjusted_return,economic_subsector_peers,initiator_reversal,-0.0006866961855525211,189,217
57,3,semiconductor_adjusted_return,economic_subsector_peers,convergence,0.0013369723414736686,112,217
57,3,semiconductor_adjusted_return,economic_subsector_peers,peer_catchup,-8.703307802594063e-05,112,217
57,3,semiconductor_adjusted_return,economic_subsector_peers,initiator_reversal,0.001424005419499609,112,217
57,5,semiconductor_adjusted_return,economic_subsector_peers,convergence,-0.0014192020812181984,81,217
57,5,semiconductor_adjusted_return,economic_subsector_peers,peer_catchup,0.0017109569735531086,81,217
57,5,semiconductor_adjusted_return,economic_subsector_peers,initiator_reversal,-0.003130159054771307,81,217
57,10,semiconductor_adjusted_return,economic_subsector_peers,convergence,-0.009093073618892935,27,217
57,10,semiconductor_adjusted_return,economic_subsector_peers,peer_catchup,-0.0007986860362091832,27,217
57,10,semiconductor_adjusted_return,economic_subsector_peers,initiator_reversal,-0.008294387582683756,27,217
58,1,semiconductor_adjusted_return,economic_subsector_peers,convergence,8.339103815813761e-05,168,205
58,1,semiconductor_adjusted_return,economic_subsector_peers,peer_catchup,0.00035689354252554397,168,205
58,1,semiconductor_adjusted_return,economic_subsector_peers,initiator_reversal,-0.0002735025043674057,168,205
58,3,semiconductor_adjusted_return,economic_subsector_peers,convergence,-0.00022975168495392755,110,205
58,3,semiconductor_adjusted_return,economic_subsector_peers,peer_catchup,0.0007545403822508623,110,205
58,3,semiconductor_adjusted_return,economic_subsector_peers,initiator_reversal,-0.00098429206720479,110,205
58,5,semiconductor_adjusted_return,economic_subsector_peers,convergence,0.00495199744590877,76,205
58,5,semiconductor_adjusted_return,economic_subsector_peers,peer_catchup,0.00023857021183206736,76,205
58,5,semiconductor_adjusted_return,economic_subsector_peers,initiator_reversal,0.004713427234076702,76,205
58,10,semiconductor_adjusted_return,economic_subsector_peers,convergence,-0.0009136004610572301,28,205
58,10,semiconductor_adjusted_return,economic_subsector_peers,peer_catchup,-0.0026362043912562735,28,205
58,10,semiconductor_adjusted_return,economic_subsector_peers,initiator_reversal,0.0017226039301990455,28,205
59,1,semiconductor_adjusted_return,economic_subsector_peers,convergence,-0.0004978257671733677,189,222
59,1,semiconductor_adjusted_return,economic_subsector_peers,peer_catchup,-0.001574475542602557,189,222
59,1,semiconductor_adjusted_return,economic_subsector_peers,initiator_reversal,0.0010766497754291884,189,222
59,3,semiconductor_adjusted_return,economic_subsector_peers,convergence,-0.0035277704859907597,118,222
59,3,semiconductor_adjusted_return,economic_subsector_peers,peer_catchup,-0.0010430804025336447,118,222
59,3,semiconductor_adjusted_return,economic_subsector_peers,initiator_reversal,-0.002484690083457115,118,222
59,5,semiconductor_adjusted_return,economic_subsector_peers,convergence,-0.004538243144584835,89,222
59,5,semiconductor_adjusted_return,economic_subsector_peers,peer_catchup,-1.0368784359429921e-05,89,222
59,5,semiconductor_adjusted_return,economic_subsector_peers,initiator_reversal,-0.0045278743602254045,89,222
59,10,semiconductor_adjusted_return,economic_subsector_peers,convergence,-0.013147355852026974,25,222
59,10,semiconductor_adjusted_return,economic_subsector_peers,peer_catchup,-0.003548601745919753,25,222
59,10,semiconductor_adjusted_return,economic_subsector_peers,initiator_reversal,-0.009598754106107223,25,222
60,1,semiconductor_adjusted_return,economic_subsector_peers,convergence,0.001551378118449354,169,201
60,1,semiconductor_adjusted_return,economic_subsector_peers,peer_catchup,0.001631476363362242,169,201
60,1,semiconductor_adjusted_return,economic_subsector_peers,initiator_reversal,-8.009824491288822e-05,169,201
60,3,semiconductor_adjusted_return,economic_subsector_peers,convergence,0.000435610638472128,113,201
60,3,semiconductor_adjusted_return,economic_subsector_peers,peer_catchup,0.00157506417531626,113,201
60,3,semiconductor_adjusted_return,economic_subsector_peers,initiator_reversal,-0.0011394535368441324,113,201
60,5,semiconductor_adjusted_return,economic_subsector_peers,convergence,-0.00126477817258548,64,201
60,5,semiconductor_adjusted_return,economic_subsector_peers,peer_catchup,0.0007972117417024225,64,201
60,5,semiconductor_adjusted_return,economic_subsector_peers,initiator_reversal,-0.0020619899142879025,64,201
60,10,semiconductor_adjusted_return,economic_subsector_peers,convergence,0.01151125830737538,30,201
60,10,semiconductor_adjusted_return,economic_subsector_peers,peer_catchup,-0.0013647029215582659,30,201
60,10,semiconductor_adjusted_return,economic_subsector_peers,initiator_reversal,0.012875961228933648,30,201
61,1,semiconductor_adjusted_return,economic_subsector_peers,convergence,-0.00018231205225542626,204,233
61,1,semiconductor_adjusted_return,economic_subsector_peers,peer_catchup,0.0006450292725440236,204,233
61,1,semiconductor_adjusted_return,economic_subsector_peers,initiator_reversal,-0.0008273413247994496,204,233
61,3,semiconductor_adjusted_return,economic_subsector_peers,convergence,-0.002324302531438165,152,233
61,3,semiconductor_adjusted_return,economic_subsector_peers,peer_catchup,0.0011716308508910873,152,233
61,3,semiconductor_adjusted_return,economic_subsector_peers,initiator_reversal,-0.003495933382329253,152,233
61,5,semiconductor_adjusted_return,economic_subsector_peers,convergence,-0.00037252938683503636,108,233
61,5,semiconductor_adjusted_return,economic_subsector_peers,peer_catchup,0.0006098235931993884,108,233
61,5,semiconductor_adjusted_return,economic_subsector_peers,initiator_reversal,-0.0009823529800344255,108,233
61,10,semiconductor_adjusted_return,economic_subsector_peers,convergence,0.010415289205003127,49,233
61,10,semiconductor_adjusted_return,economic_subsector_peers,peer_catchup,0.0026718310967718795,49,233
61,10,semiconductor_adjusted_return,economic_subsector_peers,initiator_reversal,0.007743458108231246,49,233
62,1,semiconductor_adjusted_return,economic_subsector_peers,convergence,-0.0013249488389011229,173,226
62,1,semiconductor_adjusted_return,economic_subsector_peers,peer_catchup,0.0003466087776921416,173,226
62,1,semiconductor_adjusted_return,economic_subsector_peers,initiator_reversal,-0.0016715576165932645,173,226
62,3,semiconductor_adjusted_return,economic_subsector_peers,convergence,-0.0007878212822653789,119,226
62,3,semiconductor_adjusted_return,economic_subsector_peers,peer_catchup,0.0006959122153795255,119,226
62,3,semiconductor_adjusted_return,economic_subsector_peers,initiator_reversal,-0.0014837334976449048,119,226
62,5,semiconductor_adjusted_return,economic_subsector_peers,convergence,-0.0024119261115947794,80,226
62,5,semiconductor_adjusted_return,economic_subsector_peers,peer_catchup,0.001211591566366307,80,226
62,5,semiconductor_adjusted_return,economic_subsector_peers,initiator_reversal,-0.0036235176779610876,80,226
62,10,semiconductor_adjusted_return,economic_subsector_peers,convergence,-0.004276036273601355,31,226
62,10,semiconductor_adjusted_return,economic_subsector_peers,peer_catchup,-0.0013170007100276346,31,226
62,10,semiconductor_adjusted_return,economic_subsector_peers,initiator_reversal,-0.0029590355635737225,31,226
63,1,semiconductor_adjusted_return,economic_subsector_peers,convergence,0.0005589317804816219,156,204
63,1,semiconductor_adjusted_return,economic_subsector_peers,peer_catchup,0.0015691536467749847,156,204
63,1,semiconductor_adjusted_return,economic_subsector_peers,initiator_reversal,-0.0010102218662933627,156,204
63,3,semiconductor_adjusted_return,economic_subsector_peers,convergence,0.0038422269551208173,103,204
63,3,semiconductor_adjusted_return,economic_subsector_peers,peer_catchup,0.0008740098745962781,103,204
63,3,semiconductor_adjusted_return,economic_subsector_peers,initiator_reversal,0.00296821708052454,103,204
63,5,semiconductor_adjusted_return,economic_subsector_peers,convergence,-0.0025025072906006934,72,204
63,5,semiconductor_adjusted_return,economic_subsector_peers,peer_catchup,0.0004850237266242777,72,204
63,5,semiconductor_adjusted_return,economic_subsector_peers,initiator_reversal,-0.0029875310172249718,72,204
63,10,semiconductor_adjusted_return,economic_subsector_peers,convergence,-0.0065947324909783065,25,204
63,10,semiconductor_adjusted_return,economic_subsector_peers,peer_catchup,-0.003997076018031006,25,204
63,10,semiconductor_adjusted_return,economic_subsector_peers,initiator_reversal,-0.0025976564729472988,25,204
64,1,semiconductor_adjusted_return,economic_subsector_peers,convergence,-0.0009069689382230546,179,230
64,1,semiconductor_adjusted_return,economic_subsector_peers,peer_catchup,-0.0007520826983142386,179,230
64,1,semiconductor_adjusted_return,economic_subsector_peers,initiator_reversal,-0.00015488623990881622,179,230
64,3,semiconductor_adjusted_return,economic_subsector_peers,convergence,-0.0021125914413539174,132,230
64,3,semiconductor_adjusted_return,economic_subsector_peers,peer_catchup,-0.0009332760937257044,132,230
64,3,semiconductor_adjusted_return,economic_subsector_peers,initiator_reversal,-0.0011793153476282135,132,230
64,5,semiconductor_adjusted_return,economic_subsector_peers,convergence,-0.00487544744382462,86,230
64,5,semiconductor_adjusted_return,economic_subsector_peers,peer_catchup,-0.002768524429987337,86,230
64,5,semiconductor_adjusted_return,economic_subsector_peers,initiator_reversal,-0.0021069230138372795,86,230
64,10,semiconductor_adjusted_return,economic_subsector_peers,convergence,-0.006075057753839297,30,230
64,10,semiconductor_adjusted_return,economic_subsector_peers,peer_catchup,-0.0055946142685091875,30,230
64,10,semiconductor_adjusted_return,economic_subsector_peers,initiator_reversal,-0.00048044348533010834,30,230
65,1,semiconductor_adjusted_return,economic_subsector_peers,convergence,0.0004069773859678477,173,213
65,1,semiconductor_adjusted_return,economic_subsector_peers,peer_catchup,0.0008460409079612952,173,213
65,1,semiconductor_adjusted_return,economic_subsector_peers,initiator_reversal,-0.00043906352199344733,173,213
65,3,semiconductor_adjusted_return,economic_subsector_peers,convergence,-0.0037189823613345283,112,213
65,3,semiconductor_adjusted_return,economic_subsector_peers,peer_catchup,-0.0008282650360304146,112,213
65,3,semiconductor_adjusted_return,economic_subsector_peers,initiator_reversal,-0.0028907173253041136,112,213
65,5,semiconductor_adjusted_return,economic_subsector_peers,convergence,-0.0033196535198521406,78,213
65,5,semiconductor_adjusted_return,economic_subsector_peers,peer_catchup,0.0005688464651884192,78,213
65,5,semiconductor_adjusted_return,economic_subsector_peers,initiator_reversal,-0.0038884999850405597,78,213
65,10,semiconductor_adjusted_return,economic_subsector_peers,convergence,-0.012504286658635145,34,213
65,10,semiconductor_adjusted_return,economic_subsector_peers,peer_catchup,-0.0009354269685607502,34,213
65,10,semiconductor_adjusted_return,economic_subsector_peers,initiator_reversal,-0.011568859690074396,34,213
66,1,semiconductor_adjusted_return,economic_subsector_peers,convergence,0.000627993093899527,215,244
66,1,semiconductor_adjusted_return,economic_subsector_peers,peer_catchup,-0.00033334748039330083,215,244
66,1,semiconductor_adjusted_return,economic_subsector_peers,initiator_reversal,0.0009613405742928282,215,244
66,3,semiconductor_adjusted_return,economic_subsector_peers,convergence,0.001804724311107092,160,244
66,3,semiconductor_adjusted_return,economic_subsector_peers,peer_catchup,-0.002687034233498079,160,244
66,3,semiconductor_adjusted_return,economic_subsector_peers,initiator_reversal,0.00449175854460517,160,244
66,5,semiconductor_adjusted_return,economic_subsector_peers,convergence,0.0006236668666561784,114,244
66,5,semiconductor_adjusted_return,economic_subsector_peers,peer_catchup,0.0006070865434548227,114,244
66,5,semiconductor_adjusted_return,economic_subsector_peers,initiator_reversal,1.6580323201356504e-05,114,244
66,10,semiconductor_adjusted_return,economic_subsector_peers,convergence,0.0012586859620902645,40,244
66,10,semiconductor_adjusted_return,economic_subsector_peers,peer_catchup,0.003068530580553981,40,244
66,10,semiconductor_adjusted_return,economic_subsector_peers,initiator_reversal,-0.001809844618463717,40,244
67,1,semiconductor_adjusted_return,economic_subsector_peers,convergence,0.002644549598920542,165,202
67,1,semiconductor_adjusted_return,economic_subsector_peers,peer_catchup,0.0004150475220758505,165,202
67,1,semiconductor_adjusted_return,economic_subsector_peers,initiator_reversal,0.0022295020768446916,165,202
67,3,semiconductor_adjusted_return,economic_subsector_peers,convergence,0.003558731201090393,108,202
67,3,semiconductor_adjusted_return,economic_subsector_peers,peer_catchup,0.001885679761902379,108,202
67,3,semiconductor_adjusted_return,economic_subsector_peers,initiator_reversal,0.0016730514391880146,108,202
67,5,semiconductor_adjusted_return,economic_subsector_peers,convergence,0.0017826051248897305,79,202
67,5,semiconductor_adjusted_return,economic_subsector_peers,peer_catchup,0.0009565353039332322,79,202
67,5,semiconductor_adjusted_return,economic_subsector_peers,initiator_reversal,0.0008260698209564993,79,202
67,10,semiconductor_adjusted_return,economic_subsector_peers,convergence,0.002181795092268496,28,202
67,10,semiconductor_adjusted_return,economic_subsector_peers,peer_catchup,0.002375698316637902,28,202
67,10,semiconductor_adjusted_return,economic_subsector_peers,initiator_reversal,-0.00019390322436940597,28,202
68,1,semiconductor_adjusted_return,economic_subsector_peers,convergence,-0.0008226028851382441,172,205
68,1,semiconductor_adjusted_return,economic_subsector_peers,peer_catchup,0.000860717644668671,172,205
68,1,semiconductor_adjusted_return,economic_subsector_peers,initiator_reversal,-0.0016833205298069152,172,205
68,3,semiconductor_adjusted_return,economic_subsector_peers,convergence,0.0004623810937939462,104,205
68,3,semiconductor_adjusted_return,economic_subsector_peers,peer_catchup,0.0015410515264986425,104,205
68,3,semiconductor_adjusted_return,economic_subsector_peers,initiator_reversal,-0.0010786704327046984,104,205
68,5,semiconductor_adjusted_return,economic_subsector_peers,convergence,0.006853941075465199,81,205
68,5,semiconductor_adjusted_return,economic_subsector_peers,peer_catchup,0.0025966287819269543,81,205
68,5,semiconductor_adjusted_return,economic_subsector_peers,initiator_reversal,0.004257312293538244,81,205
68,10,semiconductor_adjusted_return,economic_subsector_peers,convergence,0.001249703367132767,30,205
68,10,semiconductor_adjusted_return,economic_subsector_peers,peer_catchup,-0.009921827247936459,30,205
68,10,semiconductor_adjusted_return,economic_subsector_peers,initiator_reversal,0.011171530615069229,30,205
69,1,semiconductor_adjusted_return,economic_subsector_peers,convergence,0.0015346664753626035,182,208
69,1,semiconductor_adjusted_return,economic_subsector_peers,peer_catchup,0.00016609978023858816,182,208
69,1,semiconductor_adjusted_return,economic_subsector_peers,initiator_reversal,0.0013685666951240149,182,208
69,3,semiconductor_adjusted_return,economic_subsector_peers,convergence,0.006637951570580654,113,208
69,3,semiconductor_adjusted_return,economic_subsector_peers,peer_catchup,0.0008069187111140344,113,208
69,3,semiconductor_adjusted_return,economic_subsector_peers,initiator_reversal,0.005831032859466621,113,208
69,5,semiconductor_adjusted_return,economic_subsector_peers,convergence,0.00917331754614672,86,208
69,5,semiconductor_adjusted_return,economic_subsector_peers,peer_catchup,6.276135797286255e-05,86,208
69,5,semiconductor_adjusted_return,economic_subsector_peers,initiator_reversal,0.009110556188173857,86,208
69,10,semiconductor_adjusted_return,economic_subsector_peers,convergence,0.010328066377593217,37,208
69,10,semiconductor_adjusted_return,economic_subsector_peers,peer_catchup,-0.010457093229319297,37,208
69,10,semiconductor_adjusted_return,economic_subsector_peers,initiator_reversal,0.020785159606912514,37,208
70,1,semiconductor_adjusted_return,economic_subsector_peers,convergence,0.0018654497823499545,183,222
70,1,semiconductor_adjusted_return,economic_subsector_peers,peer_catchup,-0.0002462552373980353,183,222
70,1,semiconductor_adjusted_return,economic_subsector_peers,initiator_reversal,0.0021117050197479903,183,222
70,3,semiconductor_adjusted_return,economic_subsector_peers,convergence,0.0030781569486435676,122,222
70,3,semiconductor_adjusted_return,economic_subsector_peers,peer_catchup,0.0015459888556766132,122,222
70,3,semiconductor_adjusted_return,economic_subsector_peers,initiator_reversal,0.001532168092966954,122,222
70,5,semiconductor_adjusted_return,economic_subsector_peers,convergence,-0.0014442464622324014,93,222
70,5,semiconductor_adjusted_return,economic_subsector_peers,peer_catchup,0.002340671983699754,93,222
70,5,semiconductor_adjusted_return,economic_subsector_peers,initiator_reversal,-0.003784918445932155,93,222
70,10,semiconductor_adjusted_return,economic_subsector_peers,convergence,-0.021478776461950087,35,222
70,10,semiconductor_adjusted_return,economic_subsector_peers,peer_catchup,0.0028596351212432903,35,222
70,10,semiconductor_adjusted_return,economic_subsector_peers,initiator_reversal,-0.024338411583193383,35,222
71,1,semiconductor_adjusted_return,economic_subsector_peers,convergence,0.0007346045311784117,185,218
71,1,semiconductor_adjusted_return,economic_subsector_peers,peer_catchup,-0.0015323714583335367,185,218
71,1,semiconductor_adjusted_return,economic_subsector_peers,initiator_reversal,0.002266975989511948,185,218
71,3,semiconductor_adjusted_return,economic_subsector_peers,convergence,0.0021041146372397547,131,218
71,3,semiconductor_adjusted_return,economic_subsector_peers,peer_catchup,0.0013304613321204553,131,218
71,3,semiconductor_adjusted_return,economic_subsector_peers,initiator_reversal,0.0007736533051192989,131,218
71,5,semiconductor_adjusted_return,economic_subsector_peers,convergence,0.0009940262436342385,87,218
71,5,semiconductor_adjusted_return,economic_subsector_peers,peer_catchup,-0.0017410455717909743,87,218
71,5,semiconductor_adjusted_return,economic_subsector_peers,initiator_reversal,0.002735071815425213,87,218
71,10,semiconductor_adjusted_return,economic_subsector_peers,convergence,0.0003517171348490982,27,218
71,10,semiconductor_adjusted_return,economic_subsector_peers,peer_catchup,-0.007561760327910121,27,218
71,10,semiconductor_adjusted_return,economic_subsector_peers,initiator_reversal,0.007913477462759215,27,218
72,1,semiconductor_adjusted_return,economic_subsector_peers,convergence,-2.161235094867542e-05,215,239
72,1,semiconductor_adjusted_return,economic_subsector_peers,peer_catchup,0.0007244210263005544,215,239
72,1,semiconductor_adjusted_return,economic_subsector_peers,initiator_reversal,-0.00074603337724923,215,239
72,3,semiconductor_adjusted_return,economic_subsector_peers,convergence,0.0008327057292540092,143,239
72,3,semiconductor_adjusted_return,economic_subsector_peers,peer_catchup,-0.0003545613974117756,143,239
72,3,semiconductor_adjusted_return,economic_subsector_peers,initiator_reversal,0.0011872671266657854,143,239
72,5,semiconductor_adjusted_return,economic_subsector_peers,convergence,0.006883201525722467,80,239
72,5,semiconductor_adjusted_return,economic_subsector_peers,peer_catchup,0.0026303368673408576,80,239
72,5,semiconductor_adjusted_return,economic_subsector_peers,initiator_reversal,0.004252864658381609,80,239
72,10,semiconductor_adjusted_return,economic_subsector_peers,convergence,-0.008300053677862289,24,239
72,10,semiconductor_adjusted_return,economic_subsector_peers,peer_catchup,-0.001615704663315327,24,239
72,10,semiconductor_adjusted_return,economic_subsector_peers,initiator_reversal,-0.006684349014546963,24,239
73,1,semiconductor_adjusted_return,economic_subsector_peers,convergence,-0.0005322655507168153,151,178
73,1,semiconductor_adjusted_return,economic_subsector_peers,peer_catchup,-0.00045982862694071794,151,178
73,1,semiconductor_adjusted_return,economic_subsector_peers,initiator_reversal,-7.24369237760975e-05,151,178
73,3,semiconductor_adjusted_return,economic_subsector_peers,convergence,-0.0005950051209285603,94,178
73,3,semiconductor_adjusted_return,economic_subsector_peers,peer_catchup,-0.0016518866234099528,94,178
73,3,semiconductor_adjusted_return,economic_subsector_peers,initiator_reversal,0.0010568815024813917,94,178
73,5,semiconductor_adjusted_return,economic_subsector_peers,convergence,0.008050038118504388,62,178
73,5,semiconductor_adjusted_return,economic_subsector_peers,peer_catchup,-0.0016847437810869278,62,178
73,5,semiconductor_adjusted_return,economic_subsector_peers,initiator_reversal,0.009734781899591314,62,178
73,10,semiconductor_adjusted_return,economic_subsector_peers,convergence,0.011513712702876119,26,178
73,10,semiconductor_adjusted_return,economic_subsector_peers,peer_catchup,-0.0026476483009086867,26,178
73,10,semiconductor_adjusted_return,economic_subsector_peers,initiator_reversal,0.014161361003784808,26,178
74,1,semiconductor_adjusted_return,economic_subsector_peers,convergence,0.000505189599517071,183,220
74,1,semiconductor_adjusted_return,economic_subsector_peers,peer_catchup,0.0001729157363555569,183,220
74,1,semiconductor_adjusted_return,economic_subsector_peers,initiator_reversal,0.00033227386316151455,183,220
74,3,semiconductor_adjusted_return,economic_subsector_peers,convergence,0.006147732046602328,136,220
74,3,semiconductor_adjusted_return,economic_subsector_peers,peer_catchup,0.00032203273138695017,136,220
74,3,semiconductor_adjusted_return,economic_subsector_peers,initiator_reversal,0.005825699315215378,136,220
74,5,semiconductor_adjusted_return,economic_subsector_peers,convergence,-9.793213788832785e-05,103,220
74,5,semiconductor_adjusted_return,economic_subsector_peers,peer_catchup,-0.0008512833010673125,103,220
74,5,semiconductor_adjusted_return,economic_subsector_peers,initiator_reversal,0.0007533511631789846,103,220
74,10,semiconductor_adjusted_return,economic_subsector_peers,convergence,0.004712524094021162,44,220
74,10,semiconductor_adjusted_return,economic_subsector_peers,peer_catchup,-0.0017359810013071186,44,220
74,10,semiconductor_adjusted_return,economic_subsector_peers,initiator_reversal,0.006448505095328281,44,220
75,1,semiconductor_adjusted_return,economic_subsector_peers,convergence,-0.0011217789134352364,168,197
75,1,semiconductor_adjusted_return,economic_subsector_peers,peer_catchup,0.0008648206964241032,168,197
75,1,semiconductor_adjusted_return,economic_subsector_peers,initiator_reversal,-0.001986599609859339,168,197
75,3,semiconductor_adjusted_return,economic_subsector_peers,convergence,-0.003750263380087212,126,197
75,3,semiconductor_adjusted_return,economic_subsector_peers,peer_catchup,0.0004489695185511212,126,197
75,3,semiconductor_adjusted_return,economic_subsector_peers,initiator_reversal,-0.004199232898638333,126,197
75,5,semiconductor_adjusted_return,economic_subsector_peers,convergence,-0.0026015115640466344,91,197
75,5,semiconductor_adjusted_return,economic_subsector_peers,peer_catchup,-0.0005258096934322959,91,197
75,5,semiconductor_adjusted_return,economic_subsector_peers,initiator_reversal,-0.0020757018706143394,91,197
75,10,semiconductor_adjusted_return,economic_subsector_peers,convergence,-0.014747528078526301,40,197
75,10,semiconductor_adjusted_return,economic_subsector_peers,peer_catchup,-0.005730716555018232,40,197
75,10,semiconductor_adjusted_return,economic_subsector_peers,initiator_reversal,-0.009016811523508068,40,197
76,1,semiconductor_adjusted_return,economic_subsector_peers,convergence,0.0009000893137354937,162,196
76,1,semiconductor_adjusted_return,economic_subsector_peers,peer_catchup,-0.00036964072316058666,162,196
76,1,semiconductor_adjusted_return,economic_subsector_peers,initiator_reversal,0.00126973003689608,162,196
76,3,semiconductor_adjusted_return,economic_subsector_peers,convergence,0.0007118778581692645,118,196
76,3,semiconductor_adjusted_return,economic_subsector_peers,peer_catchup,-0.0006947889473548671,118,196
76,3,semiconductor_adjusted_return,economic_subsector_peers,initiator_reversal,0.0014066668055241318,118,196
76,5,semiconductor_adjusted_return,economic_subsector_peers,convergence,-0.008004754863867323,88,196
76,5,semiconductor_adjusted_return,economic_subsector_peers,peer_catchup,-0.000772574110731025,88,196
76,5,semiconductor_adjusted_return,economic_subsector_peers,initiator_reversal,-0.007232180753136298,88,196
76,10,semiconductor_adjusted_return,economic_subsector_peers,convergence,-0.016317804171697443,30,196
76,10,semiconductor_adjusted_return,economic_subsector_peers,peer_catchup,-0.008120851511570163,30,196
76,10,semiconductor_adjusted_return,economic_subsector_peers,initiator_reversal,-0.008196952660127281,30,196
77,1,semiconductor_adjusted_return,economic_subsector_peers,convergence,-0.00037805793349577303,172,203
77,1,semiconductor_adjusted_return,economic_subsector_peers,peer_catchup,0.0006588040518635268,172,203
77,1,semiconductor_adjusted_return,economic_subsector_peers,initiator_reversal,-0.0010368619853593,172,203
77,3,semiconductor_adjusted_return,economic_subsector_peers,convergence,-0.0017430181199157566,112,203
77,3,semiconductor_adjusted_return,economic_subsector_peers,peer_catchup,0.0007849180479187605,112,203
77,3,semiconductor_adjusted_return,economic_subsector_peers,initiator_reversal,-0.0025279361678345173,112,203
77,5,semiconductor_adjusted_return,economic_subsector_peers,convergence,-0.00011635837699503605,76,203
77,5,semiconductor_adjusted_return,economic_subsector_peers,peer_catchup,0.0031666674086639974,76,203
77,5,semiconductor_adjusted_return,economic_subsector_peers,initiator_reversal,-0.003283025785659034,76,203
77,10,semiconductor_adjusted_return,economic_subsector_peers,convergence,-0.00143701285179715,28,203
77,10,semiconductor_adjusted_return,economic_subsector_peers,peer_catchup,0.012865657312140663,28,203
77,10,semiconductor_adjusted_return,economic_subsector_peers,initiator_reversal,-0.014302670163937813,28,203
78,1,semiconductor_adjusted_return,economic_subsector_peers,convergence,-0.00014015477142641423,181,207
78,1,semiconductor_adjusted_return,economic_subsector_peers,peer_catchup,0.000897694845285785,181,207
78,1,semiconductor_adjusted_return,economic_subsector_peers,initiator_reversal,-0.0010378496167121989,181,207
78,3,semiconductor_adjusted_return,economic_subsector_peers,convergence,0.0015219810187781671,126,207
78,3,semiconductor_adjusted_return,economic_subsector_peers,peer_catchup,0.0020582240740038226,126,207
78,3,semiconductor_adjusted_return,economic_subsector_peers,initiator_reversal,-0.000536243055225655,126,207
78,5,semiconductor_adjusted_return,economic_subsector_peers,convergence,0.0018565944438643002,91,207
78,5,semiconductor_adjusted_return,economic_subsector_peers,peer_catchup,0.0031552240676301865,91,207
78,5,semiconductor_adjusted_return,economic_subsector_peers,initiator_reversal,-0.0012986296237658874,91,207
78,10,semiconductor_adjusted_return,economic_subsector_peers,convergence,-0.005345685466376706,27,207
78,10,semiconductor_adjusted_return,economic_subsector_peers,peer_catchup,0.0024673883946738947,27,207
78,10,semiconductor_adjusted_return,economic_subsector_peers,initiator_reversal,-0.0078130738610506,27,207
79,1,semiconductor_adjusted_return,economic_subsector_peers,convergence,0.0005337876294020002,184,219
79,1,semiconductor_adjusted_return,economic_subsector_peers,peer_catchup,-0.0001244614579652749,184,219
79,1,semiconductor_adjusted_return,economic_subsector_peers,initiator_reversal,0.0006582490873672752,184,219
79,3,semiconductor_adjusted_return,economic_subsector_peers,convergence,0.00157088293279149,114,219
79,3,semiconductor_adjusted_return,economic_subsector_peers,peer_catchup,-0.0006199588547688368,114,219
79,3,semiconductor_adjusted_return,economic_subsector_peers,initiator_reversal,0.0021908417875603266,114,219
79,5,semiconductor_adjusted_return,economic_subsector_peers,convergence,0.0019759982688884164,63,219
79,5,semiconductor_adjusted_return,economic_subsector_peers,peer_catchup,0.0029186288617111264,63,219
79,5,semiconductor_adjusted_return,economic_subsector_peers,initiator_reversal,-0.0009426305928227119,63,219
79,10,semiconductor_adjusted_return,economic_subsector_peers,convergence,0.010725716802504363,19,219
79,10,semiconductor_adjusted_return,economic_subsector_peers,peer_catchup,0.003633370528452394,19,219
79,10,semiconductor_adjusted_return,economic_subsector_peers,initiator_reversal,0.007092346274051969,19,219
80,1,semiconductor_adjusted_return,economic_subsector_peers,convergence,-0.0017252763654349418,194,231
80,1,semiconductor_adjusted_return,economic_subsector_peers,peer_catchup,3.291985525134557e-05,194,231
80,1,semiconductor_adjusted_return,economic_subsector_peers,initiator_reversal,-0.001758196220686287,194,231
80,3,semiconductor_adjusted_return,economic_subsector_peers,convergence,-0.0022018344007920768,122,231
80,3,semiconductor_adjusted_return,economic_subsector_peers,peer_catchup,0.00036186816189031045,122,231
80,3,semiconductor_adjusted_return,economic_subsector_peers,initiator_reversal,-0.002563702562682387,122,231
80,5,semiconductor_adjusted_return,economic_subsector_peers,convergence,0.0037268398341709654,73,231
80,5,semiconductor_adjusted_return,economic_subsector_peers,peer_catchup,0.0012057027090193622,73,231
80,5,semiconductor_adjusted_return,economic_subsector_peers,initiator_reversal,0.002521137125151602,73,231
80,10,semiconductor_adjusted_return,economic_subsector_peers,convergence,0.009101175023439524,32,231
80,10,semiconductor_adjusted_return,economic_subsector_peers,peer_catchup,0.0008857672644310226,32,231
80,10,semiconductor_adjusted_return,economic_subsector_peers,initiator_reversal,0.008215407759008501,32,231
81,1,semiconductor_adjusted_return,economic_subsector_peers,convergence,-0.0016481378602454019,201,234
81,1,semiconductor_adjusted_return,economic_subsector_peers,peer_catchup,-0.00016901066577145807,201,234
81,1,semiconductor_adjusted_return,economic_subsector_peers,initiator_reversal,-0.0014791271944739437,201,234
81,3,semiconductor_adjusted_return,economic_subsector_peers,convergence,-0.0032072051782557247,129,234
81,3,semiconductor_adjusted_return,economic_subsector_peers,peer_catchup,-0.0003743762286144104,129,234
81,3,semiconductor_adjusted_return,economic_subsector_peers,initiator_reversal,-0.0028328289496413134,129,234
81,5,semiconductor_adjusted_return,economic_subsector_peers,convergence,-0.003260403424871439,67,234
81,5,semiconductor_adjusted_return,economic_subsector_peers,peer_catchup,0.0019644366253897417,67,234
81,5,semiconductor_adjusted_return,economic_subsector_peers,initiator_reversal,-0.005224840050261181,67,234
81,10,semiconductor_adjusted_return,economic_subsector_peers,convergence,0.002193874723740987,36,234
81,10,semiconductor_adjusted_return,economic_subsector_peers,peer_catchup,0.002256208899291764,36,234
81,10,semiconductor_adjusted_return,economic_subsector_peers,initiator_reversal,-6.233417555077677e-05,36,234
82,1,semiconductor_adjusted_return,economic_subsector_peers,convergence,-0.0014603989947005011,178,220
82,1,semiconductor_adjusted_return,economic_subsector_peers,peer_catchup,-0.000661592924701887,178,220
82,1,semiconductor_adjusted_return,economic_subsector_peers,initiator_reversal,-0.0007988060699986139,178,220
82,3,semiconductor_adjusted_return,economic_subsector_peers,convergence,-0.0020037706255939636,115,220
82,3,semiconductor_adjusted_return,economic_subsector_peers,peer_catchup,-0.0028000649714878772,115,220
82,3,semiconductor_adjusted_return,economic_subsector_peers,initiator_reversal,0.0007962943458939134,115,220
82,5,semiconductor_adjusted_return,economic_subsector_peers,convergence,-0.006726508524403779,80,220
82,5,semiconductor_adjusted_return,economic_subsector_peers,peer_catchup,-0.0027415921976735166,80,220
82,5,semiconductor_adjusted_return,economic_subsector_peers,initiator_reversal,-0.003984916326730263,80,220
82,10,semiconductor_adjusted_return,economic_subsector_peers,convergence,-0.0010307325878373093,32,220
82,10,semiconductor_adjusted_return,economic_subsector_peers,peer_catchup,0.0014633460574644207,32,220
82,10,semiconductor_adjusted_return,economic_subsector_peers,initiator_reversal,-0.0024940786453017316,32,220
83,1,semiconductor_adjusted_return,economic_subsector_peers,convergence,0.0009491937609057295,156,199
83,1,semiconductor_adjusted_return,economic_subsector_peers,peer_catchup,0.00018358618799425226,156,199
83,1,semiconductor_adjusted_return,economic_subsector_peers,initiator_reversal,0.0007656075729114778,156,199
83,3,semiconductor_adjusted_return,economic_subsector_peers,convergence,-0.0038244667641183735,114,199
83,3,semiconductor_adjusted_return,economic_subsector_peers,peer_catchup,-0.0009758277640918544,114,199
83,3,semiconductor_adjusted_return,economic_subsector_peers,initiator_reversal,-0.0028486390000265187,114,199
83,5,semiconductor_adjusted_return,economic_subsector_peers,convergence,-0.011147971789253258,86,199
83,5,semiconductor_adjusted_return,economic_subsector_peers,peer_catchup,-0.0004632289655107485,86,199
83,5,semiconductor_adjusted_return,economic_subsector_peers,initiator_reversal,-0.01068474282374251,86,199
83,10,semiconductor_adjusted_return,economic_subsector_peers,convergence,-0.01732518913611105,26,199
83,10,semiconductor_adjusted_return,economic_subsector_peers,peer_catchup,-0.00012265839194540174,26,199
83,10,semiconductor_adjusted_return,economic_subsector_peers,initiator_reversal,-0.01720253074416565,26,199
84,1,semiconductor_adjusted_return,economic_subsector_peers,convergence,0.0015617019090987084,184,217
84,1,semiconductor_adjusted_return,economic_subsector_peers,peer_catchup,-0.0006734471834644086,184,217
84,1,semiconductor_adjusted_return,economic_subsector_peers,initiator_reversal,0.002235149092563117,184,217
84,3,semiconductor_adjusted_return,economic_subsector_peers,convergence,0.002993560495478804,132,217
84,3,semiconductor_adjusted_return,economic_subsector_peers,peer_catchup,-0.001148495032752546,132,217
84,3,semiconductor_adjusted_return,economic_subsector_peers,initiator_reversal,0.004142055528231349,132,217
84,5,semiconductor_adjusted_return,economic_subsector_peers,convergence,0.005617773338764801,77,217
84,5,semiconductor_adjusted_return,economic_subsector_peers,peer_catchup,-0.0012384116111767828,77,217
84,5,semiconductor_adjusted_return,economic_subsector_peers,initiator_reversal,0.006856184949941583,77,217
84,10,semiconductor_adjusted_return,economic_subsector_peers,convergence,0.001795761495811986,30,217
84,10,semiconductor_adjusted_return,economic_subsector_peers,peer_catchup,-0.0016821037978293593,30,217
84,10,semiconductor_adjusted_return,economic_subsector_peers,initiator_reversal,0.0034778652936413423,30,217
85,1,semiconductor_adjusted_return,economic_subsector_peers,convergence,-0.0003016675413308385,165,203
85,1,semiconductor_adjusted_return,economic_subsector_peers,peer_catchup,-0.0007174539078989078,165,203
85,1,semiconductor_adjusted_return,economic_subsector_peers,initiator_reversal,0.00041578636656806905,165,203
85,3,semiconductor_adjusted_return,economic_subsector_peers,convergence,-0.0013631470564831054,119,203
85,3,semiconductor_adjusted_return,economic_subsector_peers,peer_catchup,-9.469767921282202e-05,119,203
85,3,semiconductor_adjusted_return,economic_subsector_peers,initiator_reversal,-0.0012684493772702828,119,203
85,5,semiconductor_adjusted_return,economic_subsector_peers,convergence,0.0004933835387126488,89,203
85,5,semiconductor_adjusted_return,economic_subsector_peers,peer_catchup,-0.0004218380024734843,89,203
85,5,semiconductor_adjusted_return,economic_subsector_peers,initiator_reversal,0.0009152215411861338,89,203
85,10,semiconductor_adjusted_return,economic_subsector_peers,convergence,0.006953230289284508,29,203
85,10,semiconductor_adjusted_return,economic_subsector_peers,peer_catchup,0.0019871830581497793,29,203
85,10,semiconductor_adjusted_return,economic_subsector_peers,initiator_reversal,0.00496604723113473,29,203
86,1,semiconductor_adjusted_return,economic_subsector_peers,convergence,-0.0005868945206105778,175,217
86,1,semiconductor_adjusted_return,economic_subsector_peers,peer_catchup,1.6653355061300444e-05,175,217
86,1,semiconductor_adjusted_return,economic_subsector_peers,initiator_reversal,-0.0006035478756718786,175,217
86,3,semiconductor_adjusted_return,economic_subsector_peers,convergence,-0.002929917728634691,122,217
86,3,semiconductor_adjusted_return,economic_subsector_peers,peer_catchup,0.0009413821324017423,122,217
86,3,semiconductor_adjusted_return,economic_subsector_peers,initiator_reversal,-0.0038712998610364335,122,217
86,5,semiconductor_adjusted_return,economic_subsector_peers,convergence,-0.008119373045827515,78,217
86,5,semiconductor_adjusted_return,economic_subsector_peers,peer_catchup,-0.0038383772671662245,78,217
86,5,semiconductor_adjusted_return,economic_subsector_peers,initiator_reversal,-0.00428099577866129,78,217
86,10,semiconductor_adjusted_return,economic_subsector_peers,convergence,-0.01595390767952774,25,217
86,10,semiconductor_adjusted_return,economic_subsector_peers,peer_catchup,-0.0010552143638173591,25,217
86,10,semiconductor_adjusted_return,economic_subsector_peers,initiator_reversal,-0.014898693315710379,25,217
87,1,semiconductor_adjusted_return,economic_subsector_peers,convergence,-5.95347649187822e-05,159,196
87,1,semiconductor_adjusted_return,economic_subsector_peers,peer_catchup,-0.0005188800048211986,159,196
87,1,semiconductor_adjusted_return,economic_subsector_peers,initiator_reversal,0.0004593452399024165,159,196
87,3,semiconductor_adjusted_return,economic_subsector_peers,convergence,-0.0022886283965181634,105,196
87,3,semiconductor_adjusted_return,economic_subsector_peers,peer_catchup,-0.0008781248796806483,105,196
87,3,semiconductor_adjusted_return,economic_subsector_peers,initiator_reversal,-0.0014105035168375149,105,196
87,5,semiconductor_adjusted_return,economic_subsector_peers,convergence,-0.000685025270958232,69,196
87,5,semiconductor_adjusted_return,economic_subsector_peers,peer_catchup,-0.0035407546602304967,69,196
87,5,semiconductor_adjusted_return,economic_subsector_peers,initiator_reversal,0.0028557293892722633,69,196
87,10,semiconductor_adjusted_return,economic_subsector_peers,convergence,-0.008255855524957155,30,196
87,10,semiconductor_adjusted_return,economic_subsector_peers,peer_catchup,0.0003352687346818085,30,196
87,10,semiconductor_adjusted_return,economic_subsector_peers,initiator_reversal,-0.008591124259638963,30,196
88,1,semiconductor_adjusted_return,economic_subsector_peers,convergence,-0.0006781879613988072,184,218
88,1,semiconductor_adjusted_return,economic_subsector_peers,peer_catchup,-0.0004592983057347299,184,218
88,1,semiconductor_adjusted_return,economic_subsector_peers,initiator_reversal,-0.00021888965566407682,184,218
88,3,semiconductor_adjusted_return,economic_subsector_peers,convergence,0.002036053497079005,117,218
88,3,semiconductor_adjusted_return,economic_subsector_peers,peer_catchup,0.000504158696810814,117,218
88,3,semiconductor_adjusted_return,economic_subsector_peers,initiator_reversal,0.0015318948002681911,117,218
88,5,semiconductor_adjusted_return,economic_subsector_peers,convergence,7.695956688308636e-05,80,218
88,5,semiconductor_adjusted_return,economic_subsector_peers,peer_catchup,-0.0014966261018839505,80,218
88,5,semiconductor_adjusted_return,economic_subsector_peers,initiator_reversal,0.0015735856687670365,80,218
88,10,semiconductor_adjusted_return,economic_subsector_peers,convergence,-0.004863235512565151,31,218
88,10,semiconductor_adjusted_return,economic_subsector_peers,peer_catchup,-0.004442153672286482,31,218
88,10,semiconductor_adjusted_return,economic_subsector_peers,initiator_reversal,-0.0004210818402786689,31,218
89,1,semiconductor_adjusted_return,economic_subsector_peers,convergence,-0.0008645209971868769,166,206
89,1,semiconductor_adjusted_return,economic_subsector_peers,peer_catchup,-0.00018135662330387027,166,206
89,1,semiconductor_adjusted_return,economic_subsector_peers,initiator_reversal,-0.000683164373883007,166,206
89,3,semiconductor_adjusted_return,economic_subsector_peers,convergence,-0.004042004112779754,118,206
89,3,semiconductor_adjusted_return,economic_subsector_peers,peer_catchup,-0.0010971651245334046,118,206
89,3,semiconductor_adjusted_return,economic_subsector_peers,initiator_reversal,-0.002944838988246349,118,206
89,5,semiconductor_adjusted_return,economic_subsector_peers,convergence,-0.0021021678784861777,77,206
89,5,semiconductor_adjusted_return,economic_subsector_peers,peer_catchup,-0.002516678769773471,77,206
89,5,semiconductor_adjusted_return,economic_subsector_peers,initiator_reversal,0.00041451089128729396,77,206
89,10,semiconductor_adjusted_return,economic_subsector_peers,convergence,-0.003502725418875674,35,206
89,10,semiconductor_adjusted_return,economic_subsector_peers,peer_catchup,-0.0011809033967923517,35,206
89,10,semiconductor_adjusted_return,economic_subsector_peers,initiator_reversal,-0.002321822022083323,35,206
90,1,semiconductor_adjusted_return,economic_subsector_peers,convergence,8.293715140853933e-05,171,201
90,1,semiconductor_adjusted_return,economic_subsector_peers,peer_catchup,-0.0003993746128549629,171,201
90,1,semiconductor_adjusted_return,economic_subsector_peers,initiator_reversal,0.00048231176426350196,171,201
90,3,semiconductor_adjusted_return,economic_subsector_peers,convergence,-0.005503324099225351,116,201
90,3,semiconductor_adjusted_return,economic_subsector_peers,peer_catchup,9.286411939650466e-05,116,201
90,3,semiconductor_adjusted_return,economic_subsector_peers,initiator_reversal,-0.005596188218621858,116,201
90,5,semiconductor_adjusted_return,economic_subsector_peers,convergence,-0.00652859725531248,81,201
90,5,semiconductor_adjusted_return,economic_subsector_peers,peer_catchup,-0.0001738827519667039,81,201
90,5,semiconductor_adjusted_return,economic_subsector_peers,initiator_reversal,-0.006354714503345775,81,201
90,10,semiconductor_adjusted_return,economic_subsector_peers,convergence,-0.005107661053517535,36,201
90,10,semiconductor_adjusted_return,economic_subsector_peers,peer_catchup,-0.0026292373746540057,36,201
90,10,semiconductor_adjusted_return,economic_subsector_peers,initiator_reversal,-0.00247842367886353,36,201
91,1,semiconductor_adjusted_return,economic_subsector_peers,convergence,0.0005455532042667613,169,206
91,1,semiconductor_adjusted_return,economic_subsector_peers,peer_catchup,-0.0013747144200883382,169,206
91,1,semiconductor_adjusted_return,economic_subsector_peers,initiator_reversal,0.0019202676243550998,169,206
91,3,semiconductor_adjusted_return,economic_subsector_peers,convergence,-0.004092875853989171,110,206
91,3,semiconductor_adjusted_return,economic_subsector_peers,peer_catchup,-0.001427261583661407,110,206
91,3,semiconductor_adjusted_return,economic_subsector_peers,initiator_reversal,-0.0026656142703277647,110,206
91,5,semiconductor_adjusted_return,economic_subsector_peers,convergence,-0.002214136488047953,75,206
91,5,semiconductor_adjusted_return,economic_subsector_peers,peer_catchup,-0.0024392443197625907,75,206
91,5,semiconductor_adjusted_return,economic_subsector_peers,initiator_reversal,0.00022510783171463897,75,206
91,10,semiconductor_adjusted_return,economic_subsector_peers,convergence,-0.002386748850916652,34,206
91,10,semiconductor_adjusted_return,economic_subsector_peers,peer_catchup,-0.003757459342337513,34,206
91,10,semiconductor_adjusted_return,economic_subsector_peers,initiator_reversal,0.00137071049142086,34,206
92,1,semiconductor_adjusted_return,economic_subsector_peers,convergence,-0.00034614930778341423,194,240
92,1,semiconductor_adjusted_return,economic_subsector_peers,peer_catchup,-0.0005638073105769645,194,240
92,1,semiconductor_adjusted_return,economic_subsector_peers,initiator_reversal,0.00021765800279355005,194,240
92,3,semiconductor_adjusted_return,economic_subsector_peers,convergence,-0.006726405089936652,141,240
92,3,semiconductor_adjusted_return,economic_subsector_peers,peer_catchup,0.00013275395017966896,141,240
92,3,semiconductor_adjusted_return,economic_subsector_peers,initiator_reversal,-0.00685915904011632,141,240
92,5,semiconductor_adjusted_return,economic_subsector_peers,convergence,-0.003198437880403637,95,240
92,5,semiconductor_adjusted_return,economic_subsector_peers,peer_catchup,0.004239795657179545,95,240
92,5,semiconductor_adjusted_return,economic_subsector_peers,initiator_reversal,-0.007438233537583179,95,240
92,10,semiconductor_adjusted_return,economic_subsector_peers,convergence,0.007578461349736539,31,240
92,10,semiconductor_adjusted_return,economic_subsector_peers,peer_catchup,0.0028986395322698495,31,240
92,10,semiconductor_adjusted_return,economic_subsector_peers,initiator_reversal,0.004679821817466691,31,240
93,1,semiconductor_adjusted_return,economic_subsector_peers,convergence,-0.0006823207887096736,181,228
93,1,semiconductor_adjusted_return,economic_subsector_peers,peer_catchup,0.001067838089484025,181,228
93,1,semiconductor_adjusted_return,economic_subsector_peers,initiator_reversal,-0.001750158878193698,181,228
93,3,semiconductor_adjusted_return,economic_subsector_peers,convergence,-0.0015263330742083677,143,228
93,3,semiconductor_adjusted_return,economic_subsector_peers,peer_catchup,0.0019515438841544552,143,228
93,3,semiconductor_adjusted_return,economic_subsector_peers,initiator_reversal,-0.0034778769583628227,143,228
93,5,semiconductor_adjusted_return,economic_subsector_peers,convergence,0.0011663790622885235,97,228
93,5,semiconductor_adjusted_return,economic_subsector_peers,peer_catchup,0.003670610652157236,97,228
93,5,semiconductor_adjusted_return,economic_subsector_peers,initiator_reversal,-0.002504231589868712,97,228
93,10,semiconductor_adjusted_return,economic_subsector_peers,convergence,-0.014950533503680532,39,228
93,10,semiconductor_adjusted_return,economic_subsector_peers,peer_catchup,0.0037955034630819963,39,228
93,10,semiconductor_adjusted_return,economic_subsector_peers,initiator_reversal,-0.018746036966762525,39,228
94,1,semiconductor_adjusted_return,economic_subsector_peers,convergence,-0.0010041260973963726,158,211
94,1,semiconductor_adjusted_return,economic_subsector_peers,peer_catchup,-0.00036196705649578254,158,211
94,1,semiconductor_adjusted_return,economic_subsector_peers,initiator_reversal,-0.0006421590409005903,158,211
94,3,semiconductor_adjusted_return,economic_subsector_peers,convergence,0.006624838703518512,108,211
94,3,semiconductor_adjusted_return,economic_subsector_peers,peer_catchup,0.0003570695525803711,108,211
94,3,semiconductor_adjusted_return,economic_subsector_peers,initiator_reversal,0.006267769150938142,108,211
94,5,semiconductor_adjusted_return,economic_subsector_peers,convergence,0.006101818291127281,81,211
94,5,semiconductor_adjusted_return,economic_subsector_peers,peer_catchup,-0.0008454694423109255,81,211
94,5,semiconductor_adjusted_return,economic_subsector_peers,initiator_reversal,0.006947287733438205,81,211
94,10,semiconductor_adjusted_return,economic_subsector_peers,convergence,0.005025155753684333,33,211
94,10,semiconductor_adjusted_return,economic_subsector_peers,peer_catchup,0.0037316990677432648,33,211
94,10,semiconductor_adjusted_return,economic_subsector_peers,initiator_reversal,0.0012934566859410684,33,211
95,1,semiconductor_adjusted_return,economic_subsector_peers,convergence,-0.0011820157666844028,160,189
95,1,semiconductor_adjusted_return,economic_subsector_peers,peer_catchup,-0.0005624737802505872,160,189
95,1,semiconductor_adjusted_return,economic_subsector_peers,initiator_reversal,-0.0006195419864338159,160,189
95,3,semiconductor_adjusted_return,economic_subsector_peers,convergence,-0.005801412307816836,102,189
95,3,semiconductor_adjusted_return,economic_subsector_peers,peer_catchup,-0.002613637725544144,102,189
95,3,semiconductor_adjusted_return,economic_subsector_peers,initiator_reversal,-0.0031877745822726923,102,189
95,5,semiconductor_adjusted_return,economic_subsector_peers,convergence,-0.008781881907285363,73,189
95,5,semiconductor_adjusted_return,economic_subsector_peers,peer_catchup,-0.0031299949308201585,73,189
95,5,semiconductor_adjusted_return,economic_subsector_peers,initiator_reversal,-0.005651886976465205,73,189
95,10,semiconductor_adjusted_return,economic_subsector_peers,convergence,-0.019126910802906426,30,189
95,10,semiconductor_adjusted_return,economic_subsector_peers,peer_catchup,-0.003184678278933003,30,189
95,10,semiconductor_adjusted_return,economic_subsector_peers,initiator_reversal,-0.01594223252397342,30,189
96,1,semiconductor_adjusted_return,economic_subsector_peers,convergence,0.0020924322588284335,145,187
96,1,semiconductor_adjusted_return,economic_subsector_peers,peer_catchup,-0.0006678180568515379,145,187
96,1,semiconductor_adjusted_return,economic_subsector_peers,initiator_reversal,0.002760250315679971,145,187
96,3,semiconductor_adjusted_return,economic_subsector_peers,convergence,-0.0009732962989445632,103,187
96,3,semiconductor_adjusted_return,economic_subsector_peers,peer_catchup,-0.002677222329298337,103,187
96,3,semiconductor_adjusted_return,economic_subsector_peers,initiator_reversal,0.001703926030353774,103,187
96,5,semiconductor_adjusted_return,economic_subsector_peers,convergence,0.005992132723924261,74,187
96,5,semiconductor_adjusted_return,economic_subsector_peers,peer_catchup,-0.0017671539829775546,74,187
96,5,semiconductor_adjusted_return,economic_subsector_peers,initiator_reversal,0.007759286706901814,74,187
96,10,semiconductor_adjusted_return,economic_subsector_peers,convergence,-0.0031446457282432666,31,187
96,10,semiconductor_adjusted_return,economic_subsector_peers,peer_catchup,-0.004519417835262308,31,187
96,10,semiconductor_adjusted_return,economic_subsector_peers,initiator_reversal,0.001374772107019039,31,187
97,1,semiconductor_adjusted_return,economic_subsector_peers,convergence,0.0016217836214767881,190,233
97,1,semiconductor_adjusted_return,economic_subsector_peers,peer_catchup,0.0005572844028058867,190,233
97,1,semiconductor_adjusted_return,economic_subsector_peers,initiator_reversal,0.001064499218670902,190,233
97,3,semiconductor_adjusted_return,economic_subsector_peers,convergence,-0.0003399219100010182,130,233
97,3,semiconductor_adjusted_return,economic_subsector_peers,peer_catchup,0.0012930309798550082,130,233
97,3,semiconductor_adjusted_return,economic_subsector_peers,initiator_reversal,-0.0016329528898560263,130,233
97,5,semiconductor_adjusted_return,economic_subsector_peers,convergence,-0.0053777558732553375,79,233
97,5,semiconductor_adjusted_return,economic_subsector_peers,peer_catchup,-0.0008391729850143444,79,233
97,5,semiconductor_adjusted_return,economic_subsector_peers,initiator_reversal,-0.004538582888240993,79,233
97,10,semiconductor_adjusted_return,economic_subsector_peers,convergence,0.01072080261385641,35,233
97,10,semiconductor_adjusted_return,economic_subsector_peers,peer_catchup,-0.00034842816233147906,35,233
97,10,semiconductor_adjusted_return,economic_subsector_peers,initiator_reversal,0.011069230776187888,35,233
98,1,semiconductor_adjusted_return,economic_subsector_peers,convergence,0.001054577678743437,179,229
98,1,semiconductor_adjusted_return,economic_subsector_peers,peer_catchup,-0.0005043372011719804,179,229
98,1,semiconductor_adjusted_return,economic_subsector_peers,initiator_reversal,0.0015589148799154174,179,229
98,3,semiconductor_adjusted_return,economic_subsector_peers,convergence,-0.0016961636612326414,130,229
98,3,semiconductor_adjusted_return,economic_subsector_peers,peer_catchup,0.0005617905593533103,130,229
98,3,semiconductor_adjusted_return,economic_subsector_peers,initiator_reversal,-0.0022579542205859535,130,229
98,5,semiconductor_adjusted_return,economic_subsector_peers,convergence,-0.0001443453545228247,79,229
98,5,semiconductor_adjusted_return,economic_subsector_peers,peer_catchup,0.0031048565966822986,79,229
98,5,semiconductor_adjusted_return,economic_subsector_peers,initiator_reversal,-0.0032492019512051235,79,229
98,10,semiconductor_adjusted_return,economic_subsector_peers,convergence,0.01313521105086162,34,229
98,10,semiconductor_adjusted_return,economic_subsector_peers,peer_catchup,0.0013848093971558974,34,229
98,10,semiconductor_adjusted_return,economic_subsector_peers,initiator_reversal,0.011750401653705722,34,229
99,1,semiconductor_adjusted_return,economic_subsector_peers,convergence,0.0017843035434220208,175,226
99,1,semiconductor_adjusted_return,economic_subsector_peers,peer_catchup,0.0006080157237100313,175,226
99,1,semiconductor_adjusted_return,economic_subsector_peers,initiator_reversal,0.0011762878197119893,175,226
99,3,semiconductor_adjusted_return,economic_subsector_peers,convergence,0.0068482309755236274,124,226
99,3,semiconductor_adjusted_return,economic_subsector_peers,peer_catchup,0.0006550576854931769,124,226
99,3,semiconductor_adjusted_return,economic_subsector_peers,initiator_reversal,0.006193173290030449,124,226
99,5,semiconductor_adjusted_return,economic_subsector_peers,convergence,0.0028357331400934533,77,226
99,5,semiconductor_adjusted_return,economic_subsector_peers,peer_catchup,-0.001370629933502875,77,226
99,5,semiconductor_adjusted_return,economic_subsector_peers,initiator_reversal,0.004206363073596327,77,226
99,10,semiconductor_adjusted_return,economic_subsector_peers,convergence,0.0038508725345508064,29,226
99,10,semiconductor_adjusted_return,economic_subsector_peers,peer_catchup,-0.003112154117948981,29,226
99,10,semiconductor_adjusted_return,economic_subsector_peers,initiator_reversal,0.0069630266524997875,29,226
100,1,semiconductor_adjusted_return,economic_subsector_peers,convergence,0.0007510419926110667,167,205
100,1,semiconductor_adjusted_return,economic_subsector_peers,peer_catchup,0.000195649991275301,167,205
100,1,semiconductor_adjusted_return,economic_subsector_peers,initiator_reversal,0.0005553920013357658,167,205
100,3,semiconductor_adjusted_return,economic_subsector_peers,convergence,0.0017259644178596787,119,205
100,3,semiconductor_adjusted_return,economic_subsector_peers,peer_catchup,-0.001395327158963301,119,205
100,3,semiconductor_adjusted_return,economic_subsector_peers,initiator_reversal,0.003121291576822979,119,205
100,5,semiconductor_adjusted_return,economic_subsector_peers,convergence,0.0019974197549464737,83,205
100,5,semiconductor_adjusted_return,economic_subsector_peers,peer_catchup,-0.0018393779065952586,83,205
100,5,semiconductor_adjusted_return,economic_subsector_peers,initiator_reversal,0.003836797661541734,83,205
100,10,semiconductor_adjusted_return,economic_subsector_peers,convergence,-0.0058099008921564535,31,205
100,10,semiconductor_adjusted_return,economic_subsector_peers,peer_catchup,-0.0031944796524980036,31,205
100,10,semiconductor_adjusted_return,economic_subsector_peers,initiator_reversal,-0.0026154212396584504,31,205
101,1,semiconductor_adjusted_return,economic_subsector_peers,convergence,-0.00020005473335892268,171,204
101,1,semiconductor_adjusted_return,economic_subsector_peers,peer_catchup,-0.0006595845541805058,171,204
101,1,semiconductor_adjusted_return,economic_subsector_peers,initiator_reversal,0.00045952982082158293,171,204
101,3,semiconductor_adjusted_return,economic_subsector_peers,convergence,-0.0003433740614592507,122,204
101,3,semiconductor_adjusted_return,economic_subsector_peers,peer_catchup,-0.0032641681455596494,122,204
101,3,semiconductor_adjusted_return,economic_subsector_peers,initiator_reversal,0.0029207940841003968,122,204
101,5,semiconductor_adjusted_return,economic_subsector_peers,convergence,0.001664910802459759,85,204
101,5,semiconductor_adjusted_return,economic_subsector_peers,peer_catchup,-0.003753362031186661,85,204
101,5,semiconductor_adjusted_return,economic_subsector_peers,initiator_reversal,0.005418272833646419,85,204
101,10,semiconductor_adjusted_return,economic_subsector_peers,convergence,-0.005692807949518192,38,204
101,10,semiconductor_adjusted_return,economic_subsector_peers,peer_catchup,0.0010187755608903888,38,204
101,10,semiconductor_adjusted_return,economic_subsector_peers,initiator_reversal,-0.00671158351040858,38,204
102,1,semiconductor_adjusted_return,economic_subsector_peers,convergence,-0.001517142359166371,171,207
102,1,semiconductor_adjusted_return,economic_subsector_peers,peer_catchup,-0.0006336894760312033,171,207
102,1,semiconductor_adjusted_return,economic_subsector_peers,initiator_reversal,-0.0008834528831351676,171,207
102,3,semiconductor_adjusted_return,economic_subsector_peers,convergence,-0.0001689646949870283,113,207
102,3,semiconductor_adjusted_return,economic_subsector_peers,peer_catchup,5.7878689177921644e-05,113,207
102,3,semiconductor_adjusted_return,economic_subsector_peers,initiator_reversal,-0.00022684338416494908,113,207
102,5,semiconductor_adjusted_return,economic_subsector_peers,convergence,-0.005680601392350283,82,207
102,5,semiconductor_adjusted_return,economic_subsector_peers,peer_catchup,-0.00019442614213517343,82,207
102,5,semiconductor_adjusted_return,economic_subsector_peers,initiator_reversal,-0.0054861752502151084,82,207
102,10,semiconductor_adjusted_return,economic_subsector_peers,convergence,-0.013507078570188933,32,207
102,10,semiconductor_adjusted_return,economic_subsector_peers,peer_catchup,-0.005043713016347121,32,207
102,10,semiconductor_adjusted_return,economic_subsector_peers,initiator_reversal,-0.00846336555384181,32,207
103,1,semiconductor_adjusted_return,economic_subsector_peers,convergence,0.0015090518304987214,186,222
103,1,semiconductor_adjusted_return,economic_subsector_peers,peer_catchup,0.0003042877640347475,186,222
103,1,semiconductor_adjusted_return,economic_subsector_peers,initiator_reversal,0.001204764066463974,186,222
103,3,semiconductor_adjusted_return,economic_subsector_peers,convergence,-0.0006311095249964567,114,222
103,3,semiconductor_adjusted_return,economic_subsector_peers,peer_catchup,-0.0010770440670322275,114,222
103,3,semiconductor_adjusted_return,economic_subsector_peers,initiator_reversal,0.00044593454203577086,114,222
103,5,semiconductor_adjusted_return,economic_subsector_peers,convergence,-0.004745512643581064,71,222
103,5,semiconductor_adjusted_return,economic_subsector_peers,peer_catchup,0.0004955020867470017,71,222
103,5,semiconductor_adjusted_return,economic_subsector_peers,initiator_reversal,-0.005241014730328066,71,222
103,10,semiconductor_adjusted_return,economic_subsector_peers,convergence,-0.00788496315800298,34,222
103,10,semiconductor_adjusted_return,economic_subsector_peers,peer_catchup,0.00035392129818847135,34,222
103,10,semiconductor_adjusted_return,economic_subsector_peers,initiator_reversal,-0.00823888445619145,34,222
104,1,semiconductor_adjusted_return,economic_subsector_peers,convergence,-0.0012333212693099102,190,219
104,1,semiconductor_adjusted_return,economic_subsector_peers,peer_catchup,-0.0006672293289920658,190,219
104,1,semiconductor_adjusted_return,economic_subsector_peers,initiator_reversal,-0.0005660919403178445,190,219
104,3,semiconductor_adjusted_return,economic_subsector_peers,convergence,0.002065287229398295,146,219
104,3,semiconductor_adjusted_return,economic_subsector_peers,peer_catchup,-0.00046286601239662744,146,219
104,3,semiconductor_adjusted_return,economic_subsector_peers,initiator_reversal,0.002528153241794922,146,219
104,5,semiconductor_adjusted_return,economic_subsector_peers,convergence,-0.0008490145285663428,101,219
104,5,semiconductor_adjusted_return,economic_subsector_peers,peer_catchup,0.0012554986660452676,101,219
104,5,semiconductor_adjusted_return,economic_subsector_peers,initiator_reversal,-0.0021045131946116104,101,219
104,10,semiconductor_adjusted_return,economic_subsector_peers,convergence,-0.006142565351994902,36,219
104,10,semiconductor_adjusted_return,economic_subsector_peers,peer_catchup,0.0015390625898746128,36,219
104,10,semiconductor_adjusted_return,economic_subsector_peers,initiator_reversal,-0.007681627941869514,36,219
105,1,semiconductor_adjusted_return,economic_subsector_peers,convergence,-0.0015729181927757847,174,217
105,1,semiconductor_adjusted_return,economic_subsector_peers,peer_catchup,0.0002823626647198364,174,217
105,1,semiconductor_adjusted_return,economic_subsector_peers,initiator_reversal,-0.0018552808574956205,174,217
105,3,semiconductor_adjusted_return,economic_subsector_peers,convergence,-0.0012542172820065693,128,217
105,3,semiconductor_adjusted_return,economic_subsector_peers,peer_catchup,0.0006898319767915926,128,217
105,3,semiconductor_adjusted_return,economic_subsector_peers,initiator_reversal,-0.0019440492587981626,128,217
105,5,semiconductor_adjusted_return,economic_subsector_peers,convergence,0.0031962387433211543,87,217
105,5,semiconductor_adjusted_return,economic_subsector_peers,peer_catchup,6.442561643563993e-05,87,217
105,5,semiconductor_adjusted_return,economic_subsector_peers,initiator_reversal,0.003131813126885514,87,217
105,10,semiconductor_adjusted_return,economic_subsector_peers,convergence,-0.013478339409340402,29,217
105,10,semiconductor_adjusted_return,economic_subsector_peers,peer_catchup,0.0057824558080437054,29,217
105,10,semiconductor_adjusted_return,economic_subsector_peers,initiator_reversal,-0.019260795217384108,29,217
106,1,semiconductor_adjusted_return,economic_subsector_peers,convergence,0.00012006714657592482,167,206
106,1,semiconductor_adjusted_return,economic_subsector_peers,peer_catchup,0.00019529454239774701,167,206
106,1,semiconductor_adjusted_return,economic_subsector_peers,initiator_reversal,-7.522739582182199e-05,167,206
106,3,semiconductor_adjusted_return,economic_subsector_peers,convergence,0.0005783816577183704,119,206
106,3,semiconductor_adjusted_return,economic_subsector_peers,peer_catchup,0.0009183838538619806,119,206
106,3,semiconductor_adjusted_return,economic_subsector_peers,initiator_reversal,-0.0003400021961436101,119,206
106,5,semiconductor_adjusted_return,economic_subsector_peers,convergence,0.0021708593358600544,81,206
106,5,semiconductor_adjusted_return,economic_subsector_peers,peer_catchup,-0.000851093050340509,81,206
106,5,semiconductor_adjusted_return,economic_subsector_peers,initiator_reversal,0.003021952386200562,81,206
106,10,semiconductor_adjusted_return,economic_subsector_peers,convergence,0.00014887463027738398,30,206
106,10,semiconductor_adjusted_return,economic_subsector_peers,peer_catchup,-0.005637271723874204,30,206
106,10,semiconductor_adjusted_return,economic_subsector_peers,initiator_reversal,0.005786146354151589,30,206
107,1,semiconductor_adjusted_return,economic_subsector_peers,convergence,0.0002186824539959205,183,209
107,1,semiconductor_adjusted_return,economic_subsector_peers,peer_catchup,-0.0013034598552037434,183,209
107,1,semiconductor_adjusted_return,economic_subsector_peers,initiator_reversal,0.0015221423091996641,183,209
107,3,semiconductor_adjusted_return,economic_subsector_peers,convergence,-0.004711416279516679,138,209
107,3,semiconductor_adjusted_return,economic_subsector_peers,peer_catchup,-0.0024227422834440745,138,209
107,3,semiconductor_adjusted_return,economic_subsector_peers,initiator_reversal,-0.0022886739960726052,138,209
107,5,semiconductor_adjusted_return,economic_subsector_peers,convergence,-0.0014464991497000327,92,209
107,5,semiconductor_adjusted_return,economic_subsector_peers,peer_catchup,-0.004177939884122885,92,209
107,5,semiconductor_adjusted_return,economic_subsector_peers,initiator_reversal,0.00273144073442285,92,209
107,10,semiconductor_adjusted_return,economic_subsector_peers,convergence,-0.014831328466392355,33,209
107,10,semiconductor_adjusted_return,economic_subsector_peers,peer_catchup,0.005552862824293612,33,209
107,10,semiconductor_adjusted_return,economic_subsector_peers,initiator_reversal,-0.020384191290685968,33,209
108,1,semiconductor_adjusted_return,economic_subsector_peers,convergence,-0.0009930930508408597,161,202
108,1,semiconductor_adjusted_return,economic_subsector_peers,peer_catchup,-8.122884625266465e-06,161,202
108,1,semiconductor_adjusted_return,economic_subsector_peers,initiator_reversal,-0.0009849701662155935,161,202
108,3,semiconductor_adjusted_return,economic_subsector_peers,convergence,0.0004168692736202162,116,202
108,3,semiconductor_adjusted_return,economic_subsector_peers,peer_catchup,-0.0015108974986151602,116,202
108,3,semiconductor_adjusted_return,economic_subsector_peers,initiator_reversal,0.0019277667722353766,116,202
108,5,semiconductor_adjusted_return,economic_subsector_peers,convergence,-0.00034919591513236144,78,202
108,5,semiconductor_adjusted_return,economic_subsector_peers,peer_catchup,-0.0035786182598819003,78,202
108,5,semiconductor_adjusted_return,economic_subsector_peers,initiator_reversal,0.0032294223447495375,78,202
108,10,semiconductor_adjusted_return,economic_subsector_peers,convergence,-0.008078948242957507,29,202
108,10,semiconductor_adjusted_return,economic_subsector_peers,peer_catchup,-0.008170778299579812,29,202
108,10,semiconductor_adjusted_return,economic_subsector_peers,initiator_reversal,9.183005662230611e-05,29,202
109,1,semiconductor_adjusted_return,economic_subsector_peers,convergence,-0.00041018548422031513,166,206
109,1,semiconductor_adjusted_return,economic_subsector_peers,peer_catchup,0.000563245402642201,166,206
109,1,semiconductor_adjusted_return,economic_subsector_peers,initiator_reversal,-0.0009734308868625165,166,206
109,3,semiconductor_adjusted_return,economic_subsector_peers,convergence,0.00036893742630519444,111,206
109,3,semiconductor_adjusted_return,economic_subsector_peers,peer_catchup,-0.0005365792520504568,111,206
109,3,semiconductor_adjusted_return,economic_subsector_peers,initiator_reversal,0.0009055166783556505,111,206
109,5,semiconductor_adjusted_return,economic_subsector_peers,convergence,0.0038820485834547246,69,206
109,5,semiconductor_adjusted_return,economic_subsector_peers,peer_catchup,0.002398932628963945,69,206
109,5,semiconductor_adjusted_return,economic_subsector_peers,initiator_reversal,0.00148311595449078,69,206
109,10,semiconductor_adjusted_return,economic_subsector_peers,convergence,0.003970559196958205,26,206
109,10,semiconductor_adjusted_return,economic_subsector_peers,peer_catchup,-0.0016224979698760472,26,206
109,10,semiconductor_adjusted_return,economic_subsector_peers,initiator_reversal,0.005593057166834252,26,206
110,1,semiconductor_adjusted_return,economic_subsector_peers,convergence,0.0004694157227469888,162,201
110,1,semiconductor_adjusted_return,economic_subsector_peers,peer_catchup,0.0008064389265921828,162,201
110,1,semiconductor_adjusted_return,economic_subsector_peers,initiator_reversal,-0.0003370232038451935,162,201
110,3,semiconductor_adjusted_return,economic_subsector_peers,convergence,0.00029577186187323723,115,201
110,3,semiconductor_adjusted_return,economic_subsector_peers,peer_catchup,0.0014250658747473638,115,201
110,3,semiconductor_adjusted_return,economic_subsector_peers,initiator_reversal,-0.001129294012874126,115,201
110,5,semiconductor_adjusted_return,economic_subsector_peers,convergence,-0.0014008338928582552,77,201
110,5,semiconductor_adjusted_return,economic_subsector_peers,peer_catchup,0.003163815525298491,77,201
110,5,semiconductor_adjusted_return,economic_subsector_peers,initiator_reversal,-0.004564649418156747,77,201
110,10,semiconductor_adjusted_return,economic_subsector_peers,convergence,0.0116347314312277,32,201
110,10,semiconductor_adjusted_return,economic_subsector_peers,peer_catchup,0.0030626256798778444,32,201
110,10,semiconductor_adjusted_return,economic_subsector_peers,initiator_reversal,0.008572105751349856,32,201
111,1,semiconductor_adjusted_return,economic_subsector_peers,convergence,-0.0015725701045046043,167,201
111,1,semiconductor_adjusted_return,economic_subsector_peers,peer_catchup,-8.139967270890788e-05,167,201
111,1,semiconductor_adjusted_return,economic_subsector_peers,initiator_reversal,-0.0014911704317956964,167,201
111,3,semiconductor_adjusted_return,economic_subsector_peers,convergence,-0.0007674741480788922,120,201
111,3,semiconductor_adjusted_return,economic_subsector_peers,peer_catchup,-0.0005030373605606865,120,201
111,3,semiconductor_adjusted_return,economic_subsector_peers,initiator_reversal,-0.0002644367875182057,120,201
111,5,semiconductor_adjusted_return,economic_subsector_peers,convergence,0.0013505595522222535,87,201
111,5,semiconductor_adjusted_return,economic_subsector_peers,peer_catchup,0.00046714095556607327,87,201
111,5,semiconductor_adjusted_return,economic_subsector_peers,initiator_reversal,0.0008834185966561796,87,201
111,10,semiconductor_adjusted_return,economic_subsector_peers,convergence,0.01604791422013399,40,201
111,10,semiconductor_adjusted_return,economic_subsector_peers,peer_catchup,0.0020585865699501034,40,201
111,10,semiconductor_adjusted_return,economic_subsector_peers,initiator_reversal,0.013989327650183889,40,201
112,1,semiconductor_adjusted_return,economic_subsector_peers,convergence,-0.0006599506480555617,194,237
112,1,semiconductor_adjusted_return,economic_subsector_peers,peer_catchup,-0.00046537586646911377,194,237
112,1,semiconductor_adjusted_return,economic_subsector_peers,initiator_reversal,-0.00019457478158644767,194,237
112,3,semiconductor_adjusted_return,economic_subsector_peers,convergence,-0.003766740671635814,135,237
112,3,semiconductor_adjusted_return,economic_subsector_peers,peer_catchup,0.0011935975036158947,135,237
112,3,semiconductor_adjusted_return,economic_subsector_peers,initiator_reversal,-0.004960338175251708,135,237
112,5,semiconductor_adjusted_return,economic_subsector_peers,convergence,-0.0025522691589423617,93,237
112,5,semiconductor_adjusted_return,economic_subsector_peers,peer_catchup,0.0017013017425947052,93,237
112,5,semiconductor_adjusted_return,economic_subsector_peers,initiator_reversal,-0.004253570901537067,93,237
112,10,semiconductor_adjusted_return,economic_subsector_peers,convergence,-0.0027504672027395933,40,237
112,10,semiconductor_adjusted_return,economic_subsector_peers,peer_catchup,0.0018681842066352028,40,237
112,10,semiconductor_adjusted_return,economic_subsector_peers,initiator_reversal,-0.004618651409374798,40,237
113,1,semiconductor_adjusted_return,economic_subsector_peers,convergence,-0.0007464054813646313,178,212
113,1,semiconductor_adjusted_return,economic_subsector_peers,peer_catchup,-0.0007427429924842568,178,212
113,1,semiconductor_adjusted_return,economic_subsector_peers,initiator_reversal,-3.6624888803744013e-06,178,212
113,3,semiconductor_adjusted_return,economic_subsector_peers,convergence,-0.0036350907415731723,131,212
113,3,semiconductor_adjusted_return,economic_subsector_peers,peer_catchup,-0.0006907122084371826,131,212
113,3,semiconductor_adjusted_return,economic_subsector_peers,initiator_reversal,-0.0029443785331359903,131,212
113,5,semiconductor_adjusted_return,economic_subsector_peers,convergence,-0.006642892862249863,88,212
113,5,semiconductor_adjusted_return,economic_subsector_peers,peer_catchup,0.0011244640225279356,88,212
113,5,semiconductor_adjusted_return,economic_subsector_peers,initiator_reversal,-0.007767356884777798,88,212
113,10,semiconductor_adjusted_return,economic_subsector_peers,convergence,-0.010646397097745598,35,212
113,10,semiconductor_adjusted_return,economic_subsector_peers,peer_catchup,-0.0012368901217790639,35,212
113,10,semiconductor_adjusted_return,economic_subsector_peers,initiator_reversal,-0.009409506975966533,35,212
114,1,semiconductor_adjusted_return,economic_subsector_peers,convergence,-0.0007550819336396741,159,188
114,1,semiconductor_adjusted_return,economic_subsector_peers,peer_catchup,-0.00040805972338511256,159,188
114,1,semiconductor_adjusted_return,economic_subsector_peers,initiator_reversal,-0.0003470222102545611,159,188
114,3,semiconductor_adjusted_return,economic_subsector_peers,convergence,0.00045455820649871335,107,188
114,3,semiconductor_adjusted_return,economic_subsector_peers,peer_catchup,0.0007966008573338088,107,188
114,3,semiconductor_adjusted_return,economic_subsector_peers,initiator_reversal,-0.000342042650835095,107,188
114,5,semiconductor_adjusted_return,economic_subsector_peers,convergence,0.0035396773720526332,77,188
114,5,semiconductor_adjusted_return,economic_subsector_peers,peer_catchup,0.0004921643426218302,77,188
114,5,semiconductor_adjusted_return,economic_subsector_peers,initiator_reversal,0.003047513029430803,77,188
114,10,semiconductor_adjusted_return,economic_subsector_peers,convergence,-0.013027830170731839,26,188
114,10,semiconductor_adjusted_return,economic_subsector_peers,peer_catchup,0.004676296061051992,26,188
114,10,semiconductor_adjusted_return,economic_subsector_peers,initiator_reversal,-0.017704126231783832,26,188
115,1,semiconductor_adjusted_return,economic_subsector_peers,convergence,1.4991111358547e-05,160,211
115,1,semiconductor_adjusted_return,economic_subsector_peers,peer_catchup,-0.00047622560691276363,160,211
115,1,semiconductor_adjusted_return,economic_subsector_peers,initiator_reversal,0.0004912167182713105,160,211
115,3,semiconductor_adjusted_return,economic_subsector_peers,convergence,-0.0031397273804367153,108,211
115,3,semiconductor_adjusted_return,economic_subsector_peers,peer_catchup,-0.00041346546260715214,108,211
115,3,semiconductor_adjusted_return,economic_subsector_peers,initiator_reversal,-0.0027262619178295634,108,211
115,5,semiconductor_adjusted_return,economic_subsector_peers,convergence,0.0017802526899297112,74,211
115,5,semiconductor_adjusted_return,economic_subsector_peers,peer_catchup,0.0018483890540370318,74,211
115,5,semiconductor_adjusted_return,economic_subsector_peers,initiator_reversal,-6.813636410732045e-05,74,211
115,10,semiconductor_adjusted_return,economic_subsector_peers,convergence,-0.004955016518952421,22,211
115,10,semiconductor_adjusted_return,economic_subsector_peers,peer_catchup,0.008144155977475072,22,211
115,10,semiconductor_adjusted_return,economic_subsector_peers,initiator_reversal,-0.013099172496427492,22,211
116,1,semiconductor_adjusted_return,economic_subsector_peers,convergence,-0.0009589400647243702,147,189
116,1,semiconductor_adjusted_return,economic_subsector_peers,peer_catchup,0.00042247465496324856,147,189
116,1,semiconductor_adjusted_return,economic_subsector_peers,initiator_reversal,-0.0013814147196876186,147,189
116,3,semiconductor_adjusted_return,economic_subsector_peers,convergence,-0.002059036073986975,102,189
116,3,semiconductor_adjusted_return,economic_subsector_peers,peer_catchup,0.0007593750808764898,102,189
116,3,semiconductor_adjusted_return,economic_subsector_peers,initiator_reversal,-0.002818411154863465,102,189
116,5,semiconductor_adjusted_return,economic_subsector_peers,convergence,-0.0014737899459606521,70,189
116,5,semiconductor_adjusted_return,economic_subsector_peers,peer_catchup,0.001296668050664261,70,189
116,5,semiconductor_adjusted_return,economic_subsector_peers,initiator_reversal,-0.0027704579966249137,70,189
116,10,semiconductor_adjusted_return,economic_subsector_peers,convergence,0.012564656406138913,25,189
116,10,semiconductor_adjusted_return,economic_subsector_peers,peer_catchup,0.011330309344267148,25,189
116,10,semiconductor_adjusted_return,economic_subsector_peers,initiator_reversal,0.0012343470618717603,25,189
117,1,semiconductor_adjusted_return,economic_subsector_peers,convergence,-0.0023535536844499962,155,193
117,1,semiconductor_adjusted_return,economic_subsector_peers,peer_catchup,-0.0002818933462275582,155,193
117,1,semiconductor_adjusted_return,economic_subsector_peers,initiator_reversal,-0.0020716603382224382,155,193
117,3,semiconductor_adjusted_return,economic_subsector_peers,convergence,-0.0070992087001870265,111,193
117,3,semiconductor_adjusted_return,economic_subsector_peers,peer_catchup,-0.00013074358936404976,111,193
117,3,semiconductor_adjusted_return,economic_subsector_peers,initiator_reversal,-0.006968465110822975,111,193
117,5,semiconductor_adjusted_return,economic_subsector_peers,convergence,-0.005841456473131395,69,193
117,5,semiconductor_adjusted_return,economic_subsector_peers,peer_catchup,0.0008041200627339896,69,193
117,5,semiconductor_adjusted_return,economic_subsector_peers,initiator_reversal,-0.006645576535865386,69,193
117,10,semiconductor_adjusted_return,economic_subsector_peers,convergence,-0.004888300175602562,26,193
117,10,semiconductor_adjusted_return,economic_subsector_peers,peer_catchup,-0.014986982678965541,26,193
117,10,semiconductor_adjusted_return,economic_subsector_peers,initiator_reversal,0.010098682503362977,26,193
118,1,semiconductor_adjusted_return,economic_subsector_peers,convergence,0.0020151489451078596,190,224
118,1,semiconductor_adjusted_return,economic_subsector_peers,peer_catchup,-0.0004921980362976201,190,224
118,1,semiconductor_adjusted_return,economic_subsector_peers,initiator_reversal,0.00250734698140548,190,224
118,3,semiconductor_adjusted_return,economic_subsector_peers,convergence,-0.002049872919984462,117,224
118,3,semiconductor_adjusted_return,economic_subsector_peers,peer_catchup,0.0002786334020928303,117,224
118,3,semiconductor_adjusted_return,economic_subsector_peers,initiator_reversal,-0.0023285063220772934,117,224
118,5,semiconductor_adjusted_return,economic_subsector_peers,convergence,-0.0029064829243096377,86,224
118,5,semiconductor_adjusted_return,economic_subsector_peers,peer_catchup,-0.0025384865363235307,86,224
118,5,semiconductor_adjusted_return,economic_subsector_peers,initiator_reversal,-0.0003679963879861072,86,224
118,10,semiconductor_adjusted_return,economic_subsector_peers,convergence,0.002783366443477923,24,224
118,10,semiconductor_adjusted_return,economic_subsector_peers,peer_catchup,0.009104520123601969,24,224
118,10,semiconductor_adjusted_return,economic_subsector_peers,initiator_reversal,-0.006321153680124046,24,224
119,1,semiconductor_adjusted_return,economic_subsector_peers,convergence,-9.758729969976311e-06,196,232
119,1,semiconductor_adjusted_return,economic_subsector_peers,peer_catchup,0.0003871491219874441,196,232
119,1,semiconductor_adjusted_return,economic_subsector_peers,initiator_reversal,-0.00039690785195742025,196,232
119,3,semiconductor_adjusted_return,economic_subsector_peers,convergence,0.0020561435611710453,123,232
119,3,semiconductor_adjusted_return,economic_subsector_peers,peer_catchup,7.797249067806977e-05,123,232
119,3,semiconductor_adjusted_return,economic_subsector_peers,initiator_reversal,0.0019781710704929755,123,232
119,5,semiconductor_adjusted_return,economic_subsector_peers,convergence,0.005414782451235839,89,232
119,5,semiconductor_adjusted_return,economic_subsector_peers,peer_catchup,-0.0015859736723032383,89,232
119,5,semiconductor_adjusted_return,economic_subsector_peers,initiator_reversal,0.007000756123539077,89,232
119,10,semiconductor_adjusted_return,economic_subsector_peers,convergence,-0.010817866587317565,17,232
119,10,semiconductor_adjusted_return,economic_subsector_peers,peer_catchup,0.009557274626884228,17,232
119,10,semiconductor_adjusted_return,economic_subsector_peers,initiator_reversal,-0.020375141214201788,17,232
120,1,semiconductor_adjusted_return,economic_subsector_peers,convergence,0.00017723017045540298,173,220
120,1,semiconductor_adjusted_return,economic_subsector_peers,peer_catchup,-3.630868283651745e-05,173,220
120,1,semiconductor_adjusted_return,economic_subsector_peers,initiator_reversal,0.00021353885329192005,173,220
120,3,semiconductor_adjusted_return,economic_subsector_peers,convergence,0.0007905348092503672,115,220
120,3,semiconductor_adjusted_return,economic_subsector_peers,peer_catchup,0.0019314705468057025,115,220
120,3,semiconductor_adjusted_return,economic_subsector_peers,initiator_reversal,-0.0011409357375553359,115,220
120,5,semiconductor_adjusted_return,economic_subsector_peers,convergence,-0.003654898467916276,64,220
120,5,semiconductor_adjusted_return,economic_subsector_peers,peer_catchup,0.0019468637986751103,64,220
120,5,semiconductor_adjusted_return,economic_subsector_peers,initiator_reversal,-0.005601762266591385,64,220
120,10,semiconductor_adjusted_return,economic_subsector_peers,convergence,-0.009052480038332802,35,220
120,10,semiconductor_adjusted_return,economic_subsector_peers,peer_catchup,0.0030112663528222483,35,220
120,10,semiconductor_adjusted_return,economic_subsector_peers,initiator_reversal,-0.012063746391155051,35,220
121,1,semiconductor_adjusted_return,economic_subsector_peers,convergence,-0.0029025266115565124,164,203
121,1,semiconductor_adjusted_return,economic_subsector_peers,peer_catchup,0.0010207923417531448,164,203
121,1,semiconductor_adjusted_return,economic_subsector_peers,initiator_reversal,-0.003923318953309658,164,203
121,3,semiconductor_adjusted_return,economic_subsector_peers,convergence,-0.003271141225653442,117,203
121,3,semiconductor_adjusted_return,economic_subsector_peers,peer_catchup,0.002472147435818989,117,203
121,3,semiconductor_adjusted_return,economic_subsector_peers,initiator_reversal,-0.0057432886614724316,117,203
121,5,semiconductor_adjusted_return,economic_subsector_peers,convergence,-0.00846859786597672,90,203
121,5,semiconductor_adjusted_return,economic_subsector_peers,peer_catchup,0.002181454135929464,90,203
121,5,semiconductor_adjusted_return,economic_subsector_peers,initiator_reversal,-0.010650052001906184,90,203
121,10,semiconductor_adjusted_return,economic_subsector_peers,convergence,-0.006439860295610013,28,203
121,10,semiconductor_adjusted_return,economic_subsector_peers,peer_catchup,0.009173659575892347,28,203
121,10,semiconductor_adjusted_return,economic_subsector_peers,initiator_reversal,-0.015613519871502361,28,203
122,1,semiconductor_adjusted_return,economic_subsector_peers,convergence,-0.0007149111375500779,175,226
122,1,semiconductor_adjusted_return,economic_subsector_peers,peer_catchup,0.0005849835009148484,175,226
122,1,semiconductor_adjusted_return,economic_subsector_peers,initiator_reversal,-0.0012998946384649261,175,226
122,3,semiconductor_adjusted_return,economic_subsector_peers,convergence,-0.0025998093589422126,125,226
122,3,semiconductor_adjusted_return,economic_subsector_peers,peer_catchup,-0.0014637092167824864,125,226
122,3,semiconductor_adjusted_return,economic_subsector_peers,initiator_reversal,-0.0011361001421597268,125,226
122,5,semiconductor_adjusted_return,economic_subsector_peers,convergence,-0.0027683734823823764,85,226
122,5,semiconductor_adjusted_return,economic_subsector_peers,peer_catchup,-0.0029714107237068577,85,226
122,5,semiconductor_adjusted_return,economic_subsector_peers,initiator_reversal,0.0002030372413244806,85,226
122,10,semiconductor_adjusted_return,economic_subsector_peers,convergence,0.0008297622182419989,27,226
122,10,semiconductor_adjusted_return,economic_subsector_peers,peer_catchup,-0.005355909235485175,27,226
122,10,semiconductor_adjusted_return,economic_subsector_peers,initiator_reversal,0.006185671453727175,27,226
123,1,semiconductor_adjusted_return,economic_subsector_peers,convergence,0.00046072391206924116,145,194
123,1,semiconductor_adjusted_return,economic_subsector_peers,peer_catchup,0.0010717024430212604,145,194
123,1,semiconductor_adjusted_return,economic_subsector_peers,initiator_reversal,-0.0006109785309520188,145,194
123,3,semiconductor_adjusted_return,economic_subsector_peers,convergence,-0.0005389609594750486,99,194
123,3,semiconductor_adjusted_return,economic_subsector_peers,peer_catchup,0.0008586095934377173,99,194
123,3,semiconductor_adjusted_return,economic_subsector_peers,initiator_reversal,-0.001397570552912766,99,194
123,5,semiconductor_adjusted_return,economic_subsector_peers,convergence,0.0009987138928952734,59,194
123,5,semiconductor_adjusted_return,economic_subsector_peers,peer_catchup,0.0014268792785869905,59,194
123,5,semiconductor_adjusted_return,economic_subsector_peers,initiator_reversal,-0.0004281653856917181,59,194
123,10,semiconductor_adjusted_return,economic_subsector_peers,convergence,-0.01352165297873549,20,194
123,10,semiconductor_adjusted_return,economic_subsector_peers,peer_catchup,0.0028902261450268205,20,194
123,10,semiconductor_adjusted_return,economic_subsector_peers,initiator_reversal,-0.01641187912376231,20,194
124,1,semiconductor_adjusted_return,economic_subsector_peers,convergence,0.0013645071837846637,169,212
124,1,semiconductor_adjusted_return,economic_subsector_peers,peer_catchup,-6.660191068331051e-05,169,212
124,1,semiconductor_adjusted_return,economic_subsector_peers,initiator_reversal,0.0014311090944679747,169,212
124,3,semiconductor_adjusted_return,economic_subsector_peers,convergence,0.003214518464817724,106,212
124,3,semiconductor_adjusted_return,economic_subsector_peers,peer_catchup,0.00030938192134563055,106,212
124,3,semiconductor_adjusted_return,economic_subsector_peers,initiator_reversal,0.0029051365434720924,106,212
124,5,semiconductor_adjusted_return,economic_subsector_peers,convergence,-0.00039916410755764506,74,212
124,5,semiconductor_adjusted_return,economic_subsector_peers,peer_catchup,-0.001436705419621665,74,212
124,5,semiconductor_adjusted_return,economic_subsector_peers,initiator_reversal,0.00103754131206402,74,212
124,10,semiconductor_adjusted_return,economic_subsector_peers,convergence,-0.010216320118563788,41,212
124,10,semiconductor_adjusted_return,economic_subsector_peers,peer_catchup,-0.00901714943962523,41,212
124,10,semiconductor_adjusted_return,economic_subsector_peers,initiator_reversal,-0.0011991706789385604,41,212
125,1,semiconductor_adjusted_return,economic_subsector_peers,convergence,0.00013931250252392766,187,235
125,1,semiconductor_adjusted_return,economic_subsector_peers,peer_catchup,-0.0001384272053110081,187,235
125,1,semiconductor_adjusted_return,economic_subsector_peers,initiator_reversal,0.00027773970783493595,187,235
125,3,semiconductor_adjusted_return,economic_subsector_peers,convergence,-0.005034715037778017,120,235
125,3,semiconductor_adjusted_return,economic_subsector_peers,peer_catchup,0.0007546494016292415,120,235
125,3,semiconductor_adjusted_return,economic_subsector_peers,initiator_reversal,-0.005789364439407258,120,235
125,5,semiconductor_adjusted_return,economic_subsector_peers,convergence,-0.002512959963508921,89,235
125,5,semiconductor_adjusted_return,economic_subsector_peers,peer_catchup,0.0016667177940152442,89,235
125,5,semiconductor_adjusted_return,economic_subsector_peers,initiator_reversal,-0.004179677757524166,89,235
125,10,semiconductor_adjusted_return,economic_subsector_peers,convergence,-0.007808887459322893,34,235
125,10,semiconductor_adjusted_return,economic_subsector_peers,peer_catchup,0.0032435219318867527,34,235
125,10,semiconductor_adjusted_return,economic_subsector_peers,initiator_reversal,-0.011052409391209647,34,235
126,1,semiconductor_adjusted_return,economic_subsector_peers,convergence,0.0005257311503437273,171,208
126,1,semiconductor_adjusted_return,economic_subsector_peers,peer_catchup,-0.0003719946767902975,171,208
126,1,semiconductor_adjusted_return,economic_subsector_peers,initiator_reversal,0.0008977258271340245,171,208
126,3,semiconductor_adjusted_return,economic_subsector_peers,convergence,0.001909017271897265,118,208
126,3,semiconductor_adjusted_return,economic_subsector_peers,peer_catchup,0.0013710114778032491,118,208
126,3,semiconductor_adjusted_return,economic_subsector_peers,initiator_reversal,0.0005380057940940155,118,208
126,5,semiconductor_adjusted_return,economic_subsector_peers,convergence,9.004611709048323e-06,85,208
126,5,semiconductor_adjusted_return,economic_subsector_peers,peer_catchup,0.000849684055313496,85,208
126,5,semiconductor_adjusted_return,economic_subsector_peers,initiator_reversal,-0.0008406794436044477,85,208
126,10,semiconductor_adjusted_return,economic_subsector_peers,convergence,-0.00046337653128410844,26,208
126,10,semiconductor_adjusted_return,economic_subsector_peers,peer_catchup,-0.000472822940426522,26,208
126,10,semiconductor_adjusted_return,economic_subsector_peers,initiator_reversal,9.446409142413553e-06,26,208
127,1,semiconductor_adjusted_return,economic_subsector_peers,convergence,0.00013563200050433402,167,203
127,1,semiconductor_adjusted_return,economic_subsector_peers,peer_catchup,-0.0006009926464203519,167,203
127,1,semiconductor_adjusted_return,economic_subsector_peers,initiator_reversal,0.0007366246469246862,167,203
127,3,semiconductor_adjusted_return,economic_subsector_peers,convergence,-0.005005640222806593,110,203
127,3,semiconductor_adjusted_return,economic_subsector_peers,peer_catchup,-0.001581585186024394,110,203
127,3,semiconductor_adjusted_return,economic_subsector_peers,initiator_reversal,-0.0034240550367822,110,203
127,5,semiconductor_adjusted_return,economic_subsector_peers,convergence,-0.006126341015137418,70,203
127,5,semiconductor_adjusted_return,economic_subsector_peers,peer_catchup,-0.0018096358245433255,70,203
127,5,semiconductor_adjusted_return,economic_subsector_peers,initiator_reversal,-0.004316705190594093,70,203
127,10,semiconductor_adjusted_return,economic_subsector_peers,convergence,-0.019707324397212116,29,203
127,10,semiconductor_adjusted_return,economic_subsector_peers,peer_catchup,0.0003014662054703708,29,203
127,10,semiconductor_adjusted_return,economic_subsector_peers,initiator_reversal,-0.02000879060268249,29,203
128,1,semiconductor_adjusted_return,economic_subsector_peers,convergence,-0.00022701640999107874,169,218
128,1,semiconductor_adjusted_return,economic_subsector_peers,peer_catchup,0.0007930025495838907,169,218
128,1,semiconductor_adjusted_return,economic_subsector_peers,initiator_reversal,-0.0010200189595749695,169,218
128,3,semiconductor_adjusted_return,economic_subsector_peers,convergence,-8.627103565655841e-05,120,218
128,3,semiconductor_adjusted_return,economic_subsector_peers,peer_catchup,-0.0011311677690643452,120,218
128,3,semiconductor_adjusted_return,economic_subsector_peers,initiator_reversal,0.0010448967334077874,120,218
128,5,semiconductor_adjusted_return,economic_subsector_peers,convergence,0.0002529501503019869,80,218
128,5,semiconductor_adjusted_return,economic_subsector_peers,peer_catchup,-0.00022174736859441533,80,218
128,5,semiconductor_adjusted_return,economic_subsector_peers,initiator_reversal,0.0004746975188964019,80,218
128,10,semiconductor_adjusted_return,economic_subsector_peers,convergence,-0.01441102517834493,27,218
128,10,semiconductor_adjusted_return,economic_subsector_peers,peer_catchup,-0.009167127183686518,27,218
128,10,semiconductor_adjusted_return,economic_subsector_peers,initiator_reversal,-0.00524389799465841,27,218
129,1,semiconductor_adjusted_return,economic_subsector_peers,convergence,0.00021159650738416508,188,237
129,1,semiconductor_adjusted_return,economic_subsector_peers,peer_catchup,0.0006434580944268589,188,237
129,1,semiconductor_adjusted_return,economic_subsector_peers,initiator_reversal,-0.00043186158704269377,188,237
129,3,semiconductor_adjusted_return,economic_subsector_peers,convergence,-0.0007271685689049957,135,237
129,3,semiconductor_adjusted_return,economic_subsector_peers,peer_catchup,8.211315198820486e-06,135,237
129,3,semiconductor_adjusted_return,economic_subsector_peers,initiator_reversal,-0.0007353798841038166,135,237
129,5,semiconductor_adjusted_return,economic_subsector_peers,convergence,-0.0027872338462219767,86,237
129,5,semiconductor_adjusted_return,economic_subsector_peers,peer_catchup,3.127475953916386e-05,86,237
129,5,semiconductor_adjusted_return,economic_subsector_peers,initiator_reversal,-0.0028185086057611404,86,237
129,10,semiconductor_adjusted_return,economic_subsector_peers,convergence,-0.019218668469751163,33,237
129,10,semiconductor_adjusted_return,economic_subsector_peers,peer_catchup,0.0053236841351488725,33,237
129,10,semiconductor_adjusted_return,economic_subsector_peers,initiator_reversal,-0.024542352604900033,33,237
130,1,semiconductor_adjusted_return,economic_subsector_peers,convergence,-0.0010756670476746758,166,209
130,1,semiconductor_adjusted_return,economic_subsector_peers,peer_catchup,0.0012515614978199875,166,209
130,1,semiconductor_adjusted_return,economic_subsector_peers,initiator_reversal,-0.002327228545494663,166,209
130,3,semiconductor_adjusted_return,economic_subsector_peers,convergence,-0.0018961537198470659,118,209
130,3,semiconductor_adjusted_return,economic_subsector_peers,peer_catchup,-0.0002699858811714707,118,209
130,3,semiconductor_adjusted_return,economic_subsector_peers,initiator_reversal,-0.0016261678386755953,118,209
130,5,semiconductor_adjusted_return,economic_subsector_peers,convergence,-0.0029520858350806046,74,209
130,5,semiconductor_adjusted_return,economic_subsector_peers,peer_catchup,0.0008664771543543272,74,209
130,5,semiconductor_adjusted_return,economic_subsector_peers,initiator_reversal,-0.0038185629894349317,74,209
130,10,semiconductor_adjusted_return,economic_subsector_peers,convergence,0.006305206690139391,35,209
130,10,semiconductor_adjusted_return,economic_subsector_peers,peer_catchup,0.0015980123257268207,35,209
130,10,semiconductor_adjusted_return,economic_subsector_peers,initiator_reversal,0.004707194364412569,35,209
131,1,semiconductor_adjusted_return,economic_subsector_peers,convergence,-0.000291761799425134,191,228
131,1,semiconductor_adjusted_return,economic_subsector_peers,peer_catchup,-0.0011123998897753266,191,228
131,1,semiconductor_adjusted_return,economic_subsector_peers,initiator_reversal,0.0008206380903501928,191,228
131,3,semiconductor_adjusted_return,economic_subsector_peers,convergence,-0.002923461196354738,139,228
131,3,semiconductor_adjusted_return,economic_subsector_peers,peer_catchup,0.0009073823770668503,139,228
131,3,semiconductor_adjusted_return,economic_subsector_peers,initiator_reversal,-0.0038308435734215893,139,228
131,5,semiconductor_adjusted_return,economic_subsector_peers,convergence,-0.006277543760504967,103,228
131,5,semiconductor_adjusted_return,economic_subsector_peers,peer_catchup,0.0007792117025642126,103,228
131,5,semiconductor_adjusted_return,economic_subsector_peers,initiator_reversal,-0.007056755463069179,103,228
131,10,semiconductor_adjusted_return,economic_subsector_peers,convergence,0.0022832529790335425,47,228
131,10,semiconductor_adjusted_return,economic_subsector_peers,peer_catchup,0.0012453123351172065,47,228
131,10,semiconductor_adjusted_return,economic_subsector_peers,initiator_reversal,0.0010379406439163378,47,228
132,1,semiconductor_adjusted_return,economic_subsector_peers,convergence,-0.0007910656736813357,180,224
132,1,semiconductor_adjusted_return,economic_subsector_peers,peer_catchup,-0.00012467576717054162,180,224
132,1,semiconductor_adjusted_return,economic_subsector_peers,initiator_reversal,-0.000666389906510794,180,224
132,3,semiconductor_adjusted_return,economic_subsector_peers,convergence,-0.0027822067396174334,118,224
132,3,semiconductor_adjusted_return,economic_subsector_peers,peer_catchup,7.529234026006094e-05,118,224
132,3,semiconductor_adjusted_return,economic_subsector_peers,initiator_reversal,-0.0028574990798774943,118,224
132,5,semiconductor_adjusted_return,economic_subsector_peers,convergence,-0.0013665090396334312,91,224
132,5,semiconductor_adjusted_return,economic_subsector_peers,peer_catchup,-0.0020722576966708908,91,224
132,5,semiconductor_adjusted_return,economic_subsector_peers,initiator_reversal,0.0007057486570374589,91,224
132,10,semiconductor_adjusted_return,economic_subsector_peers,convergence,-0.004436648756190992,31,224
132,10,semiconductor_adjusted_return,economic_subsector_peers,peer_catchup,-0.009293093579841259,31,224
132,10,semiconductor_adjusted_return,economic_subsector_peers,initiator_reversal,0.0048564448236502675,31,224
133,1,semiconductor_adjusted_return,economic_subsector_peers,convergence,0.00014558879579304606,194,236
133,1,semiconductor_adjusted_return,economic_subsector_peers,peer_catchup,-0.0011900198118834273,194,236
133,1,semiconductor_adjusted_return,economic_subsector_peers,initiator_reversal,0.0013356086076764734,194,236
133,3,semiconductor_adjusted_return,economic_subsector_peers,convergence,-0.003776322140928368,125,236
133,3,semiconductor_adjusted_return,economic_subsector_peers,peer_catchup,-0.0017095743350423,125,236
133,3,semiconductor_adjusted_return,economic_subsector_peers,initiator_reversal,-0.0020667478058860682,125,236
133,5,semiconductor_adjusted_return,economic_subsector_peers,convergence,0.00027102151617384085,96,236
133,5,semiconductor_adjusted_return,economic_subsector_peers,peer_catchup,0.0010547884181781066,96,236
133,5,semiconductor_adjusted_return,economic_subsector_peers,initiator_reversal,-0.0007837669020042652,96,236
133,10,semiconductor_adjusted_return,economic_subsector_peers,convergence,0.005157564463894741,27,236
133,10,semiconductor_adjusted_return,economic_subsector_peers,peer_catchup,0.00626599856193891,27,236
133,10,semiconductor_adjusted_return,economic_subsector_peers,initiator_reversal,-0.0011084340980441697,27,236
134,1,semiconductor_adjusted_return,economic_subsector_peers,convergence,-0.0025500308648837297,160,198
134,1,semiconductor_adjusted_return,economic_subsector_peers,peer_catchup,-0.0004508870041968939,160,198
134,1,semiconductor_adjusted_return,economic_subsector_peers,initiator_reversal,-0.0020991438606868364,160,198
134,3,semiconductor_adjusted_return,economic_subsector_peers,convergence,-0.0019738122265072844,110,198
134,3,semiconductor_adjusted_return,economic_subsector_peers,peer_catchup,-0.0020567005684381926,110,198
134,3,semiconductor_adjusted_return,economic_subsector_peers,initiator_reversal,8.288834193090729e-05,110,198
134,5,semiconductor_adjusted_return,economic_subsector_peers,convergence,-0.0023298895627976903,72,198
134,5,semiconductor_adjusted_return,economic_subsector_peers,peer_catchup,-0.0027234268120620566,72,198
134,5,semiconductor_adjusted_return,economic_subsector_peers,initiator_reversal,0.0003935372492643647,72,198
134,10,semiconductor_adjusted_return,economic_subsector_peers,convergence,0.01740564999817618,21,198
134,10,semiconductor_adjusted_return,economic_subsector_peers,peer_catchup,0.007220820684677175,21,198
134,10,semiconductor_adjusted_return,economic_subsector_peers,initiator_reversal,0.010184829313498999,21,198
135,1,semiconductor_adjusted_return,economic_subsector_peers,convergence,0.0010571670248537004,168,204
135,1,semiconductor_adjusted_return,economic_subsector_peers,peer_catchup,0.0006262355051930771,168,204
135,1,semiconductor_adjusted_return,economic_subsector_peers,initiator_reversal,0.00043093151966062303,168,204
135,3,semiconductor_adjusted_return,economic_subsector_peers,convergence,0.003364042596991523,124,204
135,3,semiconductor_adjusted_return,economic_subsector_peers,peer_catchup,-0.00024088035112399578,124,204
135,3,semiconductor_adjusted_return,economic_subsector_peers,initiator_reversal,0.0036049229481155184,124,204
135,5,semiconductor_adjusted_return,economic_subsector_peers,convergence,0.006087129247278924,90,204
135,5,semiconductor_adjusted_return,economic_subsector_peers,peer_catchup,-0.00031993329702175257,90,204
135,5,semiconductor_adjusted_return,economic_subsector_peers,initiator_reversal,0.006407062544300678,90,204
135,10,semiconductor_adjusted_return,economic_subsector_peers,convergence,0.013997478319474713,36,204
135,10,semiconductor_adjusted_return,economic_subsector_peers,peer_catchup,0.007510228251077565,36,204
135,10,semiconductor_adjusted_return,economic_subsector_peers,initiator_reversal,0.006487250068397151,36,204
136,1,semiconductor_adjusted_return,economic_subsector_peers,convergence,-0.000727905113667033,174,220
136,1,semiconductor_adjusted_return,economic_subsector_peers,peer_catchup,0.000917827726815506,174,220
136,1,semiconductor_adjusted_return,economic_subsector_peers,initiator_reversal,-0.0016457328404825386,174,220
136,3,semiconductor_adjusted_return,economic_subsector_peers,convergence,-0.0015883561455681896,113,220
136,3,semiconductor_adjusted_return,economic_subsector_peers,peer_catchup,0.001544432398307102,113,220
136,3,semiconductor_adjusted_return,economic_subsector_peers,initiator_reversal,-0.003132788543875293,113,220
136,5,semiconductor_adjusted_return,economic_subsector_peers,convergence,0.004016685989903005,73,220
136,5,semiconductor_adjusted_return,economic_subsector_peers,peer_catchup,0.0050441749401041935,73,220
136,5,semiconductor_adjusted_return,economic_subsector_peers,initiator_reversal,-0.0010274889502011877,73,220
136,10,semiconductor_adjusted_return,economic_subsector_peers,convergence,0.00942634459126363,28,220
136,10,semiconductor_adjusted_return,economic_subsector_peers,peer_catchup,0.004415078713334182,28,220
136,10,semiconductor_adjusted_return,economic_subsector_peers,initiator_reversal,0.005011265877929447,28,220
137,1,semiconductor_adjusted_return,economic_subsector_peers,convergence,0.00047804205821697104,175,213
137,1,semiconductor_adjusted_return,economic_subsector_peers,peer_catchup,-0.0008500377763361198,175,213
137,1,semiconductor_adjusted_return,economic_subsector_peers,initiator_reversal,0.0013280798345530907,175,213
137,3,semiconductor_adjusted_return,economic_subsector_peers,convergence,-0.0006202433504512987,116,213
137,3,semiconductor_adjusted_return,economic_subsector_peers,peer_catchup,-0.0028941905508752808,116,213
137,3,semiconductor_adjusted_return,economic_subsector_peers,initiator_reversal,0.002273947200423982,116,213
137,5,semiconductor_adjusted_return,economic_subsector_peers,convergence,0.007812219075409779,66,213
137,5,semiconductor_adjusted_return,economic_subsector_peers,peer_catchup,-0.001159033940397834,66,213
137,5,semiconductor_adjusted_return,economic_subsector_peers,initiator_reversal,0.008971253015807616,66,213
137,10,semiconductor_adjusted_return,economic_subsector_peers,convergence,0.006013661958160169,19,213
137,10,semiconductor_adjusted_return,economic_subsector_peers,peer_catchup,-0.01101466241538479,19,213
137,10,semiconductor_adjusted_return,economic_subsector_peers,initiator_reversal,0.017028324373544963,19,213
138,1,semiconductor_adjusted_return,economic_subsector_peers,convergence,5.0434836794257894e-05,159,210
138,1,semiconductor_adjusted_return,economic_subsector_peers,peer_catchup,0.0012997525899712482,159,210
138,1,semiconductor_adjusted_return,economic_subsector_peers,initiator_reversal,-0.00124931775317699,159,210
138,3,semiconductor_adjusted_return,economic_subsector_peers,convergence,0.00021439358692723482,115,210
138,3,semiconductor_adjusted_return,economic_subsector_peers,peer_catchup,-0.0015717998526272136,115,210
138,3,semiconductor_adjusted_return,economic_subsector_peers,initiator_reversal,0.0017861934395544475,115,210
138,5,semiconductor_adjusted_return,economic_subsector_peers,convergence,-0.008664703949775728,82,210
138,5,semiconductor_adjusted_return,economic_subsector_peers,peer_catchup,-0.0014379978306546066,82,210
138,5,semiconductor_adjusted_return,economic_subsector_peers,initiator_reversal,-0.007226706119121124,82,210
138,10,semiconductor_adjusted_return,economic_subsector_peers,convergence,0.0032525696677906464,31,210
138,10,semiconductor_adjusted_return,economic_subsector_peers,peer_catchup,0.005401847765102749,31,210
138,10,semiconductor_adjusted_return,economic_subsector_peers,initiator_reversal,-0.0021492780973121034,31,210
139,1,semiconductor_adjusted_return,economic_subsector_peers,convergence,-0.00239885651865245,168,209
139,1,semiconductor_adjusted_return,economic_subsector_peers,peer_catchup,0.0003214267381592778,168,209
139,1,semiconductor_adjusted_return,economic_subsector_peers,initiator_reversal,-0.0027202832568117277,168,209
139,3,semiconductor_adjusted_return,economic_subsector_peers,convergence,-0.004010579485817246,121,209
139,3,semiconductor_adjusted_return,economic_subsector_peers,peer_catchup,-0.00034710425447478336,121,209
139,3,semiconductor_adjusted_return,economic_subsector_peers,initiator_reversal,-0.0036634752313424632,121,209
139,5,semiconductor_adjusted_return,economic_subsector_peers,convergence,-0.003126282530126861,94,209
139,5,semiconductor_adjusted_return,economic_subsector_peers,peer_catchup,0.0014163163545345503,94,209
139,5,semiconductor_adjusted_return,economic_subsector_peers,initiator_reversal,-0.004542598884661411,94,209
139,10,semiconductor_adjusted_return,economic_subsector_peers,convergence,-0.0024512574646612887,36,209
139,10,semiconductor_adjusted_return,economic_subsector_peers,peer_catchup,-5.651551520770553e-05,36,209
139,10,semiconductor_adjusted_return,economic_subsector_peers,initiator_reversal,-0.002394741949453582,36,209
140,1,semiconductor_adjusted_return,economic_subsector_peers,convergence,-0.0007535862053539298,175,218
140,1,semiconductor_adjusted_return,economic_subsector_peers,peer_catchup,5.339918936722528e-05,175,218
140,1,semiconductor_adjusted_return,economic_subsector_peers,initiator_reversal,-0.0008069853947211554,175,218
140,3,semiconductor_adjusted_return,economic_subsector_peers,convergence,-0.0016244376507812274,113,218
140,3,semiconductor_adjusted_return,economic_subsector_peers,peer_catchup,-0.0003893388298006393,113,218
140,3,semiconductor_adjusted_return,economic_subsector_peers,initiator_reversal,-0.0012350988209805863,113,218
140,5,semiconductor_adjusted_return,economic_subsector_peers,convergence,-0.007633030457335937,80,218
140,5,semiconductor_adjusted_return,economic_subsector_peers,peer_catchup,-0.000358604750063339,80,218
140,5,semiconductor_adjusted_return,economic_subsector_peers,initiator_reversal,-0.007274425707272597,80,218
140,10,semiconductor_adjusted_return,economic_subsector_peers,convergence,-0.007400857363574803,30,218
140,10,semiconductor_adjusted_return,economic_subsector_peers,peer_catchup,0.0013822946321208648,30,218
140,10,semiconductor_adjusted_return,economic_subsector_peers,initiator_reversal,-0.00878315199569567,30,218
141,1,semiconductor_adjusted_return,economic_subsector_peers,convergence,-0.0008230007617671073,165,209
141,1,semiconductor_adjusted_return,economic_subsector_peers,peer_catchup,0.0007398905431983155,165,209
141,1,semiconductor_adjusted_return,economic_subsector_peers,initiator_reversal,-0.0015628913049654232,165,209
141,3,semiconductor_adjusted_return,economic_subsector_peers,convergence,-0.007473124426644716,109,209
141,3,semiconductor_adjusted_return,economic_subsector_peers,peer_catchup,7.622122533658338e-05,109,209
141,3,semiconductor_adjusted_return,economic_subsector_peers,initiator_reversal,-0.007549345651981299,109,209
141,5,semiconductor_adjusted_return,economic_subsector_peers,convergence,-0.0064955903398759085,75,209
141,5,semiconductor_adjusted_return,economic_subsector_peers,peer_catchup,0.00014696609675050732,75,209
141,5,semiconductor_adjusted_return,economic_subsector_peers,initiator_reversal,-0.006642556436626414,75,209
141,10,semiconductor_adjusted_return,economic_subsector_peers,convergence,-0.026579952474235582,24,209
141,10,semiconductor_adjusted_return,economic_subsector_peers,peer_catchup,-0.0024271831540316536,24,209
141,10,semiconductor_adjusted_return,economic_subsector_peers,initiator_reversal,-0.024152769320203927,24,209
142,1,semiconductor_adjusted_return,economic_subsector_peers,convergence,0.000966174318992038,174,214
142,1,semiconductor_adjusted_return,economic_subsector_peers,peer_catchup,-0.001151128621742536,174,214
142,1,semiconductor_adjusted_return,economic_subsector_peers,initiator_reversal,0.002117302940734574,174,214
142,3,semiconductor_adjusted_return,economic_subsector_peers,convergence,-0.004496665963844367,123,214
142,3,semiconductor_adjusted_return,economic_subsector_peers,peer_catchup,-0.003455635441335199,123,214
142,3,semiconductor_adjusted_return,economic_subsector_peers,initiator_reversal,-0.0010410305225091662,123,214
142,5,semiconductor_adjusted_return,economic_subsector_peers,convergence,-0.005090268630975427,82,214
142,5,semiconductor_adjusted_return,economic_subsector_peers,peer_catchup,-0.005163134311601374,82,214
142,5,semiconductor_adjusted_return,economic_subsector_peers,initiator_reversal,7.286568062594894e-05,82,214
142,10,semiconductor_adjusted_return,economic_subsector_peers,convergence,0.010419805304949837,34,214
142,10,semiconductor_adjusted_return,economic_subsector_peers,peer_catchup,-0.008203661032010276,34,214
142,10,semiconductor_adjusted_return,economic_subsector_peers,initiator_reversal,0.018623466336960114,34,214
143,1,semiconductor_adjusted_return,economic_subsector_peers,convergence,0.0008369657373956719,171,207
143,1,semiconductor_adjusted_return,economic_subsector_peers,peer_catchup,-0.0007602257053571763,171,207
143,1,semiconductor_adjusted_return,economic_subsector_peers,initiator_reversal,0.0015971914427528472,171,207
143,3,semiconductor_adjusted_return,economic_subsector_peers,convergence,0.0020238321843874273,108,207
143,3,semiconductor_adjusted_return,economic_subsector_peers,peer_catchup,0.002488874833429263,108,207
143,3,semiconductor_adjusted_return,economic_subsector_peers,initiator_reversal,-0.00046504264904183545,108,207
143,5,semiconductor_adjusted_return,economic_subsector_peers,convergence,0.00307569125415671,74,207
143,5,semiconductor_adjusted_return,economic_subsector_peers,peer_catchup,0.0028968492075747906,74,207
143,5,semiconductor_adjusted_return,economic_subsector_peers,initiator_reversal,0.00017884204658192047,74,207
143,10,semiconductor_adjusted_return,economic_subsector_peers,convergence,0.0052632335877791,28,207
143,10,semiconductor_adjusted_return,economic_subsector_peers,peer_catchup,0.004453166765388475,28,207
143,10,semiconductor_adjusted_return,economic_subsector_peers,initiator_reversal,0.0008100668223906202,28,207
144,1,semiconductor_adjusted_return,economic_subsector_peers,convergence,0.001320352550397953,185,219
144,1,semiconductor_adjusted_return,economic_subsector_peers,peer_catchup,0.0008766560667960916,185,219
144,1,semiconductor_adjusted_return,economic_subsector_peers,initiator_reversal,0.00044369648360186134,185,219
144,3,semiconductor_adjusted_return,economic_subsector_peers,convergence,0.00204715804968323,130,219
144,3,semiconductor_adjusted_return,economic_subsector_peers,peer_catchup,0.0017671678632597602,130,219
144,3,semiconductor_adjusted_return,economic_subsector_peers,initiator_reversal,0.00027999018642346996,130,219
144,5,semiconductor_adjusted_return,economic_subsector_peers,convergence,0.00011830789144591138,85,219
144,5,semiconductor_adjusted_return,economic_subsector_peers,peer_catchup,0.0007977724436609906,85,219
144,5,semiconductor_adjusted_return,economic_subsector_peers,initiator_reversal,-0.0006794645522150794,85,219
144,10,semiconductor_adjusted_return,economic_subsector_peers,convergence,-0.00026260899008191126,33,219
144,10,semiconductor_adjusted_return,economic_subsector_peers,peer_catchup,0.007455628153577664,33,219
144,10,semiconductor_adjusted_return,economic_subsector_peers,initiator_reversal,-0.007718237143659574,33,219
145,1,semiconductor_adjusted_return,economic_subsector_peers,convergence,0.00020297628106362683,171,216
145,1,semiconductor_adjusted_return,economic_subsector_peers,peer_catchup,-0.0009214829478296771,171,216
145,1,semiconductor_adjusted_return,economic_subsector_peers,initiator_reversal,0.001124459228893305,171,216
145,3,semiconductor_adjusted_return,economic_subsector_peers,convergence,-0.008489957664186407,98,216
145,3,semiconductor_adjusted_return,economic_subsector_peers,peer_catchup,-0.001372887092286686,98,216
145,3,semiconductor_adjusted_return,economic_subsector_peers,initiator_reversal,-0.007117070571899719,98,216
145,5,semiconductor_adjusted_return,economic_subsector_peers,convergence,-0.0072068118452527676,68,216
145,5,semiconductor_adjusted_return,economic_subsector_peers,peer_catchup,0.00040532736046758853,68,216
145,5,semiconductor_adjusted_return,economic_subsector_peers,initiator_reversal,-0.007612139205720355,68,216
145,10,semiconductor_adjusted_return,economic_subsector_peers,convergence,-4.180532956251286e-05,28,216
145,10,semiconductor_adjusted_return,economic_subsector_peers,peer_catchup,0.0011057888815619924,28,216
145,10,semiconductor_adjusted_return,economic_subsector_peers,initiator_reversal,-0.0011475942111245062,28,216
146,1,semiconductor_adjusted_return,economic_subsector_peers,convergence,-0.0002125629210925705,202,239
146,1,semiconductor_adjusted_return,economic_subsector_peers,peer_catchup,-0.0004988766200164552,202,239
146,1,semiconductor_adjusted_return,economic_subsector_peers,initiator_reversal,0.0002863136989238842,202,239
146,3,semiconductor_adjusted_return,economic_subsector_peers,convergence,-0.0014422362690931112,127,239
146,3,semiconductor_adjusted_return,economic_subsector_peers,peer_catchup,0.00030802099664781874,127,239
146,3,semiconductor_adjusted_return,economic_subsector_peers,initiator_reversal,-0.0017502572657409304,127,239
146,5,semiconductor_adjusted_return,economic_subsector_peers,convergence,0.0007461457215274996,92,239
146,5,semiconductor_adjusted_return,economic_subsector_peers,peer_catchup,0.002087403261918023,92,239
146,5,semiconductor_adjusted_return,economic_subsector_peers,initiator_reversal,-0.0013412575403905249,92,239
146,10,semiconductor_adjusted_return,economic_subsector_peers,convergence,0.01604204861143701,40,239
146,10,semiconductor_adjusted_return,economic_subsector_peers,peer_catchup,0.008975673516608548,40,239
146,10,semiconductor_adjusted_return,economic_subsector_peers,initiator_reversal,0.007066375094828462,40,239
147,1,semiconductor_adjusted_return,economic_subsector_peers,convergence,-0.0003107340612974812,175,219
147,1,semiconductor_adjusted_return,economic_subsector_peers,peer_catchup,-0.0003406101687535065,175,219
147,1,semiconductor_adjusted_return,economic_subsector_peers,initiator_reversal,2.987610745602482e-05,175,219
147,3,semiconductor_adjusted_return,economic_subsector_peers,convergence,-0.0030362331800043653,107,219
147,3,semiconductor_adjusted_return,economic_subsector_peers,peer_catchup,-0.0013752610849552922,107,219
147,3,semiconductor_adjusted_return,economic_subsector_peers,initiator_reversal,-0.001660972095049073,107,219
147,5,semiconductor_adjusted_return,economic_subsector_peers,convergence,-0.00788523435332464,75,219
147,5,semiconductor_adjusted_return,economic_subsector_peers,peer_catchup,-0.0018567613675882096,75,219
147,5,semiconductor_adjusted_return,economic_subsector_peers,initiator_reversal,-0.006028472985736432,75,219
147,10,semiconductor_adjusted_return,economic_subsector_peers,convergence,-0.00980554653734817,34,219
147,10,semiconductor_adjusted_return,economic_subsector_peers,peer_catchup,-0.001279720827521971,34,219
147,10,semiconductor_adjusted_return,economic_subsector_peers,initiator_reversal,-0.008525825709826197,34,219
148,1,semiconductor_adjusted_return,economic_subsector_peers,convergence,0.0008310509537855151,167,214
148,1,semiconductor_adjusted_return,economic_subsector_peers,peer_catchup,-0.0010367056187119371,167,214
148,1,semiconductor_adjusted_return,economic_subsector_peers,initiator_reversal,0.0018677565724974522,167,214
148,3,semiconductor_adjusted_return,economic_subsector_peers,convergence,-0.0015182328995015054,108,214
148,3,semiconductor_adjusted_return,economic_subsector_peers,peer_catchup,-0.0009653981238595052,108,214
148,3,semiconductor_adjusted_return,economic_subsector_peers,initiator_reversal,-0.0005528347756420018,108,214
148,5,semiconductor_adjusted_return,economic_subsector_peers,convergence,-0.001421038608375871,81,214
148,5,semiconductor_adjusted_return,economic_subsector_peers,peer_catchup,-0.0026350952355970775,81,214
148,5,semiconductor_adjusted_return,economic_subsector_peers,initiator_reversal,0.0012140566272212064,81,214
148,10,semiconductor_adjusted_return,economic_subsector_peers,convergence,-0.0046128401199017925,29,214
148,10,semiconductor_adjusted_return,economic_subsector_peers,peer_catchup,0.00015977248079211847,29,214
148,10,semiconductor_adjusted_return,economic_subsector_peers,initiator_reversal,-0.004772612600693909,29,214
149,1,semiconductor_adjusted_return,economic_subsector_peers,convergence,0.00019305494766924674,159,193
149,1,semiconductor_adjusted_return,economic_subsector_peers,peer_catchup,0.00035253716366616384,159,193
149,1,semiconductor_adjusted_return,economic_subsector_peers,initiator_reversal,-0.0001594822159969173,159,193
149,3,semiconductor_adjusted_return,economic_subsector_peers,convergence,0.0028141509646075176,101,193
149,3,semiconductor_adjusted_return,economic_subsector_peers,peer_catchup,-0.00017756830872325447,101,193
149,3,semiconductor_adjusted_return,economic_subsector_peers,initiator_reversal,0.002991719273330772,101,193
149,5,semiconductor_adjusted_return,economic_subsector_peers,convergence,0.001094525317539663,76,193
149,5,semiconductor_adjusted_return,economic_subsector_peers,peer_catchup,1.348763645904151e-05,76,193
149,5,semiconductor_adjusted_return,economic_subsector_peers,initiator_reversal,0.0010810376810806216,76,193
149,10,semiconductor_adjusted_return,economic_subsector_peers,convergence,0.008882326063071386,28,193
149,10,semiconductor_adjusted_return,economic_subsector_peers,peer_catchup,-0.0025712637867848173,28,193
149,10,semiconductor_adjusted_return,economic_subsector_peers,initiator_reversal,0.011453589849856208,28,193
150,1,semiconductor_adjusted_return,economic_subsector_peers,convergence,0.000487823204350129,157,202
150,1,semiconductor_adjusted_return,economic_subsector_peers,peer_catchup,-5.6297257089499374e-05,157,202
150,1,semiconductor_adjusted_return,economic_subsector_peers,initiator_reversal,0.0005441204614396285,157,202
150,3,semiconductor_adjusted_return,economic_subsector_peers,convergence,-0.0006312214779677182,103,202
150,3,semiconductor_adjusted_return,economic_subsector_peers,peer_catchup,-0.0009201111277521062,103,202
150,3,semiconductor_adjusted_return,economic_subsector_peers,initiator_reversal,0.0002888896497843885,103,202
150,5,semiconductor_adjusted_return,economic_subsector_peers,convergence,-7.524761020100594e-05,68,202
150,5,semiconductor_adjusted_return,economic_subsector_peers,peer_catchup,0.0004965782225364865,68,202
150,5,semiconductor_adjusted_return,economic_subsector_peers,initiator_reversal,-0.000571825832737492,68,202
150,10,semiconductor_adjusted_return,economic_subsector_peers,convergence,-0.0015810872293114907,24,202
150,10,semiconductor_adjusted_return,economic_subsector_peers,peer_catchup,0.0023988665508867368,24,202
150,10,semiconductor_adjusted_return,economic_subsector_peers,initiator_reversal,-0.003979953780198231,24,202
151,1,semiconductor_adjusted_return,economic_subsector_peers,convergence,-3.454466098176046e-05,180,215
151,1,semiconductor_adjusted_return,economic_subsector_peers,peer_catchup,0.0007487132956080525,180,215
151,1,semiconductor_adjusted_return,economic_subsector_peers,initiator_reversal,-0.0007832579565898131,180,215
151,3,semiconductor_adjusted_return,economic_subsector_peers,convergence,-0.00022063793306978356,136,215
151,3,semiconductor_adjusted_return,economic_subsector_peers,peer_catchup,0.0013933005352442212,136,215
151,3,semiconductor_adjusted_return,economic_subsector_peers,initiator_reversal,-0.001613938468314004,136,215
151,5,semiconductor_adjusted_return,economic_subsector_peers,convergence,-0.004806315970458436,90,215
151,5,semiconductor_adjusted_return,economic_subsector_peers,peer_catchup,0.0011582563376873489,90,215
151,5,semiconductor_adjusted_return,economic_subsector_peers,initiator_reversal,-0.005964572308145785,90,215
151,10,semiconductor_adjusted_return,economic_subsector_peers,convergence,0.001236163705786751,40,215
151,10,semiconductor_adjusted_return,economic_subsector_peers,peer_catchup,0.005185603732342799,40,215
151,10,semiconductor_adjusted_return,economic_subsector_peers,initiator_reversal,-0.003949440026556047,40,215
152,1,semiconductor_adjusted_return,economic_subsector_peers,convergence,-0.00024270782666180102,193,234
152,1,semiconductor_adjusted_return,economic_subsector_peers,peer_catchup,0.00016706761509471314,193,234
152,1,semiconductor_adjusted_return,economic_subsector_peers,initiator_reversal,-0.0004097754417565141,193,234
152,3,semiconductor_adjusted_return,economic_subsector_peers,convergence,-0.002643714649978284,127,234
152,3,semiconductor_adjusted_return,economic_subsector_peers,peer_catchup,0.0004499530613739864,127,234
152,3,semiconductor_adjusted_return,economic_subsector_peers,initiator_reversal,-0.003093667711352271,127,234
152,5,semiconductor_adjusted_return,economic_subsector_peers,convergence,-0.004681353793823484,85,234
152,5,semiconductor_adjusted_return,economic_subsector_peers,peer_catchup,-0.0010017837307909508,85,234
152,5,semiconductor_adjusted_return,economic_subsector_peers,initiator_reversal,-0.003679570063032534,85,234
152,10,semiconductor_adjusted_return,economic_subsector_peers,convergence,-0.007606704540329248,38,234
152,10,semiconductor_adjusted_return,economic_subsector_peers,peer_catchup,0.0017180142472507179,38,234
152,10,semiconductor_adjusted_return,economic_subsector_peers,initiator_reversal,-0.00932471878757997,38,234
153,1,semiconductor_adjusted_return,economic_subsector_peers,convergence,0.0017219444927690307,181,229
153,1,semiconductor_adjusted_return,economic_subsector_peers,peer_catchup,0.0009295934979828339,181,229
153,1,semiconductor_adjusted_return,economic_subsector_peers,initiator_reversal,0.000792350994786197,181,229
153,3,semiconductor_adjusted_return,economic_subsector_peers,convergence,-0.00038109147342660056,130,229
153,3,semiconductor_adjusted_return,economic_subsector_peers,peer_catchup,-0.0002798742451462496,130,229
153,3,semiconductor_adjusted_return,economic_subsector_peers,initiator_reversal,-0.00010121722828035106,130,229
153,5,semiconductor_adjusted_return,economic_subsector_peers,convergence,-0.002699790333074212,76,229
153,5,semiconductor_adjusted_return,economic_subsector_peers,peer_catchup,-0.0015779191608265072,76,229
153,5,semiconductor_adjusted_return,economic_subsector_peers,initiator_reversal,-0.0011218711722477048,76,229
153,10,semiconductor_adjusted_return,economic_subsector_peers,convergence,-0.00754926637335476,30,229
153,10,semiconductor_adjusted_return,economic_subsector_peers,peer_catchup,0.0001631744098418093,30,229
153,10,semiconductor_adjusted_return,economic_subsector_peers,initiator_reversal,-0.007712440783196572,30,229
154,1,semiconductor_adjusted_return,economic_subsector_peers,convergence,-0.001601985575182269,170,213
154,1,semiconductor_adjusted_return,economic_subsector_peers,peer_catchup,-0.00017869786220111683,170,213
154,1,semiconductor_adjusted_return,economic_subsector_peers,initiator_reversal,-0.0014232877129811523,170,213
154,3,semiconductor_adjusted_return,economic_subsector_peers,convergence,-0.0031284908489405167,120,213
154,3,semiconductor_adjusted_return,economic_subsector_peers,peer_catchup,-0.001362317492374522,120,213
154,3,semiconductor_adjusted_return,economic_subsector_peers,initiator_reversal,-0.0017661733565659944,120,213
154,5,semiconductor_adjusted_return,economic_subsector_peers,convergence,-0.008729957713993382,82,213
154,5,semiconductor_adjusted_return,economic_subsector_peers,peer_catchup,-0.00469987085174094,82,213
154,5,semiconductor_adjusted_return,economic_subsector_peers,initiator_reversal,-0.004030086862252437,82,213
154,10,semiconductor_adjusted_return,economic_subsector_peers,convergence,-0.0007100268509065087,27,213
154,10,semiconductor_adjusted_return,economic_subsector_peers,peer_catchup,-0.0050786785269995825,27,213
154,10,semiconductor_adjusted_return,economic_subsector_peers,initiator_reversal,0.004368651676093075,27,213
155,1,semiconductor_adjusted_return,economic_subsector_peers,convergence,-6.3777710532022e-05,161,212
155,1,semiconductor_adjusted_return,economic_subsector_peers,peer_catchup,-0.0007650228511787753,161,212
155,1,semiconductor_adjusted_return,economic_subsector_peers,initiator_reversal,0.0007012451406467533,161,212
155,3,semiconductor_adjusted_return,economic_subsector_peers,convergence,0.0001800954218755758,107,212
155,3,semiconductor_adjusted_return,economic_subsector_peers,peer_catchup,-0.0013306537502962895,107,212
155,3,semiconductor_adjusted_return,economic_subsector_peers,initiator_reversal,0.001510749172171865,107,212
155,5,semiconductor_adjusted_return,economic_subsector_peers,convergence,-0.0072193882610770855,69,212
155,5,semiconductor_adjusted_return,economic_subsector_peers,peer_catchup,-0.0016993777149220384,69,212
155,5,semiconductor_adjusted_return,economic_subsector_peers,initiator_reversal,-0.005520010546155047,69,212
155,10,semiconductor_adjusted_return,economic_subsector_peers,convergence,-0.010728423729238941,34,212
155,10,semiconductor_adjusted_return,economic_subsector_peers,peer_catchup,0.0020612283470649102,34,212
155,10,semiconductor_adjusted_return,economic_subsector_peers,initiator_reversal,-0.01278965207630385,34,212
156,1,semiconductor_adjusted_return,economic_subsector_peers,convergence,0.0005722274630558073,173,234
156,1,semiconductor_adjusted_return,economic_subsector_peers,peer_catchup,0.0006784364559936089,173,234
156,1,semiconductor_adjusted_return,economic_subsector_peers,initiator_reversal,-0.00010620899293780188,173,234
156,3,semiconductor_adjusted_return,economic_subsector_peers,convergence,-0.0008206169274673262,117,234
156,3,semiconductor_adjusted_return,economic_subsector_peers,peer_catchup,0.0016589809938999552,117,234
156,3,semiconductor_adjusted_return,economic_subsector_peers,initiator_reversal,-0.0024795979213672807,117,234
156,5,semiconductor_adjusted_return,economic_subsector_peers,convergence,-0.0001592227935691418,86,234
156,5,semiconductor_adjusted_return,economic_subsector_peers,peer_catchup,0.0014092431666866301,86,234
156,5,semiconductor_adjusted_return,economic_subsector_peers,initiator_reversal,-0.001568465960255773,86,234
156,10,semiconductor_adjusted_return,economic_subsector_peers,convergence,-0.009175427809900091,31,234
156,10,semiconductor_adjusted_return,economic_subsector_peers,peer_catchup,0.0006855244991819911,31,234
156,10,semiconductor_adjusted_return,economic_subsector_peers,initiator_reversal,-0.009860952309082084,31,234
157,1,semiconductor_adjusted_return,economic_subsector_peers,convergence,0.0001266215739027958,163,202
157,1,semiconductor_adjusted_return,economic_subsector_peers,peer_catchup,-0.0002787270868640083,163,202
157,1,semiconductor_adjusted_return,economic_subsector_peers,initiator_reversal,0.0004053486607668037,163,202
157,3,semiconductor_adjusted_return,economic_subsector_peers,convergence,-0.0023851100324518487,116,202
157,3,semiconductor_adjusted_return,economic_subsector_peers,peer_catchup,-0.0012713845927092317,116,202
157,3,semiconductor_adjusted_return,economic_subsector_peers,initiator_reversal,-0.001113725439742617,116,202
157,5,semiconductor_adjusted_return,economic_subsector_peers,convergence,0.0024720183968574023,80,202
157,5,semiconductor_adjusted_return,economic_subsector_peers,peer_catchup,-0.0023945489541008264,80,202
157,5,semiconductor_adjusted_return,economic_subsector_peers,initiator_reversal,0.00486656735095823,80,202
157,10,semiconductor_adjusted_return,economic_subsector_peers,convergence,-0.009005716940762522,45,202
157,10,semiconductor_adjusted_return,economic_subsector_peers,peer_catchup,-0.0010425718986545487,45,202
157,10,semiconductor_adjusted_return,economic_subsector_peers,initiator_reversal,-0.007963145042107975,45,202
158,1,semiconductor_adjusted_return,economic_subsector_peers,convergence,0.0009015312079203873,162,194
158,1,semiconductor_adjusted_return,economic_subsector_peers,peer_catchup,-0.00044208469368340247,162,194
158,1,semiconductor_adjusted_return,economic_subsector_peers,initiator_reversal,0.00134361590160379,162,194
158,3,semiconductor_adjusted_return,economic_subsector_peers,convergence,-0.0032306870197221947,119,194
158,3,semiconductor_adjusted_return,economic_subsector_peers,peer_catchup,3.7108869682858855e-05,119,194
158,3,semiconductor_adjusted_return,economic_subsector_peers,initiator_reversal,-0.0032677958894050535,119,194
158,5,semiconductor_adjusted_return,economic_subsector_peers,convergence,-0.005321360680500075,85,194
158,5,semiconductor_adjusted_return,economic_subsector_peers,peer_catchup,0.002120542208769194,85,194
158,5,semiconductor_adjusted_return,economic_subsector_peers,initiator_reversal,-0.007441902889269268,85,194
158,10,semiconductor_adjusted_return,economic_subsector_peers,convergence,-0.019670698359047986,26,194
158,10,semiconductor_adjusted_return,economic_subsector_peers,peer_catchup,0.0004611134226065553,26,194
158,10,semiconductor_adjusted_return,economic_subsector_peers,initiator_reversal,-0.020131811781654543,26,194
159,1,semiconductor_adjusted_return,economic_subsector_peers,convergence,0.00038146170009283644,184,225
159,1,semiconductor_adjusted_return,economic_subsector_peers,peer_catchup,0.001061599995498715,184,225
159,1,semiconductor_adjusted_return,economic_subsector_peers,initiator_reversal,-0.0006801382954058783,184,225
159,3,semiconductor_adjusted_return,economic_subsector_peers,convergence,0.0007626611438926864,117,225
159,3,semiconductor_adjusted_return,economic_subsector_peers,peer_catchup,0.0019189212356580103,117,225
159,3,semiconductor_adjusted_return,economic_subsector_peers,initiator_reversal,-0.0011562600917653233,117,225
159,5,semiconductor_adjusted_return,economic_subsector_peers,convergence,-0.000831188714098979,81,225
159,5,semiconductor_adjusted_return,economic_subsector_peers,peer_catchup,0.0010970839711789953,81,225
159,5,semiconductor_adjusted_return,economic_subsector_peers,initiator_reversal,-0.001928272685277974,81,225
159,10,semiconductor_adjusted_return,economic_subsector_peers,convergence,0.011689675811147984,25,225
159,10,semiconductor_adjusted_return,economic_subsector_peers,peer_catchup,0.005884276492337117,25,225
159,10,semiconductor_adjusted_return,economic_subsector_peers,initiator_reversal,0.005805399318810866,25,225
160,1,semiconductor_adjusted_return,economic_subsector_peers,convergence,-0.0008186570318265896,162,203
160,1,semiconductor_adjusted_return,economic_subsector_peers,peer_catchup,0.0005158984089588903,162,203
160,1,semiconductor_adjusted_return,economic_subsector_peers,initiator_reversal,-0.0013345554407854798,162,203
160,3,semiconductor_adjusted_return,economic_subsector_peers,convergence,-0.003783816015975858,106,203
160,3,semiconductor_adjusted_return,economic_subsector_peers,peer_catchup,0.0019946266096177363,106,203
160,3,semiconductor_adjusted_return,economic_subsector_peers,initiator_reversal,-0.005778442625593596,106,203
160,5,semiconductor_adjusted_return,economic_subsector_peers,convergence,-0.004774505741477772,72,203
160,5,semiconductor_adjusted_return,economic_subsector_peers,peer_catchup,0.00505593919112388,72,203
160,5,semiconductor_adjusted_return,economic_subsector_peers,initiator_reversal,-0.009830444932601653,72,203
160,10,semiconductor_adjusted_return,economic_subsector_peers,convergence,-0.002884934474976529,24,203
160,10,semiconductor_adjusted_return,economic_subsector_peers,peer_catchup,-0.007954853141044835,24,203
160,10,semiconductor_adjusted_return,economic_subsector_peers,initiator_reversal,0.005069918666068305,24,203
161,1,semiconductor_adjusted_return,economic_subsector_peers,convergence,-7.459756747914931e-06,191,226
161,1,semiconductor_adjusted_return,economic_subsector_peers,peer_catchup,-0.00021946534428163772,191,226
161,1,semiconductor_adjusted_return,economic_subsector_peers,initiator_reversal,0.0002120055875337225,191,226
161,3,semiconductor_adjusted_return,economic_subsector_peers,convergence,0.0012798458224455177,127,226
161,3,semiconductor_adjusted_return,economic_subsector_peers,peer_catchup,-0.0004462331655085588,127,226
161,3,semiconductor_adjusted_return,economic_subsector_peers,initiator_reversal,0.001726078987954077,127,226
161,5,semiconductor_adjusted_return,economic_subsector_peers,convergence,0.0001292330299320244,86,226
161,5,semiconductor_adjusted_return,economic_subsector_peers,peer_catchup,0.0011769490100962492,86,226
161,5,semiconductor_adjusted_return,economic_subsector_peers,initiator_reversal,-0.0010477159801642263,86,226
161,10,semiconductor_adjusted_return,economic_subsector_peers,convergence,0.0017571748597767511,24,226
161,10,semiconductor_adjusted_return,economic_subsector_peers,peer_catchup,-0.005959704503421215,24,226
161,10,semiconductor_adjusted_return,economic_subsector_peers,initiator_reversal,0.007716879363197967,24,226
162,1,semiconductor_adjusted_return,economic_subsector_peers,convergence,0.00022444143145575722,188,230
162,1,semiconductor_adjusted_return,economic_subsector_peers,peer_catchup,-0.00021088033995261815,188,230
162,1,semiconductor_adjusted_return,economic_subsector_peers,initiator_reversal,0.0004353217714083757,188,230
162,3,semiconductor_adjusted_return,economic_subsector_peers,convergence,-0.003938011481292032,133,230
162,3,semiconductor_adjusted_return,economic_subsector_peers,peer_catchup,-0.0016329240000364305,133,230
162,3,semiconductor_adjusted_return,economic_subsector_peers,initiator_reversal,-0.0023050874812556,133,230
162,5,semiconductor_adjusted_return,economic_subsector_peers,convergence,0.0014833850558163186,82,230
162,5,semiconductor_adjusted_return,economic_subsector_peers,peer_catchup,-0.0008719506951752616,82,230
162,5,semiconductor_adjusted_return,economic_subsector_peers,initiator_reversal,0.0023553357509915806,82,230
162,10,semiconductor_adjusted_return,economic_subsector_peers,convergence,0.0015792591415564052,44,230
162,10,semiconductor_adjusted_return,economic_subsector_peers,peer_catchup,-0.0011554996292165325,44,230
162,10,semiconductor_adjusted_return,economic_subsector_peers,initiator_reversal,0.002734758770772936,44,230
163,1,semiconductor_adjusted_return,economic_subsector_peers,convergence,-0.00014952737212365225,168,197
163,1,semiconductor_adjusted_return,economic_subsector_peers,peer_catchup,0.00028876013168462473,168,197
163,1,semiconductor_adjusted_return,economic_subsector_peers,initiator_reversal,-0.00043828750380827693,168,197
163,3,semiconductor_adjusted_return,economic_subsector_peers,convergence,0.0010570365234127445,103,197
163,3,semiconductor_adjusted_return,economic_subsector_peers,peer_catchup,0.000561675884133284,103,197
163,3,semiconductor_adjusted_return,economic_subsector_peers,initiator_reversal,0.0004953606392794597,103,197
163,5,semiconductor_adjusted_return,economic_subsector_peers,convergence,7.452104142087598e-05,64,197
163,5,semiconductor_adjusted_return,economic_subsector_peers,peer_catchup,0.0004207311242737134,64,197
163,5,semiconductor_adjusted_return,economic_subsector_peers,initiator_reversal,-0.00034621008285283766,64,197
163,10,semiconductor_adjusted_return,economic_subsector_peers,convergence,0.0005906632847618243,24,197
163,10,semiconductor_adjusted_return,economic_subsector_peers,peer_catchup,-0.0064073437484035295,24,197
163,10,semiconductor_adjusted_return,economic_subsector_peers,initiator_reversal,0.006998007033165353,24,197
164,1,semiconductor_adjusted_return,economic_subsector_peers,convergence,-0.001314706879823468,160,201
164,1,semiconductor_adjusted_return,economic_subsector_peers,peer_catchup,-0.00054016185865527,160,201
164,1,semiconductor_adjusted_return,economic_subsector_peers,initiator_reversal,-0.0007745450211681978,160,201
164,3,semiconductor_adjusted_return,economic_subsector_peers,convergence,-0.0001419294615582508,99,201
164,3,semiconductor_adjusted_return,economic_subsector_peers,peer_catchup,-0.0004959030670682349,99,201
164,3,semiconductor_adjusted_return,economic_subsector_peers,initiator_reversal,0.00035397360550998384,99,201
164,5,semiconductor_adjusted_return,economic_subsector_peers,convergence,0.000985819194312114,71,201
164,5,semiconductor_adjusted_return,economic_subsector_peers,peer_catchup,-0.0030812347723499756,71,201
164,5,semiconductor_adjusted_return,economic_subsector_peers,initiator_reversal,0.004067053966662091,71,201
164,10,semiconductor_adjusted_return,economic_subsector_peers,convergence,-0.012853115596432041,26,201
164,10,semiconductor_adjusted_return,economic_subsector_peers,peer_catchup,0.002621374303845327,26,201
164,10,semiconductor_adjusted_return,economic_subsector_peers,initiator_reversal,-0.015474489900277368,26,201
165,1,semiconductor_adjusted_return,economic_subsector_peers,convergence,-0.0005254393897251367,191,229
165,1,semiconductor_adjusted_return,economic_subsector_peers,peer_catchup,-0.00045943777473371727,191,229
165,1,semiconductor_adjusted_return,economic_subsector_peers,initiator_reversal,-6.600161499141968e-05,191,229
165,3,semiconductor_adjusted_return,economic_subsector_peers,convergence,-0.0015871738226826042,123,229
165,3,semiconductor_adjusted_return,economic_subsector_peers,peer_catchup,-0.0011123573923935575,123,229
165,3,semiconductor_adjusted_return,economic_subsector_peers,initiator_reversal,-0.00047481643028904764,123,229
165,5,semiconductor_adjusted_return,economic_subsector_peers,convergence,-0.0027360714738355824,84,229
165,5,semiconductor_adjusted_return,economic_subsector_peers,peer_catchup,-0.0016354744155734745,84,229
165,5,semiconductor_adjusted_return,economic_subsector_peers,initiator_reversal,-0.0011005970582621076,84,229
165,10,semiconductor_adjusted_return,economic_subsector_peers,convergence,-0.006801265804354698,34,229
165,10,semiconductor_adjusted_return,economic_subsector_peers,peer_catchup,-0.0015133867634090237,34,229
165,10,semiconductor_adjusted_return,economic_subsector_peers,initiator_reversal,-0.005287879040945674,34,229
166,1,semiconductor_adjusted_return,economic_subsector_peers,convergence,-0.0015953522583284526,185,226
166,1,semiconductor_adjusted_return,economic_subsector_peers,peer_catchup,0.00027224403546524195,185,226
166,1,semiconductor_adjusted_return,economic_subsector_peers,initiator_reversal,-0.001867596293793695,185,226
166,3,semiconductor_adjusted_return,economic_subsector_peers,convergence,0.003381718288609237,118,226
166,3,semiconductor_adjusted_return,economic_subsector_peers,peer_catchup,0.0014454374026314327,118,226
166,3,semiconductor_adjusted_return,economic_subsector_peers,initiator_reversal,0.0019362808859778038,118,226
166,5,semiconductor_adjusted_return,economic_subsector_peers,convergence,0.0020941385762990403,86,226
166,5,semiconductor_adjusted_return,economic_subsector_peers,peer_catchup,-0.0005216679575609516,86,226
166,5,semiconductor_adjusted_return,economic_subsector_peers,initiator_reversal,0.002615806533859992,86,226
166,10,semiconductor_adjusted_return,economic_subsector_peers,convergence,0.0014139163763909046,36,226
166,10,semiconductor_adjusted_return,economic_subsector_peers,peer_catchup,0.0016514049923149956,36,226
166,10,semiconductor_adjusted_return,economic_subsector_peers,initiator_reversal,-0.0002374886159240898,36,226
167,1,semiconductor_adjusted_return,economic_subsector_peers,convergence,-0.0011312192371863063,181,222
167,1,semiconductor_adjusted_return,economic_subsector_peers,peer_catchup,0.0010108079190462341,181,222
167,1,semiconductor_adjusted_return,economic_subsector_peers,initiator_reversal,-0.0021420271562325403,181,222
167,3,semiconductor_adjusted_return,economic_subsector_peers,convergence,-0.0016852397539755908,124,222
167,3,semiconductor_adjusted_return,economic_subsector_peers,peer_catchup,0.0007955869945319008,124,222
167,3,semiconductor_adjusted_return,economic_subsector_peers,initiator_reversal,-0.002480826748507491,124,222
167,5,semiconductor_adjusted_return,economic_subsector_peers,convergence,0.004912889413439724,83,222
167,5,semiconductor_adjusted_return,economic_subsector_peers,peer_catchup,0.0016179993720025314,83,222
167,5,semiconductor_adjusted_return,economic_subsector_peers,initiator_reversal,0.0032948900414371926,83,222
167,10,semiconductor_adjusted_return,economic_subsector_peers,convergence,-0.002470432345912648,28,222
167,10,semiconductor_adjusted_return,economic_subsector_peers,peer_catchup,0.0013681418645265064,28,222
167,10,semiconductor_adjusted_return,economic_subsector_peers,initiator_reversal,-0.0038385742104391552,28,222
168,1,semiconductor_adjusted_return,economic_subsector_peers,convergence,-4.962730848380588e-05,208,245
168,1,semiconductor_adjusted_return,economic_subsector_peers,peer_catchup,-0.0006153112504320058,208,245
168,1,semiconductor_adjusted_return,economic_subsector_peers,initiator_reversal,0.0005656839419482002,208,245
168,3,semiconductor_adjusted_return,economic_subsector_peers,convergence,0.0011245517613905228,138,245
168,3,semiconductor_adjusted_return,economic_subsector_peers,peer_catchup,-0.0018865404591104627,138,245
168,3,semiconductor_adjusted_return,economic_subsector_peers,initiator_reversal,0.003011092220500985,138,245
168,5,semiconductor_adjusted_return,economic_subsector_peers,convergence,0.00882889887655037,97,245
168,5,semiconductor_adjusted_return,economic_subsector_peers,peer_catchup,-0.001724763615908391,97,245
168,5,semiconductor_adjusted_return,economic_subsector_peers,initiator_reversal,0.010553662492458761,97,245
168,10,semiconductor_adjusted_return,economic_subsector_peers,convergence,0.006372820406597215,22,245
168,10,semiconductor_adjusted_return,economic_subsector_peers,peer_catchup,0.004362461953210447,22,245
168,10,semiconductor_adjusted_return,economic_subsector_peers,initiator_reversal,0.0020103584533867694,22,245
169,1,semiconductor_adjusted_return,economic_subsector_peers,convergence,0.0015493685397665765,195,235
169,1,semiconductor_adjusted_return,economic_subsector_peers,peer_catchup,0.0007149382363409999,195,235
169,1,semiconductor_adjusted_return,economic_subsector_peers,initiator_reversal,0.0008344303034255769,195,235
169,3,semiconductor_adjusted_return,economic_subsector_peers,convergence,0.0009234480065287863,146,235
169,3,semiconductor_adjusted_return,economic_subsector_peers,peer_catchup,0.001360387391708719,146,235
169,3,semiconductor_adjusted_return,economic_subsector_peers,initiator_reversal,-0.00043693938517993283,146,235
169,5,semiconductor_adjusted_return,economic_subsector_peers,convergence,-0.002217122367891357,105,235
169,5,semiconductor_adjusted_return,economic_subsector_peers,peer_catchup,0.0019974409716086877,105,235
169,5,semiconductor_adjusted_return,economic_subsector_peers,initiator_reversal,-0.0042145633395000446,105,235
169,10,semiconductor_adjusted_return,economic_subsector_peers,convergence,0.012456567425770747,41,235
169,10,semiconductor_adjusted_return,economic_subsector_peers,peer_catchup,0.008014798470262836,41,235
169,10,semiconductor_adjusted_return,economic_subsector_peers,initiator_reversal,0.004441768955507914,41,235
170,1,semiconductor_adjusted_return,economic_subsector_peers,convergence,-0.0003368739118825276,185,211
170,1,semiconductor_adjusted_return,economic_subsector_peers,peer_catchup,0.0006179655686965401,185,211
170,1,semiconductor_adjusted_return,economic_subsector_peers,initiator_reversal,-0.0009548394805790674,185,211
170,3,semiconductor_adjusted_return,economic_subsector_peers,convergence,-0.0014070782434692983,125,211
170,3,semiconductor_adjusted_return,economic_subsector_peers,peer_catchup,0.00029341037120223147,125,211
170,3,semiconductor_adjusted_return,economic_subsector_peers,initiator_reversal,-0.0017004886146715294,125,211
170,5,semiconductor_adjusted_return,economic_subsector_peers,convergence,-0.002946521277501552,88,211
170,5,semiconductor_adjusted_return,economic_subsector_peers,peer_catchup,0.0011927439681312386,88,211
170,5,semiconductor_adjusted_return,economic_subsector_peers,initiator_reversal,-0.004139265245632792,88,211
170,10,semiconductor_adjusted_return,economic_subsector_peers,convergence,0.00017345437530953255,32,211
170,10,semiconductor_adjusted_return,economic_subsector_peers,peer_catchup,-0.000418345234447084,32,211
170,10,semiconductor_adjusted_return,economic_subsector_peers,initiator_reversal,0.000591799609756615,32,211
171,1,semiconductor_adjusted_return,economic_subsector_peers,convergence,0.0027540983657589634,164,190
171,1,semiconductor_adjusted_return,economic_subsector_peers,peer_catchup,0.00010184729660861675,164,190
171,1,semiconductor_adjusted_return,economic_subsector_peers,initiator_reversal,0.0026522510691503456,164,190
171,3,semiconductor_adjusted_return,economic_subsector_peers,convergence,0.0030669912827308815,103,190
171,3,semiconductor_adjusted_return,economic_subsector_peers,peer_catchup,0.0009188753738038991,103,190
171,3,semiconductor_adjusted_return,economic_subsector_peers,initiator_reversal,0.002148115908926982,103,190
171,5,semiconductor_adjusted_return,economic_subsector_peers,convergence,0.0009449858792603511,63,190
171,5,semiconductor_adjusted_return,economic_subsector_peers,peer_catchup,0.002958064739338251,63,190
171,5,semiconductor_adjusted_return,economic_subsector_peers,initiator_reversal,-0.0020130788600779006,63,190
171,10,semiconductor_adjusted_return,economic_subsector_peers,convergence,0.004051398248781392,32,190
171,10,semiconductor_adjusted_return,economic_subsector_peers,peer_catchup,0.00387539264529779,32,190
171,10,semiconductor_adjusted_return,economic_subsector_peers,initiator_reversal,0.00017600560348360068,32,190
172,1,semiconductor_adjusted_return,economic_subsector_peers,convergence,-0.00034577068910827366,184,224
172,1,semiconductor_adjusted_return,economic_subsector_peers,peer_catchup,0.0006372923600663267,184,224
172,1,semiconductor_adjusted_return,economic_subsector_peers,initiator_reversal,-0.0009830630491746003,184,224
172,3,semiconductor_adjusted_return,economic_subsector_peers,convergence,-0.0023455595433529135,120,224
172,3,semiconductor_adjusted_return,economic_subsector_peers,peer_catchup,-0.00014621086247916594,120,224
172,3,semiconductor_adjusted_return,economic_subsector_peers,initiator_reversal,-0.0021993486808737474,120,224
172,5,semiconductor_adjusted_return,economic_subsector_peers,convergence,-0.00486842067331681,86,224
172,5,semiconductor_adjusted_return,economic_subsector_peers,peer_catchup,-0.0029711252263119443,86,224
172,5,semiconductor_adjusted_return,economic_subsector_peers,initiator_reversal,-0.001897295447004865,86,224
172,10,semiconductor_adjusted_return,economic_subsector_peers,convergence,-0.0071790604166338924,40,224
172,10,semiconductor_adjusted_return,economic_subsector_peers,peer_catchup,-0.0026293961066044787,40,224
172,10,semiconductor_adjusted_return,economic_subsector_peers,initiator_reversal,-0.004549664310029412,40,224
173,1,semiconductor_adjusted_return,economic_subsector_peers,convergence,0.0008174279023031401,162,208
173,1,semiconductor_adjusted_return,economic_subsector_peers,peer_catchup,-0.00010504611112113092,162,208
173,1,semiconductor_adjusted_return,economic_subsector_peers,initiator_reversal,0.0009224740134242708,162,208
173,3,semiconductor_adjusted_return,economic_subsector_peers,convergence,0.002720862124191044,111,208
173,3,semiconductor_adjusted_return,economic_subsector_peers,peer_catchup,-0.0007908769021464163,111,208
173,3,semiconductor_adjusted_return,economic_subsector_peers,initiator_reversal,0.0035117390263374585,111,208
173,5,semiconductor_adjusted_return,economic_subsector_peers,convergence,0.0017553914962274892,77,208
173,5,semiconductor_adjusted_return,economic_subsector_peers,peer_catchup,-0.0019584996607545178,77,208
173,5,semiconductor_adjusted_return,economic_subsector_peers,initiator_reversal,0.0037138911569820077,77,208
173,10,semiconductor_adjusted_return,economic_subsector_peers,convergence,0.002115370913376982,36,208
173,10,semiconductor_adjusted_return,economic_subsector_peers,peer_catchup,-0.001704585872614779,36,208
173,10,semiconductor_adjusted_return,economic_subsector_peers,initiator_reversal,0.00381995678599176,36,208
174,1,semiconductor_adjusted_return,economic_subsector_peers,convergence,-0.0013080015594856235,160,190
174,1,semiconductor_adjusted_return,economic_subsector_peers,peer_catchup,0.0008080796397557655,160,190
174,1,semiconductor_adjusted_return,economic_subsector_peers,initiator_reversal,-0.0021160811992413887,160,190
174,3,semiconductor_adjusted_return,economic_subsector_peers,convergence,-0.0022860432947063854,109,190
174,3,semiconductor_adjusted_return,economic_subsector_peers,peer_catchup,0.0007499813776563633,109,190
174,3,semiconductor_adjusted_return,economic_subsector_peers,initiator_reversal,-0.00303602467236275,109,190
174,5,semiconductor_adjusted_return,economic_subsector_peers,convergence,-0.0036164717589847045,75,190
174,5,semiconductor_adjusted_return,economic_subsector_peers,peer_catchup,0.002115594673502248,75,190
174,5,semiconductor_adjusted_return,economic_subsector_peers,initiator_reversal,-0.0057320664324869534,75,190
174,10,semiconductor_adjusted_return,economic_subsector_peers,convergence,0.008007401757633946,25,190
174,10,semiconductor_adjusted_return,economic_subsector_peers,peer_catchup,0.0011851021539352822,25,190
174,10,semiconductor_adjusted_return,economic_subsector_peers,initiator_reversal,0.006822299603698663,25,190
175,1,semiconductor_adjusted_return,economic_subsector_peers,convergence,-0.0006477094832741723,170,209
175,1,semiconductor_adjusted_return,economic_subsector_peers,peer_catchup,-0.0009559078831971781,170,209
175,1,semiconductor_adjusted_return,economic_subsector_peers,initiator_reversal,0.0003081983999230056,170,209
175,3,semiconductor_adjusted_return,economic_subsector_peers,convergence,0.002152101288164901,115,209
175,3,semiconductor_adjusted_return,economic_subsector_peers,peer_catchup,-0.0016502409657805379,115,209
175,3,semiconductor_adjusted_return,economic_subsector_peers,initiator_reversal,0.0038023422539454387,115,209
175,5,semiconductor_adjusted_return,economic_subsector_peers,convergence,-0.0014864324122655752,86,209
175,5,semiconductor_adjusted_return,economic_subsector_peers,peer_catchup,-0.0012243185063639795,86,209
175,5,semiconductor_adjusted_return,economic_subsector_peers,initiator_reversal,-0.00026211390590159735,86,209
175,10,semiconductor_adjusted_return,economic_subsector_peers,convergence,0.002012427062683965,32,209
175,10,semiconductor_adjusted_return,economic_subsector_peers,peer_catchup,-0.001158058012611412,32,209
175,10,semiconductor_adjusted_return,economic_subsector_peers,initiator_reversal,0.0031704850752953782,32,209
176,1,semiconductor_adjusted_return,economic_subsector_peers,convergence,0.0005580032273982218,187,228
176,1,semiconductor_adjusted_return,economic_subsector_peers,peer_catchup,-0.000756364662945233,187,228
176,1,semiconductor_adjusted_return,economic_subsector_peers,initiator_reversal,0.0013143678903434547,187,228
176,3,semiconductor_adjusted_return,economic_subsector_peers,convergence,-0.0011897225442104634,129,228
176,3,semiconductor_adjusted_return,economic_subsector_peers,peer_catchup,-0.002654450561446662,129,228
176,3,semiconductor_adjusted_return,economic_subsector_peers,initiator_reversal,0.0014647280172361994,129,228
176,5,semiconductor_adjusted_return,economic_subsector_peers,convergence,-0.0024459558323621715,85,228
176,5,semiconductor_adjusted_return,economic_subsector_peers,peer_catchup,-0.0014601139857772787,85,228
176,5,semiconductor_adjusted_return,economic_subsector_peers,initiator_reversal,-0.0009858418465848924,85,228
176,10,semiconductor_adjusted_return,economic_subsector_peers,convergence,0.0172964801111285,29,228
176,10,semiconductor_adjusted_return,economic_subsector_peers,peer_catchup,0.009747117441243364,29,228
176,10,semiconductor_adjusted_return,economic_subsector_peers,initiator_reversal,0.007549362669885138,29,228
177,1,semiconductor_adjusted_return,economic_subsector_peers,convergence,-0.00019189260593286634,149,202
177,1,semiconductor_adjusted_return,economic_subsector_peers,peer_catchup,-5.064598940320505e-05,149,202
177,1,semiconductor_adjusted_return,economic_subsector_peers,initiator_reversal,-0.00014124661652966156,149,202
177,3,semiconductor_adjusted_return,economic_subsector_peers,convergence,-0.0007919787885549383,113,202
177,3,semiconductor_adjusted_return,economic_subsector_peers,peer_catchup,0.0012821003545658845,113,202
177,3,semiconductor_adjusted_return,economic_subsector_peers,initiator_reversal,-0.0020740791431208233,113,202
177,5,semiconductor_adjusted_return,economic_subsector_peers,convergence,0.0032543642653473336,80,202
177,5,semiconductor_adjusted_return,economic_subsector_peers,peer_catchup,-0.00042139954455194275,80,202
177,5,semiconductor_adjusted_return,economic_subsector_peers,initiator_reversal,0.003675763809899277,80,202
177,10,semiconductor_adjusted_return,economic_subsector_peers,convergence,-0.011535743753206222,28,202
177,10,semiconductor_adjusted_return,economic_subsector_peers,peer_catchup,0.0037796426993897806,28,202
177,10,semiconductor_adjusted_return,economic_subsector_peers,initiator_reversal,-0.015315386452596004,28,202
178,1,semiconductor_adjusted_return,economic_subsector_peers,convergence,-0.0002320015897531046,169,202
178,1,semiconductor_adjusted_return,economic_subsector_peers,peer_catchup,-0.00034088472767278017,169,202
178,1,semiconductor_adjusted_return,economic_subsector_peers,initiator_reversal,0.00010888313791967563,169,202
178,3,semiconductor_adjusted_return,economic_subsector_peers,convergence,-0.00016652558780996723,109,202
178,3,semiconductor_adjusted_return,economic_subsector_peers,peer_catchup,0.0026254804679327567,109,202
178,3,semiconductor_adjusted_return,economic_subsector_peers,initiator_reversal,-0.0027920060557427243,109,202
178,5,semiconductor_adjusted_return,economic_subsector_peers,convergence,0.00022473192849080682,72,202
178,5,semiconductor_adjusted_return,economic_subsector_peers,peer_catchup,0.0030333132207036534,72,202
178,5,semiconductor_adjusted_return,economic_subsector_peers,initiator_reversal,-0.0028085812922128465,72,202
178,10,semiconductor_adjusted_return,economic_subsector_peers,convergence,0.007344595222093166,21,202
178,10,semiconductor_adjusted_return,economic_subsector_peers,peer_catchup,0.0011634998764348456,21,202
178,10,semiconductor_adjusted_return,economic_subsector_peers,initiator_reversal,0.00618109534565832,21,202
179,1,semiconductor_adjusted_return,economic_subsector_peers,convergence,-0.0007654747673930413,188,228
179,1,semiconductor_adjusted_return,economic_subsector_peers,peer_catchup,-0.0005082355208600166,188,228
179,1,semiconductor_adjusted_return,economic_subsector_peers,initiator_reversal,-0.00025723924653302504,188,228
179,3,semiconductor_adjusted_return,economic_subsector_peers,convergence,-0.005774817429223228,120,228
179,3,semiconductor_adjusted_return,economic_subsector_peers,peer_catchup,-0.0002686878282806289,120,228
179,3,semiconductor_adjusted_return,economic_subsector_peers,initiator_reversal,-0.005506129600942599,120,228
179,5,semiconductor_adjusted_return,economic_subsector_peers,convergence,-0.003189098348626761,73,228
179,5,semiconductor_adjusted_return,economic_subsector_peers,peer_catchup,0.0019737914807432225,73,228
179,5,semiconductor_adjusted_return,economic_subsector_peers,initiator_reversal,-0.005162889829369984,73,228
179,10,semiconductor_adjusted_return,economic_subsector_peers,convergence,-0.009674039787341809,23,228
179,10,semiconductor_adjusted_return,economic_subsector_peers,peer_catchup,0.008025601802358426,23,228
179,10,semiconductor_adjusted_return,economic_subsector_peers,initiator_reversal,-0.01769964158970023,23,228
180,1,semiconductor_adjusted_return,economic_subsector_peers,convergence,-0.0031418217778233217,187,227
180,1,semiconductor_adjusted_return,economic_subsector_peers,peer_catchup,-6.881943771785885e-05,187,227
180,1,semiconductor_adjusted_return,economic_subsector_peers,initiator_reversal,-0.0030730023401054625,187,227
180,3,semiconductor_adjusted_return,economic_subsector_peers,convergence,-0.00016272341519112622,114,227
180,3,semiconductor_adjusted_return,economic_subsector_peers,peer_catchup,4.6234194034616484e-05,114,227
180,3,semiconductor_adjusted_return,economic_subsector_peers,initiator_reversal,-0.0002089576092257427,114,227
180,5,semiconductor_adjusted_return,economic_subsector_peers,convergence,-0.0049525458533946545,77,227
180,5,semiconductor_adjusted_return,economic_subsector_peers,peer_catchup,1.534713978099677e-05,77,227
180,5,semiconductor_adjusted_return,economic_subsector_peers,initiator_reversal,-0.00496789299317565,77,227
180,10,semiconductor_adjusted_return,economic_subsector_peers,convergence,-0.015306475240071567,27,227
180,10,semiconductor_adjusted_return,economic_subsector_peers,peer_catchup,-0.0056108335757942334,27,227
180,10,semiconductor_adjusted_return,economic_subsector_peers,initiator_reversal,-0.009695641664277334,27,227
181,1,semiconductor_adjusted_return,economic_subsector_peers,convergence,-0.0007390852439939548,169,200
181,1,semiconductor_adjusted_return,economic_subsector_peers,peer_catchup,-0.001611707164596337,169,200
181,1,semiconductor_adjusted_return,economic_subsector_peers,initiator_reversal,0.0008726219206023817,169,200
181,3,semiconductor_adjusted_return,economic_subsector_peers,convergence,-0.0014880222682901387,128,200
181,3,semiconductor_adjusted_return,economic_subsector_peers,peer_catchup,-0.0018439621497854648,128,200
181,3,semiconductor_adjusted_return,economic_subsector_peers,initiator_reversal,0.00035593988149532573,128,200
181,5,semiconductor_adjusted_return,economic_subsector_peers,convergence,-0.004051876660886716,85,200
181,5,semiconductor_adjusted_return,economic_subsector_peers,peer_catchup,-0.0015231057696216447,85,200
181,5,semiconductor_adjusted_return,economic_subsector_peers,initiator_reversal,-0.002528770891265072,85,200
181,10,semiconductor_adjusted_return,economic_subsector_peers,convergence,0.0037587103609884537,27,200
181,10,semiconductor_adjusted_return,economic_subsector_peers,peer_catchup,-0.007856606521145821,27,200
181,10,semiconductor_adjusted_return,economic_subsector_peers,initiator_reversal,0.011615316882134274,27,200
182,1,semiconductor_adjusted_return,economic_subsector_peers,convergence,-0.0017091590642226947,182,210
182,1,semiconductor_adjusted_return,economic_subsector_peers,peer_catchup,-0.0011566004765165825,182,210
182,1,semiconductor_adjusted_return,economic_subsector_peers,initiator_reversal,-0.0005525585877061124,182,210
182,3,semiconductor_adjusted_return,economic_subsector_peers,convergence,-0.005617270236164459,111,210
182,3,semiconductor_adjusted_return,economic_subsector_peers,peer_catchup,0.0016045560547137433,111,210
182,3,semiconductor_adjusted_return,economic_subsector_peers,initiator_reversal,-0.007221826290878202,111,210
182,5,semiconductor_adjusted_return,economic_subsector_peers,convergence,-0.007756865500310938,80,210
182,5,semiconductor_adjusted_return,economic_subsector_peers,peer_catchup,0.002505877684087809,80,210
182,5,semiconductor_adjusted_return,economic_subsector_peers,initiator_reversal,-0.010262743184398748,80,210
182,10,semiconductor_adjusted_return,economic_subsector_peers,convergence,-0.0023710426997264954,30,210
182,10,semiconductor_adjusted_return,economic_subsector_peers,peer_catchup,-0.0005643232615202083,30,210
182,10,semiconductor_adjusted_return,economic_subsector_peers,initiator_reversal,-0.0018067194382062881,30,210
183,1,semiconductor_adjusted_return,economic_subsector_peers,convergence,0.0005943467220163832,153,196
183,1,semiconductor_adjusted_return,economic_subsector_peers,peer_catchup,0.001166699185706399,153,196
183,1,semiconductor_adjusted_return,economic_subsector_peers,initiator_reversal,-0.0005723524636900156,153,196
183,3,semiconductor_adjusted_return,economic_subsector_peers,convergence,0.004131737888316589,110,196
183,3,semiconductor_adjusted_return,economic_subsector_peers,peer_catchup,0.0013355542164673905,110,196
183,3,semiconductor_adjusted_return,economic_subsector_peers,initiator_reversal,0.0027961836718491985,110,196
183,5,semiconductor_adjusted_return,economic_subsector_peers,convergence,0.0035872470579680752,80,196
183,5,semiconductor_adjusted_return,economic_subsector_peers,peer_catchup,0.004168823906696409,80,196
183,5,semiconductor_adjusted_return,economic_subsector_peers,initiator_reversal,-0.000581576848728333,80,196
183,10,semiconductor_adjusted_return,economic_subsector_peers,convergence,0.005046362927819859,30,196
183,10,semiconductor_adjusted_return,economic_subsector_peers,peer_catchup,0.0034133922806101943,30,196
183,10,semiconductor_adjusted_return,economic_subsector_peers,initiator_reversal,0.0016329706472096653,30,196
184,1,semiconductor_adjusted_return,economic_subsector_peers,convergence,-0.0006775467767917694,161,202
184,1,semiconductor_adjusted_return,economic_subsector_peers,peer_catchup,0.000775374383427161,161,202
184,1,semiconductor_adjusted_return,economic_subsector_peers,initiator_reversal,-0.0014529211602189302,161,202
184,3,semiconductor_adjusted_return,economic_subsector_peers,convergence,5.949621551235452e-05,112,202
184,3,semiconductor_adjusted_return,economic_subsector_peers,peer_catchup,0.0020005083349692453,112,202
184,3,semiconductor_adjusted_return,economic_subsector_peers,initiator_reversal,-0.0019410121194568908,112,202
184,5,semiconductor_adjusted_return,economic_subsector_peers,convergence,-0.00021476815609265893,77,202
184,5,semiconductor_adjusted_return,economic_subsector_peers,peer_catchup,0.004277887599146738,77,202
184,5,semiconductor_adjusted_return,economic_subsector_peers,initiator_reversal,-0.004492655755239396,77,202
184,10,semiconductor_adjusted_return,economic_subsector_peers,convergence,0.008344094057056186,32,202
184,10,semiconductor_adjusted_return,economic_subsector_peers,peer_catchup,-0.0017240319581208895,32,202
184,10,semiconductor_adjusted_return,economic_subsector_peers,initiator_reversal,0.010068126015177075,32,202
185,1,semiconductor_adjusted_return,economic_subsector_peers,convergence,0.0008196469572984263,179,219
185,1,semiconductor_adjusted_return,economic_subsector_peers,peer_catchup,0.0006969434460032956,179,219
185,1,semiconductor_adjusted_return,economic_subsector_peers,initiator_reversal,0.00012270351129513093,179,219
185,3,semiconductor_adjusted_return,economic_subsector_peers,convergence,0.002469820396359148,124,219
185,3,semiconductor_adjusted_return,economic_subsector_peers,peer_catchup,0.0007924742637815269,124,219
185,3,semiconductor_adjusted_return,economic_subsector_peers,initiator_reversal,0.0016773461325776209,124,219
185,5,semiconductor_adjusted_return,economic_subsector_peers,convergence,0.009004102991873354,75,219
185,5,semiconductor_adjusted_return,economic_subsector_peers,peer_catchup,0.0047531705002144,75,219
185,5,semiconductor_adjusted_return,economic_subsector_peers,initiator_reversal,0.004250932491658954,75,219
185,10,semiconductor_adjusted_return,economic_subsector_peers,convergence,0.003538912885348074,37,219
185,10,semiconductor_adjusted_return,economic_subsector_peers,peer_catchup,0.011271951325543102,37,219
185,10,semiconductor_adjusted_return,economic_subsector_peers,initiator_reversal,-0.007733038440195026,37,219
186,1,semiconductor_adjusted_return,economic_subsector_peers,convergence,-0.0001170120039433686,166,190
186,1,semiconductor_adjusted_return,economic_subsector_peers,peer_catchup,-0.0004484328227761068,166,190
186,1,semiconductor_adjusted_return,economic_subsector_peers,initiator_reversal,0.0003314208188327382,166,190
186,3,semiconductor_adjusted_return,economic_subsector_peers,convergence,0.0013782194289502104,109,190
186,3,semiconductor_adjusted_return,economic_subsector_peers,peer_catchup,-0.00028483179138988893,109,190
186,3,semiconductor_adjusted_return,economic_subsector_peers,initiator_reversal,0.0016630512203401001,109,190
186,5,semiconductor_adjusted_return,economic_subsector_peers,convergence,-0.0009693039190591455,77,190
186,5,semiconductor_adjusted_return,economic_subsector_peers,peer_catchup,-0.0008260819699257166,77,190
186,5,semiconductor_adjusted_return,economic_subsector_peers,initiator_reversal,-0.0001432219491334296,77,190
186,10,semiconductor_adjusted_return,economic_subsector_peers,convergence,0.012956077238621907,26,190
186,10,semiconductor_adjusted_return,economic_subsector_peers,peer_catchup,-0.004087679401298635,26,190
186,10,semiconductor_adjusted_return,economic_subsector_peers,initiator_reversal,0.01704375663992054,26,190
187,1,semiconductor_adjusted_return,economic_subsector_peers,convergence,0.00024386316310823786,147,201
187,1,semiconductor_adjusted_return,economic_subsector_peers,peer_catchup,-0.0001883879992259519,147,201
187,1,semiconductor_adjusted_return,economic_subsector_peers,initiator_reversal,0.0004322511623341899,147,201
187,3,semiconductor_adjusted_return,economic_subsector_peers,convergence,0.0025748917353625514,88,201
187,3,semiconductor_adjusted_return,economic_subsector_peers,peer_catchup,-0.0004721059970028289,88,201
187,3,semiconductor_adjusted_return,economic_subsector_peers,initiator_reversal,0.0030469977323653807,88,201
187,5,semiconductor_adjusted_return,economic_subsector_peers,convergence,0.0032429012506434147,66,201
187,5,semiconductor_adjusted_return,economic_subsector_peers,peer_catchup,-0.0013980904990156398,66,201
187,5,semiconductor_adjusted_return,economic_subsector_peers,initiator_reversal,0.004640991749659054,66,201
187,10,semiconductor_adjusted_return,economic_subsector_peers,convergence,0.01396753057967475,27,201
187,10,semiconductor_adjusted_return,economic_subsector_peers,peer_catchup,-0.003736700016411842,27,201
187,10,semiconductor_adjusted_return,economic_subsector_peers,initiator_reversal,0.01770423059608659,27,201
188,1,semiconductor_adjusted_return,economic_subsector_peers,convergence,-0.0010470167236791988,168,219
188,1,semiconductor_adjusted_return,economic_subsector_peers,peer_catchup,0.000878388206622265,168,219
188,1,semiconductor_adjusted_return,economic_subsector_peers,initiator_reversal,-0.0019254049303014645,168,219
188,3,semiconductor_adjusted_return,economic_subsector_peers,convergence,0.0001882524064300673,113,219
188,3,semiconductor_adjusted_return,economic_subsector_peers,peer_catchup,-0.0012178926315413964,113,219
188,3,semiconductor_adjusted_return,economic_subsector_peers,initiator_reversal,0.0014061450379714638,113,219
188,5,semiconductor_adjusted_return,economic_subsector_peers,convergence,0.00023638605594931194,82,219
188,5,semiconductor_adjusted_return,economic_subsector_peers,peer_catchup,-0.0027579633508993365,82,219
188,5,semiconductor_adjusted_return,economic_subsector_peers,initiator_reversal,0.0029943494068486493,82,219
188,10,semiconductor_adjusted_return,economic_subsector_peers,convergence,0.003344608427193192,33,219
188,10,semiconductor_adjusted_return,economic_subsector_peers,peer_catchup,0.0005927800152909905,33,219
188,10,semiconductor_adjusted_return,economic_subsector_peers,initiator_reversal,0.0027518284119022003,33,219
189,1,semiconductor_adjusted_return,economic_subsector_peers,convergence,0.0011938852926874875,176,213
189,1,semiconductor_adjusted_return,economic_subsector_peers,peer_catchup,-0.0002098695254404966,176,213
189,1,semiconductor_adjusted_return,economic_subsector_peers,initiator_reversal,0.001403754818127984,176,213
189,3,semiconductor_adjusted_return,economic_subsector_peers,convergence,0.0008113092463660977,123,213
189,3,semiconductor_adjusted_return,economic_subsector_peers,peer_catchup,0.001000739016018307,123,213
189,3,semiconductor_adjusted_return,economic_subsector_peers,initiator_reversal,-0.00018942976965220839,123,213
189,5,semiconductor_adjusted_return,economic_subsector_peers,convergence,-0.00242782369532739,79,213
189,5,semiconductor_adjusted_return,economic_subsector_peers,peer_catchup,0.0006930907029912986,79,213
189,5,semiconductor_adjusted_return,economic_subsector_peers,initiator_reversal,-0.0031209143983186895,79,213
189,10,semiconductor_adjusted_return,economic_subsector_peers,convergence,-0.006875607037284885,26,213
189,10,semiconductor_adjusted_return,economic_subsector_peers,peer_catchup,0.0034445777979694144,26,213
189,10,semiconductor_adjusted_return,economic_subsector_peers,initiator_reversal,-0.010320184835254305,26,213
190,1,semiconductor_adjusted_return,economic_subsector_peers,convergence,-1.9673359978274443e-05,181,227
190,1,semiconductor_adjusted_return,economic_subsector_peers,peer_catchup,0.0017160236740265287,181,227
190,1,semiconductor_adjusted_return,economic_subsector_peers,initiator_reversal,-0.0017356970340048031,181,227
190,3,semiconductor_adjusted_return,economic_subsector_peers,convergence,0.0013785598411153702,126,227
190,3,semiconductor_adjusted_return,economic_subsector_peers,peer_catchup,0.0013151630846757211,126,227
190,3,semiconductor_adjusted_return,economic_subsector_peers,initiator_reversal,6.339675643964836e-05,126,227
190,5,semiconductor_adjusted_return,economic_subsector_peers,convergence,-0.002818266538273757,99,227
190,5,semiconductor_adjusted_return,economic_subsector_peers,peer_catchup,-0.0003700815573274682,99,227
190,5,semiconductor_adjusted_return,economic_subsector_peers,initiator_reversal,-0.002448184980946289,99,227
190,10,semiconductor_adjusted_return,economic_subsector_peers,convergence,0.004534467543020497,39,227
190,10,semiconductor_adjusted_return,economic_subsector_peers,peer_catchup,0.0040012376876067375,39,227
190,10,semiconductor_adjusted_return,economic_subsector_peers,initiator_reversal,0.000533229855413757,39,227
191,1,semiconductor_adjusted_return,economic_subsector_peers,convergence,0.0002338932002343546,158,216
191,1,semiconductor_adjusted_return,economic_subsector_peers,peer_catchup,1.0241017272921765e-05,158,216
191,1,semiconductor_adjusted_return,economic_subsector_peers,initiator_reversal,0.00022365218296143327,158,216
191,3,semiconductor_adjusted_return,economic_subsector_peers,convergence,0.0028414567107474947,105,216
191,3,semiconductor_adjusted_return,economic_subsector_peers,peer_catchup,0.0003034679738623898,105,216
191,3,semiconductor_adjusted_return,economic_subsector_peers,initiator_reversal,0.0025379887368851047,105,216
191,5,semiconductor_adjusted_return,economic_subsector_peers,convergence,0.002955118064434537,69,216
191,5,semiconductor_adjusted_return,economic_subsector_peers,peer_catchup,0.0008676068179382621,69,216
191,5,semiconductor_adjusted_return,economic_subsector_peers,initiator_reversal,0.002087511246496275,69,216
191,10,semiconductor_adjusted_return,economic_subsector_peers,convergence,0.0029229911089134744,27,216
191,10,semiconductor_adjusted_return,economic_subsector_peers,peer_catchup,0.007164907391309723,27,216
191,10,semiconductor_adjusted_return,economic_subsector_peers,initiator_reversal,-0.00424191628239625,27,216
192,1,semiconductor_adjusted_return,economic_subsector_peers,convergence,0.0006359017900801008,155,204
192,1,semiconductor_adjusted_return,economic_subsector_peers,peer_catchup,-0.0005346401398461082,155,204
192,1,semiconductor_adjusted_return,economic_subsector_peers,initiator_reversal,0.0011705419299262087,155,204
192,3,semiconductor_adjusted_return,economic_subsector_peers,convergence,0.0007217879156629589,110,204
192,3,semiconductor_adjusted_return,economic_subsector_peers,peer_catchup,0.000714163035773469,110,204
192,3,semiconductor_adjusted_return,economic_subsector_peers,initiator_reversal,7.624879889489771e-06,110,204
192,5,semiconductor_adjusted_return,economic_subsector_peers,convergence,0.0019000939365490237,74,204
192,5,semiconductor_adjusted_return,economic_subsector_peers,peer_catchup,0.0006133063540067749,74,204
192,5,semiconductor_adjusted_return,economic_subsector_peers,initiator_reversal,0.0012867875825422488,74,204
192,10,semiconductor_adjusted_return,economic_subsector_peers,convergence,0.02003442098378801,24,204
192,10,semiconductor_adjusted_return,economic_subsector_peers,peer_catchup,0.0015820185051892948,24,204
192,10,semiconductor_adjusted_return,economic_subsector_peers,initiator_reversal,0.018452402478598712,24,204
193,1,semiconductor_adjusted_return,economic_subsector_peers,convergence,0.000962701721597897,199,240
193,1,semiconductor_adjusted_return,economic_subsector_peers,peer_catchup,0.0007295008877856601,199,240
193,1,semiconductor_adjusted_return,economic_subsector_peers,initiator_reversal,0.00023320083381223687,199,240
193,3,semiconductor_adjusted_return,economic_subsector_peers,convergence,-0.0037009419763495742,137,240
193,3,semiconductor_adjusted_return,economic_subsector_peers,peer_catchup,0.0009491432870412665,137,240
193,3,semiconductor_adjusted_return,economic_subsector_peers,initiator_reversal,-0.00465008526339084,137,240
193,5,semiconductor_adjusted_return,economic_subsector_peers,convergence,-0.006928085280707252,90,240
193,5,semiconductor_adjusted_return,economic_subsector_peers,peer_catchup,0.0016497826767631263,90,240
193,5,semiconductor_adjusted_return,economic_subsector_peers,initiator_reversal,-0.008577867957470378,90,240
193,10,semiconductor_adjusted_return,economic_subsector_peers,convergence,-0.00018440127016899639,32,240
193,10,semiconductor_adjusted_return,economic_subsector_peers,peer_catchup,-0.0004007938063262177,32,240
193,10,semiconductor_adjusted_return,economic_subsector_peers,initiator_reversal,0.0002163925361572212,32,240
194,1,semiconductor_adjusted_return,economic_subsector_peers,convergence,0.0013613930397706096,184,220
194,1,semiconductor_adjusted_return,economic_subsector_peers,peer_catchup,-0.0011483376435271085,184,220
194,1,semiconductor_adjusted_return,economic_subsector_peers,initiator_reversal,0.0025097306832977174,184,220
194,3,semiconductor_adjusted_return,economic_subsector_peers,convergence,0.005092293106399369,133,220
194,3,semiconductor_adjusted_return,economic_subsector_peers,peer_catchup,-0.0005236711903639621,133,220
194,3,semiconductor_adjusted_return,economic_subsector_peers,initiator_reversal,0.005615964296763331,133,220
194,5,semiconductor_adjusted_return,economic_subsector_peers,convergence,0.001998441176761597,88,220
194,5,semiconductor_adjusted_return,economic_subsector_peers,peer_catchup,-0.0025967050584455626,88,220
194,5,semiconductor_adjusted_return,economic_subsector_peers,initiator_reversal,0.004595146235207159,88,220
194,10,semiconductor_adjusted_return,economic_subsector_peers,convergence,-0.006554674093482933,32,220
194,10,semiconductor_adjusted_return,economic_subsector_peers,peer_catchup,0.002207631359351456,32,220
194,10,semiconductor_adjusted_return,economic_subsector_peers,initiator_reversal,-0.008762305452834388,32,220
195,1,semiconductor_adjusted_return,economic_subsector_peers,convergence,-0.00023174561391950478,192,228
195,1,semiconductor_adjusted_return,economic_subsector_peers,peer_catchup,-0.0004021012073501095,192,228
195,1,semiconductor_adjusted_return,economic_subsector_peers,initiator_reversal,0.00017035559343060464,192,228
195,3,semiconductor_adjusted_return,economic_subsector_peers,convergence,0.0016841814526809145,124,228
195,3,semiconductor_adjusted_return,economic_subsector_peers,peer_catchup,0.0002116131996044568,124,228
195,3,semiconductor_adjusted_return,economic_subsector_peers,initiator_reversal,0.001472568253076458,124,228
195,5,semiconductor_adjusted_return,economic_subsector_peers,convergence,0.0003524514787951047,94,228
195,5,semiconductor_adjusted_return,economic_subsector_peers,peer_catchup,-8.172862983764375e-05,94,228
195,5,semiconductor_adjusted_return,economic_subsector_peers,initiator_reversal,0.00043418010863274857,94,228
195,10,semiconductor_adjusted_return,economic_subsector_peers,convergence,-0.007172217460739239,51,228
195,10,semiconductor_adjusted_return,economic_subsector_peers,peer_catchup,0.005989541129070572,51,228
195,10,semiconductor_adjusted_return,economic_subsector_peers,initiator_reversal,-0.01316175858980981,51,228
196,1,semiconductor_adjusted_return,economic_subsector_peers,convergence,0.0004857734469118962,169,213
196,1,semiconductor_adjusted_return,economic_subsector_peers,peer_catchup,-0.0010171245138253487,169,213
196,1,semiconductor_adjusted_return,economic_subsector_peers,initiator_reversal,0.0015028979607372452,169,213
196,3,semiconductor_adjusted_return,economic_subsector_peers,convergence,0.000616424506692004,112,213
196,3,semiconductor_adjusted_return,economic_subsector_peers,peer_catchup,0.00032685223274057533,112,213
196,3,semiconductor_adjusted_return,economic_subsector_peers,initiator_reversal,0.0002895722739514285,112,213
196,5,semiconductor_adjusted_return,economic_subsector_peers,convergence,0.0017322742128555052,80,213
196,5,semiconductor_adjusted_return,economic_subsector_peers,peer_catchup,-0.0004671047764522263,80,213
196,5,semiconductor_adjusted_return,economic_subsector_peers,initiator_reversal,0.0021993789893077305,80,213
196,10,semiconductor_adjusted_return,economic_subsector_peers,convergence,0.009181890510833358,31,213
196,10,semiconductor_adjusted_return,economic_subsector_peers,peer_catchup,0.00024346043171095803,31,213
196,10,semiconductor_adjusted_return,economic_subsector_peers,initiator_reversal,0.008938430079122407,31,213
197,1,semiconductor_adjusted_return,economic_subsector_peers,convergence,0.003952185719007873,181,221
197,1,semiconductor_adjusted_return,economic_subsector_peers,peer_catchup,0.0019173407661111947,181,221
197,1,semiconductor_adjusted_return,economic_subsector_peers,initiator_reversal,0.002034844952896678,181,221
197,3,semiconductor_adjusted_return,economic_subsector_peers,convergence,0.0017198358018347469,127,221
197,3,semiconductor_adjusted_return,economic_subsector_peers,peer_catchup,0.0016455525528575102,127,221
197,3,semiconductor_adjusted_return,economic_subsector_peers,initiator_reversal,7.428324897723636e-05,127,221
197,5,semiconductor_adjusted_return,economic_subsector_peers,convergence,0.00594079930663208,85,221
197,5,semiconductor_adjusted_return,economic_subsector_peers,peer_catchup,0.003642343896589325,85,221
197,5,semiconductor_adjusted_return,economic_subsector_peers,initiator_reversal,0.002298455410042756,85,221
197,10,semiconductor_adjusted_return,economic_subsector_peers,convergence,0.006126581629600231,22,221
197,10,semiconductor_adjusted_return,economic_subsector_peers,peer_catchup,0.003458414180711444,22,221
197,10,semiconductor_adjusted_return,economic_subsector_peers,initiator_reversal,0.0026681674488887876,22,221
198,1,semiconductor_adjusted_return,economic_subsector_peers,convergence,0.0009521938443166518,187,237
198,1,semiconductor_adjusted_return,economic_subsector_peers,peer_catchup,0.0002581142039533769,187,237
198,1,semiconductor_adjusted_return,economic_subsector_peers,initiator_reversal,0.000694079640363275,187,237
198,3,semiconductor_adjusted_return,economic_subsector_peers,convergence,0.0011849080902531835,121,237
198,3,semiconductor_adjusted_return,economic_subsector_peers,peer_catchup,0.00031498294811564166,121,237
198,3,semiconductor_adjusted_return,economic_subsector_peers,initiator_reversal,0.0008699251421375408,121,237
198,5,semiconductor_adjusted_return,economic_subsector_peers,convergence,0.002252621931919725,91,237
198,5,semiconductor_adjusted_return,economic_subsector_peers,peer_catchup,0.0009455782866268632,91,237
198,5,semiconductor_adjusted_return,economic_subsector_peers,initiator_reversal,0.0013070436452928607,91,237
198,10,semiconductor_adjusted_return,economic_subsector_peers,convergence,0.0168508205815064,21,237
198,10,semiconductor_adjusted_return,economic_subsector_peers,peer_catchup,0.009994051117110624,21,237
198,10,semiconductor_adjusted_return,economic_subsector_peers,initiator_reversal,0.006856769464395779,21,237
199,1,semiconductor_adjusted_return,economic_subsector_peers,convergence,0.0014249949778432714,155,201
199,1,semiconductor_adjusted_return,economic_subsector_peers,peer_catchup,0.0003898308178727543,155,201
199,1,semiconductor_adjusted_return,economic_subsector_peers,initiator_reversal,0.0010351641599705174,155,201
199,3,semiconductor_adjusted_return,economic_subsector_peers,convergence,0.00030259652544236846,115,201
199,3,semiconductor_adjusted_return,economic_subsector_peers,peer_catchup,0.0019305565540722197,115,201
199,3,semiconductor_adjusted_return,economic_subsector_peers,initiator_reversal,-0.0016279600286298514,115,201
199,5,semiconductor_adjusted_return,economic_subsector_peers,convergence,-0.005005412972909187,80,201
199,5,semiconductor_adjusted_return,economic_subsector_peers,peer_catchup,0.0025794386689665947,80,201
199,5,semiconductor_adjusted_return,economic_subsector_peers,initiator_reversal,-0.007584851641875783,80,201
199,10,semiconductor_adjusted_return,economic_subsector_peers,convergence,0.0007914216459976092,23,201
199,10,semiconductor_adjusted_return,economic_subsector_peers,peer_catchup,-0.0016670207617896806,23,201
199,10,semiconductor_adjusted_return,economic_subsector_peers,initiator_reversal,0.0024584424077872887,23,201
200,1,semiconductor_adjusted_return,economic_subsector_peers,convergence,-0.001216054156595601,182,230
200,1,semiconductor_adjusted_return,economic_subsector_peers,peer_catchup,-0.0008696197296277653,182,230
200,1,semiconductor_adjusted_return,economic_subsector_peers,initiator_reversal,-0.0003464344269678355,182,230
200,3,semiconductor_adjusted_return,economic_subsector_peers,convergence,-0.0032147233843422356,122,230
200,3,semiconductor_adjusted_return,economic_subsector_peers,peer_catchup,0.0009358049175142692,122,230
200,3,semiconductor_adjusted_return,economic_subsector_peers,initiator_reversal,-0.004150528301856506,122,230
200,5,semiconductor_adjusted_return,economic_subsector_peers,convergence,-0.003293083788731398,88,230
200,5,semiconductor_adjusted_return,economic_subsector_peers,peer_catchup,2.6797167375743122e-05,88,230
200,5,semiconductor_adjusted_return,economic_subsector_peers,initiator_reversal,-0.003319880956107142,88,230
200,10,semiconductor_adjusted_return,economic_subsector_peers,convergence,0.008290286068743939,24,230
200,10,semiconductor_adjusted_return,economic_subsector_peers,peer_catchup,0.00310747947332744,24,230
200,10,semiconductor_adjusted_return,economic_subsector_peers,initiator_reversal,0.005182806595416499,24,230
201,1,semiconductor_adjusted_return,economic_subsector_peers,convergence,0.0004775436133394247,166,194
201,1,semiconductor_adjusted_return,economic_subsector_peers,peer_catchup,0.0002926758340788085,166,194
201,1,semiconductor_adjusted_return,economic_subsector_peers,initiator_reversal,0.00018486777926061658,166,194
201,3,semiconductor_adjusted_return,economic_subsector_peers,convergence,0.0011076452750863762,102,194
201,3,semiconductor_adjusted_return,economic_subsector_peers,peer_catchup,0.0017596632857853555,102,194
201,3,semiconductor_adjusted_return,economic_subsector_peers,initiator_reversal,-0.0006520180106989789,102,194
201,5,semiconductor_adjusted_return,economic_subsector_peers,convergence,-2.39041608861904e-05,67,194
201,5,semiconductor_adjusted_return,economic_subsector_peers,peer_catchup,0.0030051842201539395,67,194
201,5,semiconductor_adjusted_return,economic_subsector_peers,initiator_reversal,-0.0030290883810401314,67,194
201,10,semiconductor_adjusted_return,economic_subsector_peers,convergence,-0.01294752143555495,25,194
201,10,semiconductor_adjusted_return,economic_subsector_peers,peer_catchup,0.006026263592358001,25,194
201,10,semiconductor_adjusted_return,economic_subsector_peers,initiator_reversal,-0.018973785027912953,25,194
202,1,semiconductor_adjusted_return,economic_subsector_peers,convergence,-0.0002967868605692908,169,203
202,1,semiconductor_adjusted_return,economic_subsector_peers,peer_catchup,-0.00018182597316142068,169,203
202,1,semiconductor_adjusted_return,economic_subsector_peers,initiator_reversal,-0.00011496088740787014,169,203
202,3,semiconductor_adjusted_return,economic_subsector_peers,convergence,0.004495056830029813,113,203
202,3,semiconductor_adjusted_return,economic_subsector_peers,peer_catchup,0.0014082571707904126,113,203
202,3,semiconductor_adjusted_return,economic_subsector_peers,initiator_reversal,0.0030867996592393995,113,203
202,5,semiconductor_adjusted_return,economic_subsector_peers,convergence,0.010158261300294368,79,203
202,5,semiconductor_adjusted_return,economic_subsector_peers,peer_catchup,0.00040161404356968725,79,203
202,5,semiconductor_adjusted_return,economic_subsector_peers,initiator_reversal,0.009756647256724683,79,203
202,10,semiconductor_adjusted_return,economic_subsector_peers,convergence,0.017361546195838778,24,203
202,10,semiconductor_adjusted_return,economic_subsector_peers,peer_catchup,0.008659444903625815,24,203
202,10,semiconductor_adjusted_return,economic_subsector_peers,initiator_reversal,0.00870210129221296,24,203
203,1,semiconductor_adjusted_return,economic_subsector_peers,convergence,-0.002348850132572947,170,208
203,1,semiconductor_adjusted_return,economic_subsector_peers,peer_catchup,-0.00047431652295833247,170,208
203,1,semiconductor_adjusted_return,economic_subsector_peers,initiator_reversal,-0.0018745336096146147,170,208
203,3,semiconductor_adjusted_return,economic_subsector_peers,convergence,-0.008722719407231882,96,208
203,3,semiconductor_adjusted_return,economic_subsector_peers,peer_catchup,-0.001065616384994062,96,208
203,3,semiconductor_adjusted_return,economic_subsector_peers,initiator_reversal,-0.007657103022237821,96,208
203,5,semiconductor_adjusted_return,economic_subsector_peers,convergence,-0.013434300419141431,66,208
203,5,semiconductor_adjusted_return,economic_subsector_peers,peer_catchup,-0.0036536842995768984,66,208
203,5,semiconductor_adjusted_return,economic_subsector_peers,initiator_reversal,-0.009780616119564534,66,208
203,10,semiconductor_adjusted_return,economic_subsector_peers,convergence,-0.016217200893271878,28,208
203,10,semiconductor_adjusted_return,economic_subsector_peers,peer_catchup,-0.00070944741821978,28,208
203,10,semiconductor_adjusted_return,economic_subsector_peers,initiator_reversal,-0.015507753475052094,28,208
204,1,semiconductor_adjusted_return,economic_subsector_peers,convergence,-0.001599806650036441,186,226
204,1,semiconductor_adjusted_return,economic_subsector_peers,peer_catchup,-0.0006420655360299605,186,226
204,1,semiconductor_adjusted_return,economic_subsector_peers,initiator_reversal,-0.0009577411140064805,186,226
204,3,semiconductor_adjusted_return,economic_subsector_peers,convergence,-0.0068190537239833995,119,226
204,3,semiconductor_adjusted_return,economic_subsector_peers,peer_catchup,-0.0021594933722867676,119,226
204,3,semiconductor_adjusted_return,economic_subsector_peers,initiator_reversal,-0.0046595603516966285,119,226
204,5,semiconductor_adjusted_return,economic_subsector_peers,convergence,-0.005809386623758442,80,226
204,5,semiconductor_adjusted_return,economic_subsector_peers,peer_catchup,-0.0023597869168118157,80,226
204,5,semiconductor_adjusted_return,economic_subsector_peers,initiator_reversal,-0.0034495997069466265,80,226
204,10,semiconductor_adjusted_return,economic_subsector_peers,convergence,-0.0078332881457528,36,226
204,10,semiconductor_adjusted_return,economic_subsector_peers,peer_catchup,-0.006778888490219665,36,226
204,10,semiconductor_adjusted_return,economic_subsector_peers,initiator_reversal,-0.0010543996555331357,36,226
205,1,semiconductor_adjusted_return,economic_subsector_peers,convergence,-0.000539035214528083,174,213
205,1,semiconductor_adjusted_return,economic_subsector_peers,peer_catchup,0.0005285374540210644,174,213
205,1,semiconductor_adjusted_return,economic_subsector_peers,initiator_reversal,-0.0010675726685491487,174,213
205,3,semiconductor_adjusted_return,economic_subsector_peers,convergence,-0.001341155880972304,113,213
205,3,semiconductor_adjusted_return,economic_subsector_peers,peer_catchup,-0.0007362176421588325,113,213
205,3,semiconductor_adjusted_return,economic_subsector_peers,initiator_reversal,-0.0006049382388134715,113,213
205,5,semiconductor_adjusted_return,economic_subsector_peers,convergence,0.0005504199384930439,68,213
205,5,semiconductor_adjusted_return,economic_subsector_peers,peer_catchup,-9.007138046025622e-05,68,213
205,5,semiconductor_adjusted_return,economic_subsector_peers,initiator_reversal,0.0006404913189533003,68,213
205,10,semiconductor_adjusted_return,economic_subsector_peers,convergence,0.02169817927048154,27,213
205,10,semiconductor_adjusted_return,economic_subsector_peers,peer_catchup,-0.0013292128992137883,27,213
205,10,semiconductor_adjusted_return,economic_subsector_peers,initiator_reversal,0.023027392169695324,27,213
206,1,semiconductor_adjusted_return,economic_subsector_peers,convergence,0.000798030719545253,205,243
206,1,semiconductor_adjusted_return,economic_subsector_peers,peer_catchup,0.0003881680245297249,205,243
206,1,semiconductor_adjusted_return,economic_subsector_peers,initiator_reversal,0.00040986269501552873,205,243
206,3,semiconductor_adjusted_return,economic_subsector_peers,convergence,-0.0019951875454781278,130,243
206,3,semiconductor_adjusted_return,economic_subsector_peers,peer_catchup,0.001696978524365803,130,243
206,3,semiconductor_adjusted_return,economic_subsector_peers,initiator_reversal,-0.0036921660698439308,130,243
206,5,semiconductor_adjusted_return,economic_subsector_peers,convergence,-0.00015616395731838574,88,243
206,5,semiconductor_adjusted_return,economic_subsector_peers,peer_catchup,-0.002033561238797724,88,243
206,5,semiconductor_adjusted_return,economic_subsector_peers,initiator_reversal,0.001877397281479339,88,243
206,10,semiconductor_adjusted_return,economic_subsector_peers,convergence,0.0010129167487177974,29,243
206,10,semiconductor_adjusted_return,economic_subsector_peers,peer_catchup,0.011045200269131772,29,243
206,10,semiconductor_adjusted_return,economic_subsector_peers,initiator_reversal,-0.010032283520413975,29,243
207,1,semiconductor_adjusted_return,economic_subsector_peers,convergence,-0.002115203503675313,167,211
207,1,semiconductor_adjusted_return,economic_subsector_peers,peer_catchup,0.00020598243728450614,167,211
207,1,semiconductor_adjusted_return,economic_subsector_peers,initiator_reversal,-0.002321185940959819,167,211
207,3,semiconductor_adjusted_return,economic_subsector_peers,convergence,-0.0027282364397424462,116,211
207,3,semiconductor_adjusted_return,economic_subsector_peers,peer_catchup,-0.0008869692498336525,116,211
207,3,semiconductor_adjusted_return,economic_subsector_peers,initiator_reversal,-0.0018412671899087944,116,211
207,5,semiconductor_adjusted_return,economic_subsector_peers,convergence,-0.004832723584319392,79,211
207,5,semiconductor_adjusted_return,economic_subsector_peers,peer_catchup,-0.002354885423901398,79,211
207,5,semiconductor_adjusted_return,economic_subsector_peers,initiator_reversal,-0.0024778381604179936,79,211
207,10,semiconductor_adjusted_return,economic_subsector_peers,convergence,-0.006109670161146431,27,211
207,10,semiconductor_adjusted_return,economic_subsector_peers,peer_catchup,-0.000927012019583246,27,211
207,10,semiconductor_adjusted_return,economic_subsector_peers,initiator_reversal,-0.005182658141563185,27,211
208,1,semiconductor_adjusted_return,economic_subsector_peers,convergence,0.001119796083915504,161,200
208,1,semiconductor_adjusted_return,economic_subsector_peers,peer_catchup,0.0001366221109413027,161,200
208,1,semiconductor_adjusted_return,economic_subsector_peers,initiator_reversal,0.0009831739729742016,161,200
208,3,semiconductor_adjusted_return,economic_subsector_peers,convergence,-0.0020877690936915543,115,200
208,3,semiconductor_adjusted_return,economic_subsector_peers,peer_catchup,-0.00017557606195083106,115,200
208,3,semiconductor_adjusted_return,economic_subsector_peers,initiator_reversal,-0.001912193031740723,115,200
208,5,semiconductor_adjusted_return,economic_subsector_peers,convergence,0.00024922637893433656,73,200
208,5,semiconductor_adjusted_return,economic_subsector_peers,peer_catchup,-0.002739200978183085,73,200
208,5,semiconductor_adjusted_return,economic_subsector_peers,initiator_reversal,0.0029884273571174212,73,200
208,10,semiconductor_adjusted_return,economic_subsector_peers,convergence,-0.0004957905536292476,26,200
208,10,semiconductor_adjusted_return,economic_subsector_peers,peer_catchup,-0.003110190089195157,26,200
208,10,semiconductor_adjusted_return,economic_subsector_peers,initiator_reversal,0.0026143995355659105,26,200
209,1,semiconductor_adjusted_return,economic_subsector_peers,convergence,0.0008091413492545916,160,202
209,1,semiconductor_adjusted_return,economic_subsector_peers,peer_catchup,0.0007241937709877673,160,202
209,1,semiconductor_adjusted_return,economic_subsector_peers,initiator_reversal,8.494757826682459e-05,160,202
209,3,semiconductor_adjusted_return,economic_subsector_peers,convergence,0.002238087422065216,125,202
209,3,semiconductor_adjusted_return,economic_subsector_peers,peer_catchup,0.0015803853521380398,125,202
209,3,semiconductor_adjusted_return,economic_subsector_peers,initiator_reversal,0.0006577020699271778,125,202
209,5,semiconductor_adjusted_return,economic_subsector_peers,convergence,-0.0028500697348943795,80,202
209,5,semiconductor_adjusted_return,economic_subsector_peers,peer_catchup,-0.0006745324009949953,80,202
209,5,semiconductor_adjusted_return,economic_subsector_peers,initiator_reversal,-0.0021755373338993847,80,202
209,10,semiconductor_adjusted_return,economic_subsector_peers,convergence,-0.00010327244261973971,28,202
209,10,semiconductor_adjusted_return,economic_subsector_peers,peer_catchup,0.002831929653674787,28,202
209,10,semiconductor_adjusted_return,economic_subsector_peers,initiator_reversal,-0.0029352020962945258,28,202
210,1,semiconductor_adjusted_return,economic_subsector_peers,convergence,-0.0017397900587719601,170,208
210,1,semiconductor_adjusted_return,economic_subsector_peers,peer_catchup,0.0001626841918861074,170,208
210,1,semiconductor_adjusted_return,economic_subsector_peers,initiator_reversal,-0.0019024742506580674,170,208
210,3,semiconductor_adjusted_return,economic_subsector_peers,convergence,-0.004584203945657314,123,208
210,3,semiconductor_adjusted_return,economic_subsector_peers,peer_catchup,-0.0016591529150596313,123,208
210,3,semiconductor_adjusted_return,economic_subsector_peers,initiator_reversal,-0.0029250510305976825,123,208
210,5,semiconductor_adjusted_return,economic_subsector_peers,convergence,-0.0061459869734549755,90,208
210,5,semiconductor_adjusted_return,economic_subsector_peers,peer_catchup,-0.002356100773694722,90,208
210,5,semiconductor_adjusted_return,economic_subsector_peers,initiator_reversal,-0.0037898861997602536,90,208
210,10,semiconductor_adjusted_return,economic_subsector_peers,convergence,-0.004902191957208478,31,208
210,10,semiconductor_adjusted_return,economic_subsector_peers,peer_catchup,-0.0036549038606023846,31,208
210,10,semiconductor_adjusted_return,economic_subsector_peers,initiator_reversal,-0.0012472880966060925,31,208
211,1,semiconductor_adjusted_return,economic_subsector_peers,convergence,0.002369921609188789,197,245
211,1,semiconductor_adjusted_return,economic_subsector_peers,peer_catchup,0.0005426329457254085,197,245
211,1,semiconductor_adjusted_return,economic_subsector_peers,initiator_reversal,0.0018272886634633813,197,245
211,3,semiconductor_adjusted_return,economic_subsector_peers,convergence,0.0008941873661631643,136,245
211,3,semiconductor_adjusted_return,economic_subsector_peers,peer_catchup,0.0013552512216606994,136,245
211,3,semiconductor_adjusted_return,economic_subsector_peers,initiator_reversal,-0.0004610638554975359,136,245
211,5,semiconductor_adjusted_return,economic_subsector_peers,convergence,-0.0002508560679122916,90,245
211,5,semiconductor_adjusted_return,economic_subsector_peers,peer_catchup,0.003580590635035066,90,245
211,5,semiconductor_adjusted_return,economic_subsector_peers,initiator_reversal,-0.003831446702947357,90,245
211,10,semiconductor_adjusted_return,economic_subsector_peers,convergence,-0.002434784385066929,30,245
211,10,semiconductor_adjusted_return,economic_subsector_peers,peer_catchup,0.007204071612613329,30,245
211,10,semiconductor_adjusted_return,economic_subsector_peers,initiator_reversal,-0.009638855997680261,30,245
212,1,semiconductor_adjusted_return,economic_subsector_peers,convergence,-0.00017033962062562905,183,223
212,1,semiconductor_adjusted_return,economic_subsector_peers,peer_catchup,0.00024111169939603503,183,223
212,1,semiconductor_adjusted_return,economic_subsector_peers,initiator_reversal,-0.00041145132002166397,183,223
212,3,semiconductor_adjusted_return,economic_subsector_peers,convergence,-0.0011967112088161955,119,223
212,3,semiconductor_adjusted_return,economic_subsector_peers,peer_catchup,0.0006228634449568041,119,223
212,3,semiconductor_adjusted_return,economic_subsector_peers,initiator_reversal,-0.0018195746537729984,119,223
212,5,semiconductor_adjusted_return,economic_subsector_peers,convergence,-0.006398236204140079,89,223
212,5,semiconductor_adjusted_return,economic_subsector_peers,peer_catchup,0.003028435421359214,89,223
212,5,semiconductor_adjusted_return,economic_subsector_peers,initiator_reversal,-0.009426671625499294,89,223
212,10,semiconductor_adjusted_return,economic_subsector_peers,convergence,-0.0024675740340325673,28,223
212,10,semiconductor_adjusted_return,economic_subsector_peers,peer_catchup,-0.0011353042766789616,28,223
212,10,semiconductor_adjusted_return,economic_subsector_peers,initiator_reversal,-0.0013322697573536035,28,223
213,1,semiconductor_adjusted_return,economic_subsector_peers,convergence,-0.002557915510305086,164,199
213,1,semiconductor_adjusted_return,economic_subsector_peers,peer_catchup,-2.0502920285844635e-05,164,199
213,1,semiconductor_adjusted_return,economic_subsector_peers,initiator_reversal,-0.002537412590019241,164,199
213,3,semiconductor_adjusted_return,economic_subsector_peers,convergence,0.0010158691381401794,109,199
213,3,semiconductor_adjusted_return,economic_subsector_peers,peer_catchup,-0.000957654238246192,109,199
213,3,semiconductor_adjusted_return,economic_subsector_peers,initiator_reversal,0.0019735233763863718,109,199
213,5,semiconductor_adjusted_return,economic_subsector_peers,convergence,0.0029001550873838646,80,199
213,5,semiconductor_adjusted_return,economic_subsector_peers,peer_catchup,-0.0005563944081076351,80,199
213,5,semiconductor_adjusted_return,economic_subsector_peers,initiator_reversal,0.0034565494954914996,80,199
213,10,semiconductor_adjusted_return,economic_subsector_peers,convergence,-0.003528909549869883,33,199
213,10,semiconductor_adjusted_return,economic_subsector_peers,peer_catchup,-0.00410873351543739,33,199
213,10,semiconductor_adjusted_return,economic_subsector_peers,initiator_reversal,0.000579823965567508,33,199
214,1,semiconductor_adjusted_return,economic_subsector_peers,convergence,0.0005037020252403819,183,214
214,1,semiconductor_adjusted_return,economic_subsector_peers,peer_catchup,0.0003953656626475495,183,214
214,1,semiconductor_adjusted_return,economic_subsector_peers,initiator_reversal,0.00010833636259283282,183,214
214,3,semiconductor_adjusted_return,economic_subsector_peers,convergence,0.003834159721266139,127,214
214,3,semiconductor_adjusted_return,economic_subsector_peers,peer_catchup,0.001499403294377985,127,214
214,3,semiconductor_adjusted_return,economic_subsector_peers,initiator_reversal,0.0023347564268881545,127,214
214,5,semiconductor_adjusted_return,economic_subsector_peers,convergence,0.005011179542080141,79,214
214,5,semiconductor_adjusted_return,economic_subsector_peers,peer_catchup,0.0029010757164803272,79,214
214,5,semiconductor_adjusted_return,economic_subsector_peers,initiator_reversal,0.002110103825599815,79,214
214,10,semiconductor_adjusted_return,economic_subsector_peers,convergence,0.0009694326884284834,38,214
214,10,semiconductor_adjusted_return,economic_subsector_peers,peer_catchup,0.009529222777968546,38,214
214,10,semiconductor_adjusted_return,economic_subsector_peers,initiator_reversal,-0.008559790089540062,38,214
215,1,semiconductor_adjusted_return,economic_subsector_peers,convergence,-0.001970024904775408,159,201
215,1,semiconductor_adjusted_return,economic_subsector_peers,peer_catchup,0.0002511690422870191,159,201
215,1,semiconductor_adjusted_return,economic_subsector_peers,initiator_reversal,-0.002221193947062427,159,201
215,3,semiconductor_adjusted_return,economic_subsector_peers,convergence,0.002274057714406697,110,201
215,3,semiconductor_adjusted_return,economic_subsector_peers,peer_catchup,0.0018505087687857426,110,201
215,3,semiconductor_adjusted_return,economic_subsector_peers,initiator_reversal,0.000423548945620954,110,201
215,5,semiconductor_adjusted_return,economic_subsector_peers,convergence,-0.0007797685936977534,76,201
215,5,semiconductor_adjusted_return,economic_subsector_peers,peer_catchup,0.00011695377572917945,76,201
215,5,semiconductor_adjusted_return,economic_subsector_peers,initiator_reversal,-0.0008967223694269331,76,201
215,10,semiconductor_adjusted_return,economic_subsector_peers,convergence,-0.010707754669768832,33,201
215,10,semiconductor_adjusted_return,economic_subsector_peers,peer_catchup,0.0019937364643178874,33,201
215,10,semiconductor_adjusted_return,economic_subsector_peers,initiator_reversal,-0.012701491134086721,33,201
216,1,semiconductor_adjusted_return,economic_subsector_peers,convergence,-0.001187769054884612,167,188
216,1,semiconductor_adjusted_return,economic_subsector_peers,peer_catchup,3.526803633271297e-05,167,188
216,1,semiconductor_adjusted_return,economic_subsector_peers,initiator_reversal,-0.001223037091217325,167,188
216,3,semiconductor_adjusted_return,economic_subsector_peers,convergence,-0.0009340977626233884,111,188
216,3,semiconductor_adjusted_return,economic_subsector_peers,peer_catchup,0.00033982654513435925,111,188
216,3,semiconductor_adjusted_return,economic_subsector_peers,initiator_reversal,-0.0012739243077577475,111,188
216,5,semiconductor_adjusted_return,economic_subsector_peers,convergence,-0.007006314363672612,77,188
216,5,semiconductor_adjusted_return,economic_subsector_peers,peer_catchup,-0.0010306268927905795,77,188
216,5,semiconductor_adjusted_return,economic_subsector_peers,initiator_reversal,-0.005975687470882035,77,188
216,10,semiconductor_adjusted_return,economic_subsector_peers,convergence,0.005398150993101651,28,188
216,10,semiconductor_adjusted_return,economic_subsector_peers,peer_catchup,-0.00316171749264412,28,188
216,10,semiconductor_adjusted_return,economic_subsector_peers,initiator_reversal,0.00855986848574577,28,188
217,1,semiconductor_adjusted_return,economic_subsector_peers,convergence,0.002232090511855055,163,201
217,1,semiconductor_adjusted_return,economic_subsector_peers,peer_catchup,-1.3157477706031351e-06,163,201
217,1,semiconductor_adjusted_return,economic_subsector_peers,initiator_reversal,0.002233406259625657,163,201
217,3,semiconductor_adjusted_return,economic_subsector_peers,convergence,0.003896303856316688,95,201
217,3,semiconductor_adjusted_return,economic_subsector_peers,peer_catchup,-0.0015855607869759423,95,201
217,3,semiconductor_adjusted_return,economic_subsector_peers,initiator_reversal,0.00548186464329263,95,201
217,5,semiconductor_adjusted_return,economic_subsector_peers,convergence,0.001463268480905836,67,201
217,5,semiconductor_adjusted_return,economic_subsector_peers,peer_catchup,-0.001627168570838775,67,201
217,5,semiconductor_adjusted_return,economic_subsector_peers,initiator_reversal,0.00309043705174461,67,201
217,10,semiconductor_adjusted_return,economic_subsector_peers,convergence,0.004121122151663331,25,201
217,10,semiconductor_adjusted_return,economic_subsector_peers,peer_catchup,0.0008376301713493923,25,201
217,10,semiconductor_adjusted_return,economic_subsector_peers,initiator_reversal,0.0032834919803139385,25,201
218,1,semiconductor_adjusted_return,economic_subsector_peers,convergence,-0.0002515898530921398,182,220
218,1,semiconductor_adjusted_return,economic_subsector_peers,peer_catchup,-0.0008700790845458538,182,220
218,1,semiconductor_adjusted_return,economic_subsector_peers,initiator_reversal,0.0006184892314537135,182,220
218,3,semiconductor_adjusted_return,economic_subsector_peers,convergence,5.132185635232497e-05,140,220
218,3,semiconductor_adjusted_return,economic_subsector_peers,peer_catchup,-0.004318250223421245,140,220
218,3,semiconductor_adjusted_return,economic_subsector_peers,initiator_reversal,0.004369572079773569,140,220
218,5,semiconductor_adjusted_return,economic_subsector_peers,convergence,-6.022512144013299e-05,79,220
218,5,semiconductor_adjusted_return,economic_subsector_peers,peer_catchup,-0.0034920474006604227,79,220
218,5,semiconductor_adjusted_return,economic_subsector_peers,initiator_reversal,0.003431822279220289,79,220
218,10,semiconductor_adjusted_return,economic_subsector_peers,convergence,0.004753333560057748,33,220
218,10,semiconductor_adjusted_return,economic_subsector_peers,peer_catchup,-0.006690733300313088,33,220
218,10,semiconductor_adjusted_return,economic_subsector_peers,initiator_reversal,0.011444066860370835,33,220
219,1,semiconductor_adjusted_return,economic_subsector_peers,convergence,-0.0003649642742255407,159,210
219,1,semiconductor_adjusted_return,economic_subsector_peers,peer_catchup,0.00012074579386713378,159,210
219,1,semiconductor_adjusted_return,economic_subsector_peers,initiator_reversal,-0.00048571006809267455,159,210
219,3,semiconductor_adjusted_return,economic_subsector_peers,convergence,-0.0001992613551690437,97,210
219,3,semiconductor_adjusted_return,economic_subsector_peers,peer_catchup,0.003079764929806485,97,210
219,3,semiconductor_adjusted_return,economic_subsector_peers,initiator_reversal,-0.003279026284975529,97,210
219,5,semiconductor_adjusted_return,economic_subsector_peers,convergence,0.002096314500720193,63,210
219,5,semiconductor_adjusted_return,economic_subsector_peers,peer_catchup,0.0034125427291266377,63,210
219,5,semiconductor_adjusted_return,economic_subsector_peers,initiator_reversal,-0.0013162282284064437,63,210
219,10,semiconductor_adjusted_return,economic_subsector_peers,convergence,0.0025456722689036738,17,210
219,10,semiconductor_adjusted_return,economic_subsector_peers,peer_catchup,0.005022754824058268,17,210
219,10,semiconductor_adjusted_return,economic_subsector_peers,initiator_reversal,-0.0024770825551545935,17,210
220,1,semiconductor_adjusted_return,economic_subsector_peers,convergence,-0.0019493376986051264,177,225
220,1,semiconductor_adjusted_return,economic_subsector_peers,peer_catchup,-7.569616339588218e-05,177,225
220,1,semiconductor_adjusted_return,economic_subsector_peers,initiator_reversal,-0.0018736415352092444,177,225
220,3,semiconductor_adjusted_return,economic_subsector_peers,convergence,-0.0035002194859285606,121,225
220,3,semiconductor_adjusted_return,economic_subsector_peers,peer_catchup,-0.002205160653712475,121,225
220,3,semiconductor_adjusted_return,economic_subsector_peers,initiator_reversal,-0.0012950588322160844,121,225
220,5,semiconductor_adjusted_return,economic_subsector_peers,convergence,0.0033342199417327346,92,225
220,5,semiconductor_adjusted_return,economic_subsector_peers,peer_catchup,2.252379217626492e-05,92,225
220,5,semiconductor_adjusted_return,economic_subsector_peers,initiator_reversal,0.0033116961495564708,92,225
220,10,semiconductor_adjusted_return,economic_subsector_peers,convergence,-0.004059488294570917,32,225
220,10,semiconductor_adjusted_return,economic_subsector_peers,peer_catchup,-0.0021763161145150847,32,225
220,10,semiconductor_adjusted_return,economic_subsector_peers,initiator_reversal,-0.0018831721800558329,32,225
221,1,semiconductor_adjusted_return,economic_subsector_peers,convergence,-0.00025801512059865503,208,251
221,1,semiconductor_adjusted_return,economic_subsector_peers,peer_catchup,0.00048542975321939224,208,251
221,1,semiconductor_adjusted_return,economic_subsector_peers,initiator_reversal,-0.0007434448738180472,208,251
221,3,semiconductor_adjusted_return,economic_subsector_peers,convergence,-0.00042394290445515076,132,251
221,3,semiconductor_adjusted_return,economic_subsector_peers,peer_catchup,0.0012929277600312549,132,251
221,3,semiconductor_adjusted_return,economic_subsector_peers,initiator_reversal,-0.0017168706644864053,132,251
221,5,semiconductor_adjusted_return,economic_subsector_peers,convergence,0.0019885127496452343,84,251
221,5,semiconductor_adjusted_return,economic_subsector_peers,peer_catchup,0.0013320551572111958,84,251
221,5,semiconductor_adjusted_return,economic_subsector_peers,initiator_reversal,0.0006564575924340387,84,251
221,10,semiconductor_adjusted_return,economic_subsector_peers,convergence,0.003740012381582278,26,251
221,10,semiconductor_adjusted_return,economic_subsector_peers,peer_catchup,0.009395177550821228,26,251
221,10,semiconductor_adjusted_return,economic_subsector_peers,initiator_reversal,-0.005655165169238951,26,251
222,1,semiconductor_adjusted_return,economic_subsector_peers,convergence,-0.0002991629829925777,176,204
222,1,semiconductor_adjusted_return,economic_subsector_peers,peer_catchup,0.0004886506017567548,176,204
222,1,semiconductor_adjusted_return,economic_subsector_peers,initiator_reversal,-0.0007878135847493325,176,204
222,3,semiconductor_adjusted_return,economic_subsector_peers,convergence,0.0027467849814665993,125,204
222,3,semiconductor_adjusted_return,economic_subsector_peers,peer_catchup,0.001710289615286177,125,204
222,3,semiconductor_adjusted_return,economic_subsector_peers,initiator_reversal,0.0010364953661804207,125,204
222,5,semiconductor_adjusted_return,economic_subsector_peers,convergence,0.005579152144331437,92,204
222,5,semiconductor_adjusted_return,economic_subsector_peers,peer_catchup,0.0014811057987085673,92,204
222,5,semiconductor_adjusted_return,economic_subsector_peers,initiator_reversal,0.004098046345622871,92,204
222,10,semiconductor_adjusted_return,economic_subsector_peers,convergence,0.0008379283423282732,39,204
222,10,semiconductor_adjusted_return,economic_subsector_peers,peer_catchup,0.0117659573143668,39,204
222,10,semiconductor_adjusted_return,economic_subsector_peers,initiator_reversal,-0.010928028972038529,39,204
223,1,semiconductor_adjusted_return,economic_subsector_peers,convergence,-0.0005982300296401474,153,209
223,1,semiconductor_adjusted_return,economic_subsector_peers,peer_catchup,0.0007501361473628223,153,209
223,1,semiconductor_adjusted_return,economic_subsector_peers,initiator_reversal,-0.00134836617700297,153,209
223,3,semiconductor_adjusted_return,economic_subsector_peers,convergence,-0.004473416522302096,94,209
223,3,semiconductor_adjusted_return,economic_subsector_peers,peer_catchup,0.0009058455338427093,94,209
223,3,semiconductor_adjusted_return,economic_subsector_peers,initiator_reversal,-0.005379262056144804,94,209
223,5,semiconductor_adjusted_return,economic_subsector_peers,convergence,-0.0056078223107784795,58,209
223,5,semiconductor_adjusted_return,economic_subsector_peers,peer_catchup,-0.0018134987117539392,58,209
223,5,semiconductor_adjusted_return,economic_subsector_peers,initiator_reversal,-0.0037943235990245414,58,209
223,10,semiconductor_adjusted_return,economic_subsector_peers,convergence,-0.007450295726153001,27,209
223,10,semiconductor_adjusted_return,economic_subsector_peers,peer_catchup,-0.0018292376968061562,27,209
223,10,semiconductor_adjusted_return,economic_subsector_peers,initiator_reversal,-0.005621058029346846,27,209
224,1,semiconductor_adjusted_return,economic_subsector_peers,convergence,0.0005650934780308664,176,221
224,1,semiconductor_adjusted_return,economic_subsector_peers,peer_catchup,-0.0007017619896588507,176,221
224,1,semiconductor_adjusted_return,economic_subsector_peers,initiator_reversal,0.001266855467689717,176,221
224,3,semiconductor_adjusted_return,economic_subsector_peers,convergence,0.001384991354157813,138,221
224,3,semiconductor_adjusted_return,economic_subsector_peers,peer_catchup,-0.0002597850908263589,138,221
224,3,semiconductor_adjusted_return,economic_subsector_peers,initiator_reversal,0.0016447764449841716,138,221
224,5,semiconductor_adjusted_return,economic_subsector_peers,convergence,0.002708473286057291,85,221
224,5,semiconductor_adjusted_return,economic_subsector_peers,peer_catchup,0.0023406307073404816,85,221
224,5,semiconductor_adjusted_return,economic_subsector_peers,initiator_reversal,0.00036784257871681064,85,221
224,10,semiconductor_adjusted_return,economic_subsector_peers,convergence,0.013849862970806046,24,221
224,10,semiconductor_adjusted_return,economic_subsector_peers,peer_catchup,0.0022077048032777056,24,221
224,10,semiconductor_adjusted_return,economic_subsector_peers,initiator_reversal,0.011642158167528338,24,221
225,1,semiconductor_adjusted_return,economic_subsector_peers,convergence,0.0011693987712694059,157,201
225,1,semiconductor_adjusted_return,economic_subsector_peers,peer_catchup,-0.0015626410865582617,157,201
225,1,semiconductor_adjusted_return,economic_subsector_peers,initiator_reversal,0.002732039857827668,157,201
225,3,semiconductor_adjusted_return,economic_subsector_peers,convergence,0.0012717490686344486,117,201
225,3,semiconductor_adjusted_return,economic_subsector_peers,peer_catchup,-0.002722008807137254,117,201
225,3,semiconductor_adjusted_return,economic_subsector_peers,initiator_reversal,0.003993757875771703,117,201
225,5,semiconductor_adjusted_return,economic_subsector_peers,convergence,-0.0020183892057400524,71,201
225,5,semiconductor_adjusted_return,economic_subsector_peers,peer_catchup,-0.0008957363224730286,71,201
225,5,semiconductor_adjusted_return,economic_subsector_peers,initiator_reversal,-0.0011226528832670236,71,201
225,10,semiconductor_adjusted_return,economic_subsector_peers,convergence,-0.0026573231191823823,24,201
225,10,semiconductor_adjusted_return,economic_subsector_peers,peer_catchup,-0.006281568842406898,24,201
225,10,semiconductor_adjusted_return,economic_subsector_peers,initiator_reversal,0.003624245723224516,24,201
226,1,semiconductor_adjusted_return,economic_subsector_peers,convergence,0.00013790435485565606,176,228
226,1,semiconductor_adjusted_return,economic_subsector_peers,peer_catchup,0.0005330038749854968,176,228
226,1,semiconductor_adjusted_return,economic_subsector_peers,initiator_reversal,-0.0003950995201298406,176,228
226,3,semiconductor_adjusted_return,economic_subsector_peers,convergence,0.0024092927442945548,118,228
226,3,semiconductor_adjusted_return,economic_subsector_peers,peer_catchup,-0.0009569232940595884,118,228
226,3,semiconductor_adjusted_return,economic_subsector_peers,initiator_reversal,0.0033662160383541406,118,228
226,5,semiconductor_adjusted_return,economic_subsector_peers,convergence,0.003323736589751756,82,228
226,5,semiconductor_adjusted_return,economic_subsector_peers,peer_catchup,-0.00023426504268492576,82,228
226,5,semiconductor_adjusted_return,economic_subsector_peers,initiator_reversal,0.003558001632436682,82,228
226,10,semiconductor_adjusted_return,economic_subsector_peers,convergence,0.009018076051050459,28,228
226,10,semiconductor_adjusted_return,economic_subsector_peers,peer_catchup,0.002567164726582842,28,228
226,10,semiconductor_adjusted_return,economic_subsector_peers,initiator_reversal,0.006450911324467621,28,228
227,1,semiconductor_adjusted_return,economic_subsector_peers,convergence,0.0007034750010743271,181,233
227,1,semiconductor_adjusted_return,economic_subsector_peers,peer_catchup,-0.0004795808011924833,181,233
227,1,semiconductor_adjusted_return,economic_subsector_peers,initiator_reversal,0.0011830558022668108,181,233
227,3,semiconductor_adjusted_return,economic_subsector_peers,convergence,-0.0005135216426825996,126,233
227,3,semiconductor_adjusted_return,economic_subsector_peers,peer_catchup,-0.0011162712431661045,126,233
227,3,semiconductor_adjusted_return,economic_subsector_peers,initiator_reversal,0.0006027496004835047,126,233
227,5,semiconductor_adjusted_return,economic_subsector_peers,convergence,-0.0004554441027522792,90,233
227,5,semiconductor_adjusted_return,economic_subsector_peers,peer_catchup,-0.0029219967789280137,90,233
227,5,semiconductor_adjusted_return,economic_subsector_peers,initiator_reversal,0.0024665526761757347,90,233
227,10,semiconductor_adjusted_return,economic_subsector_peers,convergence,0.009717665473275697,35,233
227,10,semiconductor_adjusted_return,economic_subsector_peers,peer_catchup,-0.0029767183016405313,35,233
227,10,semiconductor_adjusted_return,economic_subsector_peers,initiator_reversal,0.012694383774916228,35,233
228,1,semiconductor_adjusted_return,economic_subsector_peers,convergence,-0.00015156938047612006,177,206
228,1,semiconductor_adjusted_return,economic_subsector_peers,peer_catchup,0.0008783447630421252,177,206
228,1,semiconductor_adjusted_return,economic_subsector_peers,initiator_reversal,-0.0010299141435182449,177,206
228,3,semiconductor_adjusted_return,economic_subsector_peers,convergence,0.0034858009404714957,116,206
228,3,semiconductor_adjusted_return,economic_subsector_peers,peer_catchup,0.0011875180307627934,116,206
228,3,semiconductor_adjusted_return,economic_subsector_peers,initiator_reversal,0.0022982829097087033,116,206
228,5,semiconductor_adjusted_return,economic_subsector_peers,convergence,0.005014373623860558,79,206
228,5,semiconductor_adjusted_return,economic_subsector_peers,peer_catchup,0.004907492018485725,79,206
228,5,semiconductor_adjusted_return,economic_subsector_peers,initiator_reversal,0.00010688160537483026,79,206
228,10,semiconductor_adjusted_return,economic_subsector_peers,convergence,0.01596466802023671,36,206
228,10,semiconductor_adjusted_return,economic_subsector_peers,peer_catchup,0.010955059757876334,36,206
228,10,semiconductor_adjusted_return,economic_subsector_peers,initiator_reversal,0.005009608262360376,36,206
229,1,semiconductor_adjusted_return,economic_subsector_peers,convergence,0.00014488449159462117,181,217
229,1,semiconductor_adjusted_return,economic_subsector_peers,peer_catchup,0.0013285718598385645,181,217
229,1,semiconductor_adjusted_return,economic_subsector_peers,initiator_reversal,-0.0011836873682439437,181,217
229,3,semiconductor_adjusted_return,economic_subsector_peers,convergence,4.721144973800203e-05,119,217
229,3,semiconductor_adjusted_return,economic_subsector_peers,peer_catchup,0.001997496143736302,119,217
229,3,semiconductor_adjusted_return,economic_subsector_peers,initiator_reversal,-0.0019502846939983,119,217
229,5,semiconductor_adjusted_return,economic_subsector_peers,convergence,0.0009735928133183487,80,217
229,5,semiconductor_adjusted_return,economic_subsector_peers,peer_catchup,0.0017168713953976005,80,217
229,5,semiconductor_adjusted_return,economic_subsector_peers,initiator_reversal,-0.0007432785820792528,80,217
229,10,semiconductor_adjusted_return,economic_subsector_peers,convergence,-0.006616228579778875,36,217
229,10,semiconductor_adjusted_return,economic_subsector_peers,peer_catchup,0.0011559149062662355,36,217
229,10,semiconductor_adjusted_return,economic_subsector_peers,initiator_reversal,-0.007772143486045112,36,217
230,1,semiconductor_adjusted_return,economic_subsector_peers,convergence,0.0010614979340202873,192,238
230,1,semiconductor_adjusted_return,economic_subsector_peers,peer_catchup,-0.0004094477310413094,192,238
230,1,semiconductor_adjusted_return,economic_subsector_peers,initiator_reversal,0.0014709456650615967,192,238
230,3,semiconductor_adjusted_return,economic_subsector_peers,convergence,-0.0020336423640191816,135,238
230,3,semiconductor_adjusted_return,economic_subsector_peers,peer_catchup,-0.0009104537447051532,135,238
230,3,semiconductor_adjusted_return,economic_subsector_peers,initiator_reversal,-0.0011231886193140276,135,238
230,5,semiconductor_adjusted_return,economic_subsector_peers,convergence,0.0002805562921795971,88,238
230,5,semiconductor_adjusted_return,economic_subsector_peers,peer_catchup,0.00015884607785581511,88,238
230,5,semiconductor_adjusted_return,economic_subsector_peers,initiator_reversal,0.00012171021432378135,88,238
230,10,semiconductor_adjusted_return,economic_subsector_peers,convergence,-0.013970060277923272,42,238
230,10,semiconductor_adjusted_return,economic_subsector_peers,peer_catchup,-0.0017948600105647018,42,238
230,10,semiconductor_adjusted_return,economic_subsector_peers,initiator_reversal,-0.012175200267358572,42,238
231,1,semiconductor_adjusted_return,economic_subsector_peers,convergence,-0.00047730495535998953,184,226
231,1,semiconductor_adjusted_return,economic_subsector_peers,peer_catchup,-0.00025506545193230534,184,226
231,1,semiconductor_adjusted_return,economic_subsector_peers,initiator_reversal,-0.00022223950342768425,184,226
231,3,semiconductor_adjusted_return,economic_subsector_peers,convergence,-0.002485533853538815,134,226
231,3,semiconductor_adjusted_return,economic_subsector_peers,peer_catchup,0.0010726844964509062,134,226
231,3,semiconductor_adjusted_return,economic_subsector_peers,initiator_reversal,-0.0035582183499897214,134,226
231,5,semiconductor_adjusted_return,economic_subsector_peers,convergence,-0.003971040283759387,79,226
231,5,semiconductor_adjusted_return,economic_subsector_peers,peer_catchup,0.0014400354698557037,79,226
231,5,semiconductor_adjusted_return,economic_subsector_peers,initiator_reversal,-0.00541107575361509,79,226
231,10,semiconductor_adjusted_return,economic_subsector_peers,convergence,0.005531499015148664,33,226
231,10,semiconductor_adjusted_return,economic_subsector_peers,peer_catchup,0.007914567102802004,33,226
231,10,semiconductor_adjusted_return,economic_subsector_peers,initiator_reversal,-0.0023830680876533407,33,226
232,1,semiconductor_adjusted_return,economic_subsector_peers,convergence,0.001862252106249424,181,213
232,1,semiconductor_adjusted_return,economic_subsector_peers,peer_catchup,4.939268338995436e-06,181,213
232,1,semiconductor_adjusted_return,economic_subsector_peers,initiator_reversal,0.0018573128379104282,181,213
232,3,semiconductor_adjusted_return,economic_subsector_peers,convergence,0.0007214062035906972,112,213
232,3,semiconductor_adjusted_return,economic_subsector_peers,peer_catchup,0.000336998225184081,112,213
232,3,semiconductor_adjusted_return,economic_subsector_peers,initiator_reversal,0.0003844079784066167,112,213
232,5,semiconductor_adjusted_return,economic_subsector_peers,convergence,-0.0025282664998424846,70,213
232,5,semiconductor_adjusted_return,economic_subsector_peers,peer_catchup,0.0016504008624668941,70,213
232,5,semiconductor_adjusted_return,economic_subsector_peers,initiator_reversal,-0.00417866736230938,70,213
232,10,semiconductor_adjusted_return,economic_subsector_peers,convergence,-0.02060055563158044,35,213
232,10,semiconductor_adjusted_return,economic_subsector_peers,peer_catchup,0.007978556413740021,35,213
232,10,semiconductor_adjusted_return,economic_subsector_peers,initiator_reversal,-0.028579112045320463,35,213
233,1,semiconductor_adjusted_return,economic_subsector_peers,convergence,0.0005471377632537557,175,205
233,1,semiconductor_adjusted_return,economic_subsector_peers,peer_catchup,0.0003670484583830355,175,205
233,1,semiconductor_adjusted_return,economic_subsector_peers,initiator_reversal,0.00018008930487072069,175,205
233,3,semiconductor_adjusted_return,economic_subsector_peers,convergence,-0.0012220300784954157,115,205
233,3,semiconductor_adjusted_return,economic_subsector_peers,peer_catchup,0.00022045913386987365,115,205
233,3,semiconductor_adjusted_return,economic_subsector_peers,initiator_reversal,-0.0014424892123652898,115,205
233,5,semiconductor_adjusted_return,economic_subsector_peers,convergence,-0.003029025393658024,80,205
233,5,semiconductor_adjusted_return,economic_subsector_peers,peer_catchup,-0.00013198043946536874,80,205
233,5,semiconductor_adjusted_return,economic_subsector_peers,initiator_reversal,-0.002897044954192655,80,205
233,10,semiconductor_adjusted_return,economic_subsector_peers,convergence,-0.0062586705227184,30,205
233,10,semiconductor_adjusted_return,economic_subsector_peers,peer_catchup,0.0068575680770272575,30,205
233,10,semiconductor_adjusted_return,economic_subsector_peers,initiator_reversal,-0.01311623859974566,30,205
234,1,semiconductor_adjusted_return,economic_subsector_peers,convergence,-0.0004314694531584765,169,215
234,1,semiconductor_adjusted_return,economic_subsector_peers,peer_catchup,-0.0017416865393308759,169,215
234,1,semiconductor_adjusted_return,economic_subsector_peers,initiator_reversal,0.0013102170861723993,169,215
234,3,semiconductor_adjusted_return,economic_subsector_peers,convergence,3.791840310037739e-05,127,215
234,3,semiconductor_adjusted_return,economic_subsector_peers,peer_catchup,-0.0005863166678093903,127,215
234,3,semiconductor_adjusted_return,economic_subsector_peers,initiator_reversal,0.0006242350709097682,127,215
234,5,semiconductor_adjusted_return,economic_subsector_peers,convergence,-0.003693952273846669,83,215
234,5,semiconductor_adjusted_return,economic_subsector_peers,peer_catchup,-0.0025614810908730495,83,215
234,5,semiconductor_adjusted_return,economic_subsector_peers,initiator_reversal,-0.0011324711829736212,83,215
234,10,semiconductor_adjusted_return,economic_subsector_peers,convergence,-0.013486250787727163,31,215
234,10,semiconductor_adjusted_return,economic_subsector_peers,peer_catchup,-0.0006862245654675412,31,215
234,10,semiconductor_adjusted_return,economic_subsector_peers,initiator_reversal,-0.012800026222259623,31,215
235,1,semiconductor_adjusted_return,economic_subsector_peers,convergence,0.000661177039161552,172,202
235,1,semiconductor_adjusted_return,economic_subsector_peers,peer_catchup,0.0010458536558867258,172,202
235,1,semiconductor_adjusted_return,economic_subsector_peers,initiator_reversal,-0.00038467661672517416,172,202
235,3,semiconductor_adjusted_return,economic_subsector_peers,convergence,0.001169746202428535,114,202
235,3,semiconductor_adjusted_return,economic_subsector_peers,peer_catchup,-0.00031051149689275483,114,202
235,3,semiconductor_adjusted_return,economic_subsector_peers,initiator_reversal,0.0014802576993212895,114,202
235,5,semiconductor_adjusted_return,economic_subsector_peers,convergence,-0.0016076094120920528,77,202
235,5,semiconductor_adjusted_return,economic_subsector_peers,peer_catchup,-0.001209254081014324,77,202
235,5,semiconductor_adjusted_return,economic_subsector_peers,initiator_reversal,-0.00039835533107772896,77,202
235,10,semiconductor_adjusted_return,economic_subsector_peers,convergence,-0.01778469670712122,30,202
235,10,semiconductor_adjusted_return,economic_subsector_peers,peer_catchup,-0.006493940973224523,30,202
235,10,semiconductor_adjusted_return,economic_subsector_peers,initiator_reversal,-0.011290755733896695,30,202
236,1,semiconductor_adjusted_return,economic_subsector_peers,convergence,0.0017948647454223096,194,238
236,1,semiconductor_adjusted_return,economic_subsector_peers,peer_catchup,0.0011493519902993933,194,238
236,1,semiconductor_adjusted_return,economic_subsector_peers,initiator_reversal,0.0006455127551229161,194,238
236,3,semiconductor_adjusted_return,economic_subsector_peers,convergence,0.003379265508336541,130,238
236,3,semiconductor_adjusted_return,economic_subsector_peers,peer_catchup,0.0022966706110958035,130,238
236,3,semiconductor_adjusted_return,economic_subsector_peers,initiator_reversal,0.0010825948972407384,130,238
236,5,semiconductor_adjusted_return,economic_subsector_peers,convergence,0.007019455715498734,76,238
236,5,semiconductor_adjusted_return,economic_subsector_peers,peer_catchup,0.0025807143361655754,76,238
236,5,semiconductor_adjusted_return,economic_subsector_peers,initiator_reversal,0.004438741379333161,76,238
236,10,semiconductor_adjusted_return,economic_subsector_peers,convergence,-0.0038164290688164444,25,238
236,10,semiconductor_adjusted_return,economic_subsector_peers,peer_catchup,0.0066905190549020645,25,238
236,10,semiconductor_adjusted_return,economic_subsector_peers,initiator_reversal,-0.01050694812371851,25,238
237,1,semiconductor_adjusted_return,economic_subsector_peers,convergence,-0.0009731019378528415,165,223
237,1,semiconductor_adjusted_return,economic_subsector_peers,peer_catchup,-0.0007337814746109796,165,223
237,1,semiconductor_adjusted_return,economic_subsector_peers,initiator_reversal,-0.00023932046324186236,165,223
237,3,semiconductor_adjusted_return,economic_subsector_peers,convergence,0.00012895855948754552,111,223
237,3,semiconductor_adjusted_return,economic_subsector_peers,peer_catchup,-0.0001574673900689607,111,223
237,3,semiconductor_adjusted_return,economic_subsector_peers,initiator_reversal,0.0002864259495565068,111,223
237,5,semiconductor_adjusted_return,economic_subsector_peers,convergence,0.0040052463966451434,69,223
237,5,semiconductor_adjusted_return,economic_subsector_peers,peer_catchup,0.0012672857413692866,69,223
237,5,semiconductor_adjusted_return,economic_subsector_peers,initiator_reversal,0.0027379606552758572,69,223
237,10,semiconductor_adjusted_return,economic_subsector_peers,convergence,-0.0005534176336307518,34,223
237,10,semiconductor_adjusted_return,economic_subsector_peers,peer_catchup,-0.0019516265534251704,34,223
237,10,semiconductor_adjusted_return,economic_subsector_peers,initiator_reversal,0.0013982089197944192,34,223
238,1,semiconductor_adjusted_return,economic_subsector_peers,convergence,-0.0019302483265409285,193,230
238,1,semiconductor_adjusted_return,economic_subsector_peers,peer_catchup,-0.0005327522530993631,193,230
238,1,semiconductor_adjusted_return,economic_subsector_peers,initiator_reversal,-0.001397496073441565,193,230
238,3,semiconductor_adjusted_return,economic_subsector_peers,convergence,-0.0003888218715835289,139,230
238,3,semiconductor_adjusted_return,economic_subsector_peers,peer_catchup,0.0006798991078159033,139,230
238,3,semiconductor_adjusted_return,economic_subsector_peers,initiator_reversal,-0.0010687209793994326,139,230
238,5,semiconductor_adjusted_return,economic_subsector_peers,convergence,0.004300898411318722,82,230
238,5,semiconductor_adjusted_return,economic_subsector_peers,peer_catchup,0.003100798725716715,82,230
238,5,semiconductor_adjusted_return,economic_subsector_peers,initiator_reversal,0.0012000996856020066,82,230
238,10,semiconductor_adjusted_return,economic_subsector_peers,convergence,0.01150304052671256,27,230
238,10,semiconductor_adjusted_return,economic_subsector_peers,peer_catchup,-0.0026965868983983873,27,230
238,10,semiconductor_adjusted_return,economic_subsector_peers,initiator_reversal,0.01419962742511095,27,230
239,1,semiconductor_adjusted_return,economic_subsector_peers,convergence,0.0002665501073241309,188,227
239,1,semiconductor_adjusted_return,economic_subsector_peers,peer_catchup,0.0006814301994651462,188,227
239,1,semiconductor_adjusted_return,economic_subsector_peers,initiator_reversal,-0.0004148800921410151,188,227
239,3,semiconductor_adjusted_return,economic_subsector_peers,convergence,-0.0005437849870006717,121,227
239,3,semiconductor_adjusted_return,economic_subsector_peers,peer_catchup,0.0006423304785376288,121,227
239,3,semiconductor_adjusted_return,economic_subsector_peers,initiator_reversal,-0.0011861154655383008,121,227
239,5,semiconductor_adjusted_return,economic_subsector_peers,convergence,-0.004304260021165511,86,227
239,5,semiconductor_adjusted_return,economic_subsector_peers,peer_catchup,0.0016039922356692368,86,227
239,5,semiconductor_adjusted_return,economic_subsector_peers,initiator_reversal,-0.005908252256834747,86,227
239,10,semiconductor_adjusted_return,economic_subsector_peers,convergence,-0.01868883036818583,35,227
239,10,semiconductor_adjusted_return,economic_subsector_peers,peer_catchup,0.00018522798118273675,35,227
239,10,semiconductor_adjusted_return,economic_subsector_peers,initiator_reversal,-0.01887405834936857,35,227
240,1,semiconductor_adjusted_return,economic_subsector_peers,convergence,-0.00032229070592975533,181,217
240,1,semiconductor_adjusted_return,economic_subsector_peers,peer_catchup,-0.0005859862171496303,181,217
240,1,semiconductor_adjusted_return,economic_subsector_peers,initiator_reversal,0.0002636955112198744,181,217
240,3,semiconductor_adjusted_return,economic_subsector_peers,convergence,-0.0017966934733334972,124,217
240,3,semiconductor_adjusted_return,economic_subsector_peers,peer_catchup,-0.0020162070777323127,124,217
240,3,semiconductor_adjusted_return,economic_subsector_peers,initiator_reversal,0.00021951360439881597,124,217
240,5,semiconductor_adjusted_return,economic_subsector_peers,convergence,-0.004122816031271829,85,217
240,5,semiconductor_adjusted_return,economic_subsector_peers,peer_catchup,-0.0015081402018150588,85,217
240,5,semiconductor_adjusted_return,economic_subsector_peers,initiator_reversal,-0.0026146758294567692,85,217
240,10,semiconductor_adjusted_return,economic_subsector_peers,convergence,-0.007172390031242983,32,217
240,10,semiconductor_adjusted_return,economic_subsector_peers,peer_catchup,-0.0057300555945111655,32,217
240,10,semiconductor_adjusted_return,economic_subsector_peers,initiator_reversal,-0.001442334436731819,32,217
241,1,semiconductor_adjusted_return,economic_subsector_peers,convergence,0.002195047706689259,179,220
241,1,semiconductor_adjusted_return,economic_subsector_peers,peer_catchup,0.001186486059033465,179,220
241,1,semiconductor_adjusted_return,economic_subsector_peers,initiator_reversal,0.0010085616476557943,179,220
241,3,semiconductor_adjusted_return,economic_subsector_peers,convergence,0.0001973616609965908,111,220
241,3,semiconductor_adjusted_return,economic_subsector_peers,peer_catchup,0.001907105163940114,111,220
241,3,semiconductor_adjusted_return,economic_subsector_peers,initiator_reversal,-0.0017097435029435244,111,220
241,5,semiconductor_adjusted_return,economic_subsector_peers,convergence,0.004233386168181884,81,220
241,5,semiconductor_adjusted_return,economic_subsector_peers,peer_catchup,0.004708680925005937,81,220
241,5,semiconductor_adjusted_return,economic_subsector_peers,initiator_reversal,-0.0004752947568240525,81,220
241,10,semiconductor_adjusted_return,economic_subsector_peers,convergence,0.014354935790696768,29,220
241,10,semiconductor_adjusted_return,economic_subsector_peers,peer_catchup,0.002588730436815995,29,220
241,10,semiconductor_adjusted_return,economic_subsector_peers,initiator_reversal,0.011766205353880774,29,220
242,1,semiconductor_adjusted_return,economic_subsector_peers,convergence,-0.001600839757384252,172,213
242,1,semiconductor_adjusted_return,economic_subsector_peers,peer_catchup,0.0009635190247297242,172,213
242,1,semiconductor_adjusted_return,economic_subsector_peers,initiator_reversal,-0.0025643587821139765,172,213
242,3,semiconductor_adjusted_return,economic_subsector_peers,convergence,-0.002547848218302206,112,213
242,3,semiconductor_adjusted_return,economic_subsector_peers,peer_catchup,-0.0010109927127331662,112,213
242,3,semiconductor_adjusted_return,economic_subsector_peers,initiator_reversal,-0.001536855505569041,112,213
242,5,semiconductor_adjusted_return,economic_subsector_peers,convergence,-0.0009600804382796775,84,213
242,5,semiconductor_adjusted_return,economic_subsector_peers,peer_catchup,0.001792415058968232,84,213
242,5,semiconductor_adjusted_return,economic_subsector_peers,initiator_reversal,-0.002752495497247909,84,213
242,10,semiconductor_adjusted_return,economic_subsector_peers,convergence,-0.00526057169026701,26,213
242,10,semiconductor_adjusted_return,economic_subsector_peers,peer_catchup,-0.004564394864135112,26,213
242,10,semiconductor_adjusted_return,economic_subsector_peers,initiator_reversal,-0.0006961768261318964,26,213
243,1,semiconductor_adjusted_return,economic_subsector_peers,convergence,-0.001082724223081738,177,206
243,1,semiconductor_adjusted_return,economic_subsector_peers,peer_catchup,0.0004671010375430329,177,206
243,1,semiconductor_adjusted_return,economic_subsector_peers,initiator_reversal,-0.0015498252606247706,177,206
243,3,semiconductor_adjusted_return,economic_subsector_peers,convergence,-0.004480918965859829,121,206
243,3,semiconductor_adjusted_return,economic_subsector_peers,peer_catchup,-0.0004714627595791324,121,206
243,3,semiconductor_adjusted_return,economic_subsector_peers,initiator_reversal,-0.004009456206280696,121,206
243,5,semiconductor_adjusted_return,economic_subsector_peers,convergence,-0.0036364050093321714,96,206
243,5,semiconductor_adjusted_return,economic_subsector_peers,peer_catchup,-0.0001655110805817308,96,206
243,5,semiconductor_adjusted_return,economic_subsector_peers,initiator_reversal,-0.00347089392875044,96,206
243,10,semiconductor_adjusted_return,economic_subsector_peers,convergence,0.001721397399437006,43,206
243,10,semiconductor_adjusted_return,economic_subsector_peers,peer_catchup,0.0017131048261336494,43,206
243,10,semiconductor_adjusted_return,economic_subsector_peers,initiator_reversal,8.29257330335523e-06,43,206
244,1,semiconductor_adjusted_return,economic_subsector_peers,convergence,0.0007876000852312954,190,233
244,1,semiconductor_adjusted_return,economic_subsector_peers,peer_catchup,2.3411056007131946e-05,190,233
244,1,semiconductor_adjusted_return,economic_subsector_peers,initiator_reversal,0.0007641890292241632,190,233
244,3,semiconductor_adjusted_return,economic_subsector_peers,convergence,0.0026808041210630044,125,233
244,3,semiconductor_adjusted_return,economic_subsector_peers,peer_catchup,0.0004933936408874724,125,233
244,3,semiconductor_adjusted_return,economic_subsector_peers,initiator_reversal,0.0021874104801755338,125,233
244,5,semiconductor_adjusted_return,economic_subsector_peers,convergence,0.006939720629258964,87,233
244,5,semiconductor_adjusted_return,economic_subsector_peers,peer_catchup,0.0004484867334824032,87,233
244,5,semiconductor_adjusted_return,economic_subsector_peers,initiator_reversal,0.006491233895776562,87,233
244,10,semiconductor_adjusted_return,economic_subsector_peers,convergence,0.003906311595930185,30,233
244,10,semiconductor_adjusted_return,economic_subsector_peers,peer_catchup,0.004978443221937168,30,233
244,10,semiconductor_adjusted_return,economic_subsector_peers,initiator_reversal,-0.0010721316260069835,30,233
245,1,semiconductor_adjusted_return,economic_subsector_peers,convergence,0.00027667924495016833,158,200
245,1,semiconductor_adjusted_return,economic_subsector_peers,peer_catchup,-0.0002155349673715344,158,200
245,1,semiconductor_adjusted_return,economic_subsector_peers,initiator_reversal,0.0004922142123217031,158,200
245,3,semiconductor_adjusted_return,economic_subsector_peers,convergence,-0.002677491211002575,96,200
245,3,semiconductor_adjusted_return,economic_subsector_peers,peer_catchup,-0.0010796756555426054,96,200
245,3,semiconductor_adjusted_return,economic_subsector_peers,initiator_reversal,-0.0015978155554599695,96,200
245,5,semiconductor_adjusted_return,economic_subsector_peers,convergence,4.2021179758051803e-05,62,200
245,5,semiconductor_adjusted_return,economic_subsector_peers,peer_catchup,-0.0010950275208452226,62,200
245,5,semiconductor_adjusted_return,economic_subsector_peers,initiator_reversal,0.0011370487006032751,62,200
245,10,semiconductor_adjusted_return,economic_subsector_peers,convergence,0.0004479943765263181,24,200
245,10,semiconductor_adjusted_return,economic_subsector_peers,peer_catchup,0.005786591430198767,24,200
245,10,semiconductor_adjusted_return,economic_subsector_peers,initiator_reversal,-0.005338597053672449,24,200
246,1,semiconductor_adjusted_return,economic_subsector_peers,convergence,0.0005504611902880483,172,210
246,1,semiconductor_adjusted_return,economic_subsector_peers,peer_catchup,-0.0015043700891587525,172,210
246,1,semiconductor_adjusted_return,economic_subsector_peers,initiator_reversal,0.0020548312794468012,172,210
246,3,semiconductor_adjusted_return,economic_subsector_peers,convergence,0.0004901272595281388,119,210
246,3,semiconductor_adjusted_return,economic_subsector_peers,peer_catchup,-0.0004634465225867626,119,210
246,3,semiconductor_adjusted_return,economic_subsector_peers,initiator_reversal,0.0009535737821149017,119,210
246,5,semiconductor_adjusted_return,economic_subsector_peers,convergence,0.0068848751076043685,78,210
246,5,semiconductor_adjusted_return,economic_subsector_peers,peer_catchup,-0.0010296003860638498,78,210
246,5,semiconductor_adjusted_return,economic_subsector_peers,initiator_reversal,0.007914475493668215,78,210
246,10,semiconductor_adjusted_return,economic_subsector_peers,convergence,0.0067688440593224024,21,210
246,10,semiconductor_adjusted_return,economic_subsector_peers,peer_catchup,-0.0023514822642179837,21,210
246,10,semiconductor_adjusted_return,economic_subsector_peers,initiator_reversal,0.00912032632354039,21,210
247,1,semiconductor_adjusted_return,economic_subsector_peers,convergence,-0.0009853229491772876,192,235
247,1,semiconductor_adjusted_return,economic_subsector_peers,peer_catchup,0.00019756290645131305,192,235
247,1,semiconductor_adjusted_return,economic_subsector_peers,initiator_reversal,-0.0011828858556286001,192,235
247,3,semiconductor_adjusted_return,economic_subsector_peers,convergence,-0.00019194375220644327,144,235
247,3,semiconductor_adjusted_return,economic_subsector_peers,peer_catchup,-0.00107157353458378,144,235
247,3,semiconductor_adjusted_return,economic_subsector_peers,initiator_reversal,0.0008796297823773369,144,235
247,5,semiconductor_adjusted_return,economic_subsector_peers,convergence,-0.0029047597481857983,92,235
247,5,semiconductor_adjusted_return,economic_subsector_peers,peer_catchup,-0.002236885722239902,92,235
247,5,semiconductor_adjusted_return,economic_subsector_peers,initiator_reversal,-0.0006678740259458952,92,235
247,10,semiconductor_adjusted_return,economic_subsector_peers,convergence,-0.019147591128101202,29,235
247,10,semiconductor_adjusted_return,economic_subsector_peers,peer_catchup,0.000542009165986383,29,235
247,10,semiconductor_adjusted_return,economic_subsector_peers,initiator_reversal,-0.019689600294087586,29,235
248,1,semiconductor_adjusted_return,economic_subsector_peers,convergence,-0.00011137093510448076,208,237
248,1,semiconductor_adjusted_return,economic_subsector_peers,peer_catchup,0.00026492031021286,208,237
248,1,semiconductor_adjusted_return,economic_subsector_peers,initiator_reversal,-0.00037629124531734105,208,237
248,3,semiconductor_adjusted_return,economic_subsector_peers,convergence,-0.003406550946217937,138,237
248,3,semiconductor_adjusted_return,economic_subsector_peers,peer_catchup,0.001614524032923906,138,237
248,3,semiconductor_adjusted_return,economic_subsector_peers,initiator_reversal,-0.005021074979141843,138,237
248,5,semiconductor_adjusted_return,economic_subsector_peers,convergence,-0.010345483423487503,103,237
248,5,semiconductor_adjusted_return,economic_subsector_peers,peer_catchup,0.0015568797178082958,103,237
248,5,semiconductor_adjusted_return,economic_subsector_peers,initiator_reversal,-0.0119023631412958,103,237
248,10,semiconductor_adjusted_return,economic_subsector_peers,convergence,-0.017180822162718244,36,237
248,10,semiconductor_adjusted_return,economic_subsector_peers,peer_catchup,0.001247998837365896,36,237
248,10,semiconductor_adjusted_return,economic_subsector_peers,initiator_reversal,-0.01842882100008414,36,237
249,1,semiconductor_adjusted_return,economic_subsector_peers,convergence,0.0007195986676410342,187,222
249,1,semiconductor_adjusted_return,economic_subsector_peers,peer_catchup,0.0001902962059680661,187,222
249,1,semiconductor_adjusted_return,economic_subsector_peers,initiator_reversal,0.0005293024616729677,187,222
249,3,semiconductor_adjusted_return,economic_subsector_peers,convergence,0.0010600393053719073,138,222
249,3,semiconductor_adjusted_return,economic_subsector_peers,peer_catchup,0.002219281403047977,138,222
249,3,semiconductor_adjusted_return,economic_subsector_peers,initiator_reversal,-0.001159242097676069,138,222
249,5,semiconductor_adjusted_return,economic_subsector_peers,convergence,-0.0042070571791255175,88,222
249,5,semiconductor_adjusted_return,economic_subsector_peers,peer_catchup,-0.0006554402272414847,88,222
249,5,semiconductor_adjusted_return,economic_subsector_peers,initiator_reversal,-0.003551616951884033,88,222
249,10,semiconductor_adjusted_return,economic_subsector_peers,convergence,-0.0021717877701886725,31,222
249,10,semiconductor_adjusted_return,economic_subsector_peers,peer_catchup,0.00036165169945073794,31,222
249,10,semiconductor_adjusted_return,economic_subsector_peers,initiator_reversal,-0.002533439469639409,31,222
250,1,semiconductor_adjusted_return,economic_subsector_peers,convergence,0.0007946730574924309,169,203
250,1,semiconductor_adjusted_return,economic_subsector_peers,peer_catchup,0.000480166437036879,169,203
250,1,semiconductor_adjusted_return,economic_subsector_peers,initiator_reversal,0.0003145066204555522,169,203
250,3,semiconductor_adjusted_return,economic_subsector_peers,convergence,-0.007684221087950137,118,203
250,3,semiconductor_adjusted_return,economic_subsector_peers,peer_catchup,0.0009847163309969508,118,203
250,3,semiconductor_adjusted_return,economic_subsector_peers,initiator_reversal,-0.008668937418947083,118,203
250,5,semiconductor_adjusted_return,economic_subsector_peers,convergence,-0.0036394541263794467,81,203
250,5,semiconductor_adjusted_return,economic_subsector_peers,peer_catchup,0.0009140214768389808,81,203
250,5,semiconductor_adjusted_return,economic_subsector_peers,initiator_reversal,-0.004553475603218427,81,203
250,10,semiconductor_adjusted_return,economic_subsector_peers,convergence,0.0030946596659194745,25,203
250,10,semiconductor_adjusted_return,economic_subsector_peers,peer_catchup,0.0001675799397260236,25,203
250,10,semiconductor_adjusted_return,economic_subsector_peers,initiator_reversal,0.002927079726193452,25,203
251,1,semiconductor_adjusted_return,economic_subsector_peers,convergence,0.0016671138787280396,192,222
251,1,semiconductor_adjusted_return,economic_subsector_peers,peer_catchup,0.0006788582387302363,192,222
251,1,semiconductor_adjusted_return,economic_subsector_peers,initiator_reversal,0.0009882556399978034,192,222
251,3,semiconductor_adjusted_return,economic_subsector_peers,convergence,1.6672350661370728e-05,128,222
251,3,semiconductor_adjusted_return,economic_subsector_peers,peer_catchup,-0.0015250085639979187,128,222
251,3,semiconductor_adjusted_return,economic_subsector_peers,initiator_reversal,0.001541680914659289,128,222
251,5,semiconductor_adjusted_return,economic_subsector_peers,convergence,0.0039499259492682005,81,222
251,5,semiconductor_adjusted_return,economic_subsector_peers,peer_catchup,0.002370211150796342,81,222
251,5,semiconductor_adjusted_return,economic_subsector_peers,initiator_reversal,0.0015797147984718588,81,222
251,10,semiconductor_adjusted_return,economic_subsector_peers,convergence,0.004461503659672667,35,222
251,10,semiconductor_adjusted_return,economic_subsector_peers,peer_catchup,0.009936722854519414,35,222
251,10,semiconductor_adjusted_return,economic_subsector_peers,initiator_reversal,-0.005475219194846748,35,222
252,1,semiconductor_adjusted_return,economic_subsector_peers,convergence,-0.0004754412099477658,169,214
252,1,semiconductor_adjusted_return,economic_subsector_peers,peer_catchup,0.0006459815913536488,169,214
252,1,semiconductor_adjusted_return,economic_subsector_peers,initiator_reversal,-0.0011214228013014147,169,214
252,3,semiconductor_adjusted_return,economic_subsector_peers,convergence,0.00038679455025166263,131,214
252,3,semiconductor_adjusted_return,economic_subsector_peers,peer_catchup,0.0005341004627724103,131,214
252,3,semiconductor_adjusted_return,economic_subsector_peers,initiator_reversal,-0.00014730591252074815,131,214
252,5,semiconductor_adjusted_return,economic_subsector_peers,convergence,0.00022159265594212592,98,214
252,5,semiconductor_adjusted_return,economic_subsector_peers,peer_catchup,-0.0012943487124901188,98,214
252,5,semiconductor_adjusted_return,economic_subsector_peers,initiator_reversal,0.0015159413684322446,98,214
252,10,semiconductor_adjusted_return,economic_subsector_peers,convergence,-0.011759423734321612,52,214
252,10,semiconductor_adjusted_return,economic_subsector_peers,peer_catchup,-0.0027944585772740563,52,214
252,10,semiconductor_adjusted_return,economic_subsector_peers,initiator_reversal,-0.008964965157047556,52,214
253,1,semiconductor_adjusted_return,economic_subsector_peers,convergence,0.001804209016732473,162,202
253,1,semiconductor_adjusted_return,economic_subsector_peers,peer_catchup,-0.0006660664615017573,162,202
253,1,semiconductor_adjusted_return,economic_subsector_peers,initiator_reversal,0.0024702754782342305,162,202
253,3,semiconductor_adjusted_return,economic_subsector_peers,convergence,0.004245060383452306,119,202
253,3,semiconductor_adjusted_return,economic_subsector_peers,peer_catchup,-0.0011572349536390944,119,202
253,3,semiconductor_adjusted_return,economic_subsector_peers,initiator_reversal,0.0054022953370914005,119,202
253,5,semiconductor_adjusted_return,economic_subsector_peers,convergence,0.000743073032340285,70,202
253,5,semiconductor_adjusted_return,economic_subsector_peers,peer_catchup,-0.0019306955204963878,70,202
253,5,semiconductor_adjusted_return,economic_subsector_peers,initiator_reversal,0.0026737685528366744,70,202
253,10,semiconductor_adjusted_return,economic_subsector_peers,convergence,0.007626558435407724,33,202
253,10,semiconductor_adjusted_return,economic_subsector_peers,peer_catchup,-0.0033105886094578845,33,202
253,10,semiconductor_adjusted_return,economic_subsector_peers,initiator_reversal,0.010937147044865609,33,202
254,1,semiconductor_adjusted_return,economic_subsector_peers,convergence,-0.000362880887786728,185,229
254,1,semiconductor_adjusted_return,economic_subsector_peers,peer_catchup,0.00044272224737437245,185,229
254,1,semiconductor_adjusted_return,economic_subsector_peers,initiator_reversal,-0.0008056031351611004,185,229
254,3,semiconductor_adjusted_return,economic_subsector_peers,convergence,0.0009805802085785316,122,229
254,3,semiconductor_adjusted_return,economic_subsector_peers,peer_catchup,0.0014463008531990188,122,229
254,3,semiconductor_adjusted_return,economic_subsector_peers,initiator_reversal,-0.00046572064462048604,122,229
254,5,semiconductor_adjusted_return,economic_subsector_peers,convergence,0.00224990629743347,85,229
254,5,semiconductor_adjusted_return,economic_subsector_peers,peer_catchup,0.0031706584401646662,85,229
254,5,semiconductor_adjusted_return,economic_subsector_peers,initiator_reversal,-0.0009207521427311969,85,229
254,10,semiconductor_adjusted_return,economic_subsector_peers,convergence,0.006031436020271408,33,229
254,10,semiconductor_adjusted_return,economic_subsector_peers,peer_catchup,-0.0012376576593665443,33,229
254,10,semiconductor_adjusted_return,economic_subsector_peers,initiator_reversal,0.00726909367963795,33,229
255,1,semiconductor_adjusted_return,economic_subsector_peers,convergence,0.0006584883833620395,188,222
255,1,semiconductor_adjusted_return,economic_subsector_peers,peer_catchup,0.0004300318681849786,188,222
255,1,semiconductor_adjusted_return,economic_subsector_peers,initiator_reversal,0.0002284565151770607,188,222
255,3,semiconductor_adjusted_return,economic_subsector_peers,convergence,0.004627088572215722,116,222
255,3,semiconductor_adjusted_return,economic_subsector_peers,peer_catchup,-0.00124127285358507,116,222
255,3,semiconductor_adjusted_return,economic_subsector_peers,initiator_reversal,0.005868361425800792,116,222
255,5,semiconductor_adjusted_return,economic_subsector_peers,convergence,0.000337375223816581,74,222
255,5,semiconductor_adjusted_return,economic_subsector_peers,peer_catchup,-0.002684142425855434,74,222
255,5,semiconductor_adjusted_return,economic_subsector_peers,initiator_reversal,0.003021517649672016,74,222
255,10,semiconductor_adjusted_return,economic_subsector_peers,convergence,-0.005818168714106349,31,222
255,10,semiconductor_adjusted_return,economic_subsector_peers,peer_catchup,0.0007768650817670007,31,222
255,10,semiconductor_adjusted_return,economic_subsector_peers,initiator_reversal,-0.006595033795873351,31,222
256,1,semiconductor_adjusted_return,economic_subsector_peers,convergence,0.00023424808134478177,179,217
256,1,semiconductor_adjusted_return,economic_subsector_peers,peer_catchup,-5.172926619729955e-05,179,217
256,1,semiconductor_adjusted_return,economic_subsector_peers,initiator_reversal,0.00028597734754208124,179,217
256,3,semiconductor_adjusted_return,economic_subsector_peers,convergence,-0.002842814494712482,116,217
256,3,semiconductor_adjusted_return,economic_subsector_peers,peer_catchup,-0.000794972677288836,116,217
256,3,semiconductor_adjusted_return,economic_subsector_peers,initiator_reversal,-0.002047841817423646,116,217
256,5,semiconductor_adjusted_return,economic_subsector_peers,convergence,-0.001069216857154074,89,217
256,5,semiconductor_adjusted_return,economic_subsector_peers,peer_catchup,-0.00032474798094265784,89,217
256,5,semiconductor_adjusted_return,economic_subsector_peers,initiator_reversal,-0.0007444688762114168,89,217
256,10,semiconductor_adjusted_return,economic_subsector_peers,convergence,0.00491438428675563,38,217
256,10,semiconductor_adjusted_return,economic_subsector_peers,peer_catchup,-0.0036577546508401054,38,217
256,10,semiconductor_adjusted_return,economic_subsector_peers,initiator_reversal,0.008572138937595735,38,217
257,1,semiconductor_adjusted_return,economic_subsector_peers,convergence,0.00027350428767578737,158,187
257,1,semiconductor_adjusted_return,economic_subsector_peers,peer_catchup,0.001108237283035993,158,187
257,1,semiconductor_adjusted_return,economic_subsector_peers,initiator_reversal,-0.0008347329953602056,158,187
257,3,semiconductor_adjusted_return,economic_subsector_peers,convergence,-0.0037213154233928947,120,187
257,3,semiconductor_adjusted_return,economic_subsector_peers,peer_catchup,0.0015338891381449684,120,187
257,3,semiconductor_adjusted_return,economic_subsector_peers,initiator_reversal,-0.005255204561537863,120,187
257,5,semiconductor_adjusted_return,economic_subsector_peers,convergence,-0.004069241506661812,84,187
257,5,semiconductor_adjusted_return,economic_subsector_peers,peer_catchup,-2.4495723335175155e-05,84,187
257,5,semiconductor_adjusted_return,economic_subsector_peers,initiator_reversal,-0.004044745783326637,84,187
257,10,semiconductor_adjusted_return,economic_subsector_peers,convergence,-0.004003733962334135,31,187
257,10,semiconductor_adjusted_return,economic_subsector_peers,peer_catchup,0.0005848839931918255,31,187
257,10,semiconductor_adjusted_return,economic_subsector_peers,initiator_reversal,-0.004588617955525958,31,187
258,1,semiconductor_adjusted_return,economic_subsector_peers,convergence,0.00031272949288344823,156,187
258,1,semiconductor_adjusted_return,economic_subsector_peers,peer_catchup,0.0009348353015983202,156,187
258,1,semiconductor_adjusted_return,economic_subsector_peers,initiator_reversal,-0.0006221058087148717,156,187
258,3,semiconductor_adjusted_return,economic_subsector_peers,convergence,0.00018136514568719805,106,187
258,3,semiconductor_adjusted_return,economic_subsector_peers,peer_catchup,0.0010736389367092417,106,187
258,3,semiconductor_adjusted_return,economic_subsector_peers,initiator_reversal,-0.000892273791022043,106,187
258,5,semiconductor_adjusted_return,economic_subsector_peers,convergence,-0.004587410455518434,65,187
258,5,semiconductor_adjusted_return,economic_subsector_peers,peer_catchup,-0.001293528304327818,65,187
258,5,semiconductor_adjusted_return,economic_subsector_peers,initiator_reversal,-0.0032938821511906153,65,187
258,10,semiconductor_adjusted_return,economic_subsector_peers,convergence,0.0018810203248069792,29,187
258,10,semiconductor_adjusted_return,economic_subsector_peers,peer_catchup,-0.009119052504931056,29,187
258,10,semiconductor_adjusted_return,economic_subsector_peers,initiator_reversal,0.011000072829738035,29,187
259,1,semiconductor_adjusted_return,economic_subsector_peers,convergence,0.0003586307047245494,202,239
259,1,semiconductor_adjusted_return,economic_subsector_peers,peer_catchup,0.0002199760441889495,202,239
259,1,semiconductor_adjusted_return,economic_subsector_peers,initiator_reversal,0.00013865466053559957,202,239
259,3,semiconductor_adjusted_return,economic_subsector_peers,convergence,-0.0014556955163461855,138,239
259,3,semiconductor_adjusted_return,economic_subsector_peers,peer_catchup,0.0004025577770087493,138,239
259,3,semiconductor_adjusted_return,economic_subsector_peers,initiator_reversal,-0.0018582532933549343,138,239
259,5,semiconductor_adjusted_return,economic_subsector_peers,convergence,-0.001562138907000183,89,239
259,5,semiconductor_adjusted_return,economic_subsector_peers,peer_catchup,0.002923850476831011,89,239
259,5,semiconductor_adjusted_return,economic_subsector_peers,initiator_reversal,-0.0044859893838311935,89,239
259,10,semiconductor_adjusted_return,economic_subsector_peers,convergence,-0.011363273891428745,37,239
259,10,semiconductor_adjusted_return,economic_subsector_peers,peer_catchup,0.006704670942190285,37,239
259,10,semiconductor_adjusted_return,economic_subsector_peers,initiator_reversal,-0.01806794483361903,37,239
260,1,semiconductor_adjusted_return,economic_subsector_peers,convergence,-0.0010722383620703382,175,204
260,1,semiconductor_adjusted_return,economic_subsector_peers,peer_catchup,-4.4753941610312735e-05,175,204
260,1,semiconductor_adjusted_return,economic_subsector_peers,initiator_reversal,-0.0010274844204600257,175,204
260,3,semiconductor_adjusted_return,economic_subsector_peers,convergence,1.9964861009886456e-05,120,204
260,3,semiconductor_adjusted_return,economic_subsector_peers,peer_catchup,0.00027344715988557484,120,204
260,3,semiconductor_adjusted_return,economic_subsector_peers,initiator_reversal,-0.00025348229887568865,120,204
260,5,semiconductor_adjusted_return,economic_subsector_peers,convergence,0.0004958933048623004,74,204
260,5,semiconductor_adjusted_return,economic_subsector_peers,peer_catchup,0.0008143974208464847,74,204
260,5,semiconductor_adjusted_return,economic_subsector_peers,initiator_reversal,-0.00031850411598418363,74,204
260,10,semiconductor_adjusted_return,economic_subsector_peers,convergence,0.006398308289565925,33,204
260,10,semiconductor_adjusted_return,economic_subsector_peers,peer_catchup,0.0027491516218193335,33,204
260,10,semiconductor_adjusted_return,economic_subsector_peers,initiator_reversal,0.0036491566677465913,33,204
261,1,semiconductor_adjusted_return,economic_subsector_peers,convergence,0.0018160706518223553,189,233
261,1,semiconductor_adjusted_return,economic_subsector_peers,peer_catchup,0.0012863801266486696,189,233
261,1,semiconductor_adjusted_return,economic_subsector_peers,initiator_reversal,0.0005296905251736856,189,233
261,3,semiconductor_adjusted_return,economic_subsector_peers,convergence,-0.0008128932721057868,136,233
261,3,semiconductor_adjusted_return,economic_subsector_peers,peer_catchup,0.0017528140706481847,136,233
261,3,semiconductor_adjusted_return,economic_subsector_peers,initiator_reversal,-0.002565707342753971,136,233
261,5,semiconductor_adjusted_return,economic_subsector_peers,convergence,0.0012669948120229216,94,233
261,5,semiconductor_adjusted_return,economic_subsector_peers,peer_catchup,0.0035759584467233646,94,233
261,5,semiconductor_adjusted_return,economic_subsector_peers,initiator_reversal,-0.0023089636347004426,94,233
261,10,semiconductor_adjusted_return,economic_subsector_peers,convergence,-0.0014131407780078162,55,233
261,10,semiconductor_adjusted_return,economic_subsector_peers,peer_catchup,0.005283003067803002,55,233
261,10,semiconductor_adjusted_return,economic_subsector_peers,initiator_reversal,-0.006696143845810817,55,233
262,1,semiconductor_adjusted_return,economic_subsector_peers,convergence,-0.0005602316295171658,177,212
262,1,semiconductor_adjusted_return,economic_subsector_peers,peer_catchup,0.0005009541243836745,177,212
262,1,semiconductor_adjusted_return,economic_subsector_peers,initiator_reversal,-0.0010611857539008405,177,212
262,3,semiconductor_adjusted_return,economic_subsector_peers,convergence,-0.0010314014486047301,122,212
262,3,semiconductor_adjusted_return,economic_subsector_peers,peer_catchup,0.000209489456646524,122,212
262,3,semiconductor_adjusted_return,economic_subsector_peers,initiator_reversal,-0.001240890905251254,122,212
262,5,semiconductor_adjusted_return,economic_subsector_peers,convergence,-0.00033438539258596225,73,212
262,5,semiconductor_adjusted_return,economic_subsector_peers,peer_catchup,0.0024310859462397397,73,212
262,5,semiconductor_adjusted_return,economic_subsector_peers,initiator_reversal,-0.0027654713388257017,73,212
262,10,semiconductor_adjusted_return,economic_subsector_peers,convergence,-0.007419381172812639,24,212
262,10,semiconductor_adjusted_return,economic_subsector_peers,peer_catchup,-0.0033540086047853276,24,212
262,10,semiconductor_adjusted_return,economic_subsector_peers,initiator_reversal,-0.004065372568027313,24,212
263,1,semiconductor_adjusted_return,economic_subsector_peers,convergence,0.00032189918785394594,170,220
263,1,semiconductor_adjusted_return,economic_subsector_peers,peer_catchup,0.0008524638234477639,170,220
263,1,semiconductor_adjusted_return,economic_subsector_peers,initiator_reversal,-0.0005305646355938177,170,220
263,3,semiconductor_adjusted_return,economic_subsector_peers,convergence,-0.0012012715324608426,108,220
263,3,semiconductor_adjusted_return,economic_subsector_peers,peer_catchup,0.0019097941802436176,108,220
263,3,semiconductor_adjusted_return,economic_subsector_peers,initiator_reversal,-0.003111065712704459,108,220
263,5,semiconductor_adjusted_return,economic_subsector_peers,convergence,-0.0035665203140536855,71,220
263,5,semiconductor_adjusted_return,economic_subsector_peers,peer_catchup,-0.000390196738336843,71,220
263,5,semiconductor_adjusted_return,economic_subsector_peers,initiator_reversal,-0.003176323575716841,71,220
263,10,semiconductor_adjusted_return,economic_subsector_peers,convergence,0.000793261367342115,24,220
263,10,semiconductor_adjusted_return,economic_subsector_peers,peer_catchup,0.004876198882404969,24,220
263,10,semiconductor_adjusted_return,economic_subsector_peers,initiator_reversal,-0.004082937515062854,24,220
264,1,semiconductor_adjusted_return,economic_subsector_peers,convergence,0.0006002182256049067,181,230
264,1,semiconductor_adjusted_return,economic_subsector_peers,peer_catchup,0.0012476779910148273,181,230
264,1,semiconductor_adjusted_return,economic_subsector_peers,initiator_reversal,-0.0006474597654099202,181,230
264,3,semiconductor_adjusted_return,economic_subsector_peers,convergence,-0.0012345130861277209,124,230
264,3,semiconductor_adjusted_return,economic_subsector_peers,peer_catchup,0.0018125252032241846,124,230
264,3,semiconductor_adjusted_return,economic_subsector_peers,initiator_reversal,-0.0030470382893519063,124,230
264,5,semiconductor_adjusted_return,economic_subsector_peers,convergence,-0.0027862145044654945,75,230
264,5,semiconductor_adjusted_return,economic_subsector_peers,peer_catchup,0.001639581982120784,75,230
264,5,semiconductor_adjusted_return,economic_subsector_peers,initiator_reversal,-0.004425796486586279,75,230
264,10,semiconductor_adjusted_return,economic_subsector_peers,convergence,-0.013300317721632008,35,230
264,10,semiconductor_adjusted_return,economic_subsector_peers,peer_catchup,0.006635470286996759,35,230
264,10,semiconductor_adjusted_return,economic_subsector_peers,initiator_reversal,-0.019935788008628767,35,230
265,1,semiconductor_adjusted_return,economic_subsector_peers,convergence,0.0011182273748829798,186,230
265,1,semiconductor_adjusted_return,economic_subsector_peers,peer_catchup,-0.0004620470896523843,186,230
265,1,semiconductor_adjusted_return,economic_subsector_peers,initiator_reversal,0.001580274464535364,186,230
265,3,semiconductor_adjusted_return,economic_subsector_peers,convergence,0.0029801249321471817,136,230
265,3,semiconductor_adjusted_return,economic_subsector_peers,peer_catchup,0.00123640855696564,136,230
265,3,semiconductor_adjusted_return,economic_subsector_peers,initiator_reversal,0.0017437163751815416,136,230
265,5,semiconductor_adjusted_return,economic_subsector_peers,convergence,0.0010221711339044078,102,230
265,5,semiconductor_adjusted_return,economic_subsector_peers,peer_catchup,0.0002315886560886875,102,230
265,5,semiconductor_adjusted_return,economic_subsector_peers,initiator_reversal,0.0007905824778157194,102,230
265,10,semiconductor_adjusted_return,economic_subsector_peers,convergence,-0.0026920981295347622,35,230
265,10,semiconductor_adjusted_return,economic_subsector_peers,peer_catchup,-0.0023475330883289285,35,230
265,10,semiconductor_adjusted_return,economic_subsector_peers,initiator_reversal,-0.00034456504120583184,35,230
266,1,semiconductor_adjusted_return,economic_subsector_peers,convergence,0.0010489570306884243,178,211
266,1,semiconductor_adjusted_return,economic_subsector_peers,peer_catchup,-0.0008250806692496572,178,211
266,1,semiconductor_adjusted_return,economic_subsector_peers,initiator_reversal,0.0018740376999380813,178,211
266,3,semiconductor_adjusted_return,economic_subsector_peers,convergence,0.0011646469710442085,122,211
266,3,semiconductor_adjusted_return,economic_subsector_peers,peer_catchup,0.0014290523030729208,122,211
266,3,semiconductor_adjusted_return,economic_subsector_peers,initiator_reversal,-0.0002644053320287119,122,211
266,5,semiconductor_adjusted_return,economic_subsector_peers,convergence,0.0006836019537015895,83,211
266,5,semiconductor_adjusted_return,economic_subsector_peers,peer_catchup,-0.0003248365963577268,83,211
266,5,semiconductor_adjusted_return,economic_subsector_peers,initiator_reversal,0.0010084385500593162,83,211
266,10,semiconductor_adjusted_return,economic_subsector_peers,convergence,-0.013636613557229922,36,211
266,10,semiconductor_adjusted_return,economic_subsector_peers,peer_catchup,-0.0019199021238951268,36,211
266,10,semiconductor_adjusted_return,economic_subsector_peers,initiator_reversal,-0.011716711433334796,36,211
267,1,semiconductor_adjusted_return,economic_subsector_peers,convergence,-0.000565669864076787,201,242
267,1,semiconductor_adjusted_return,economic_subsector_peers,peer_catchup,0.0002229616599309696,201,242
267,1,semiconductor_adjusted_return,economic_subsector_peers,initiator_reversal,-0.0007886315240077575,201,242
267,3,semiconductor_adjusted_return,economic_subsector_peers,convergence,0.000656869199915131,142,242
267,3,semiconductor_adjusted_return,economic_subsector_peers,peer_catchup,0.001800461965794602,142,242
267,3,semiconductor_adjusted_return,economic_subsector_peers,initiator_reversal,-0.0011435927658794702,142,242
267,5,semiconductor_adjusted_return,economic_subsector_peers,convergence,0.0033810999763036055,95,242
267,5,semiconductor_adjusted_return,economic_subsector_peers,peer_catchup,0.0022924313834586834,95,242
267,5,semiconductor_adjusted_return,economic_subsector_peers,initiator_reversal,0.0010886685928449208,95,242
267,10,semiconductor_adjusted_return,economic_subsector_peers,convergence,-0.0011802120639780626,34,242
267,10,semiconductor_adjusted_return,economic_subsector_peers,peer_catchup,0.0009158724887703283,34,242
267,10,semiconductor_adjusted_return,economic_subsector_peers,initiator_reversal,-0.00209608455274839,34,242
268,1,semiconductor_adjusted_return,economic_subsector_peers,convergence,-0.0013398612999865557,193,226
268,1,semiconductor_adjusted_return,economic_subsector_peers,peer_catchup,0.0010372610306604582,193,226
268,1,semiconductor_adjusted_return,economic_subsector_peers,initiator_reversal,-0.002377122330647014,193,226
268,3,semiconductor_adjusted_return,economic_subsector_peers,convergence,-0.003708393041678031,132,226
268,3,semiconductor_adjusted_return,economic_subsector_peers,peer_catchup,0.0008863076779003187,132,226
268,3,semiconductor_adjusted_return,economic_subsector_peers,initiator_reversal,-0.00459470071957835,132,226
268,5,semiconductor_adjusted_return,economic_subsector_peers,convergence,-0.005788872846586815,87,226
268,5,semiconductor_adjusted_return,economic_subsector_peers,peer_catchup,-0.000239560639483443,87,226
268,5,semiconductor_adjusted_return,economic_subsector_peers,initiator_reversal,-0.005549312207103372,87,226
268,10,semiconductor_adjusted_return,economic_subsector_peers,convergence,-0.012538195984213471,33,226
268,10,semiconductor_adjusted_return,economic_subsector_peers,peer_catchup,-0.001385570977353419,33,226
268,10,semiconductor_adjusted_return,economic_subsector_peers,initiator_reversal,-0.011152625006860055,33,226
269,1,semiconductor_adjusted_return,economic_subsector_peers,convergence,-0.0013875263826817685,180,215
269,1,semiconductor_adjusted_return,economic_subsector_peers,peer_catchup,-0.00030298657740424257,180,215
269,1,semiconductor_adjusted_return,economic_subsector_peers,initiator_reversal,-0.0010845398052775257,180,215
269,3,semiconductor_adjusted_return,economic_subsector_peers,convergence,-0.005909954852207474,123,215
269,3,semiconductor_adjusted_return,economic_subsector_peers,peer_catchup,-0.001718687870704743,123,215
269,3,semiconductor_adjusted_return,economic_subsector_peers,initiator_reversal,-0.004191266981502732,123,215
269,5,semiconductor_adjusted_return,economic_subsector_peers,convergence,-0.0027754726550574945,80,215
269,5,semiconductor_adjusted_return,economic_subsector_peers,peer_catchup,-0.002031012910053304,80,215
269,5,semiconductor_adjusted_return,economic_subsector_peers,initiator_reversal,-0.0007444597450041914,80,215
269,10,semiconductor_adjusted_return,economic_subsector_peers,convergence,-0.01227359015127177,28,215
269,10,semiconductor_adjusted_return,economic_subsector_peers,peer_catchup,-0.0007549703082734034,28,215
269,10,semiconductor_adjusted_return,economic_subsector_peers,initiator_reversal,-0.011518619842998368,28,215
270,1,semiconductor_adjusted_return,economic_subsector_peers,convergence,0.0004814815536789197,198,245
270,1,semiconductor_adjusted_return,economic_subsector_peers,peer_catchup,-0.0013206837143939342,198,245
270,1,semiconductor_adjusted_return,economic_subsector_peers,initiator_reversal,0.0018021652680728533,198,245
270,3,semiconductor_adjusted_return,economic_subsector_peers,convergence,0.00019908496067645013,143,245
270,3,semiconductor_adjusted_return,economic_subsector_peers,peer_catchup,-0.001590616338690782,143,245
270,3,semiconductor_adjusted_return,economic_subsector_peers,initiator_reversal,0.001789701299367233,143,245
270,5,semiconductor_adjusted_return,economic_subsector_peers,convergence,0.003108052356763281,90,245
270,5,semiconductor_adjusted_return,economic_subsector_peers,peer_catchup,-0.0009254024723863028,90,245
270,5,semiconductor_adjusted_return,economic_subsector_peers,initiator_reversal,0.004033454829149584,90,245
270,10,semiconductor_adjusted_return,economic_subsector_peers,convergence,0.0014855564463614186,31,245
270,10,semiconductor_adjusted_return,economic_subsector_peers,peer_catchup,-0.0007190205821539016,31,245
270,10,semiconductor_adjusted_return,economic_subsector_peers,initiator_reversal,0.0022045770285153187,31,245
271,1,semiconductor_adjusted_return,economic_subsector_peers,convergence,0.00037658219200766767,176,227
271,1,semiconductor_adjusted_return,economic_subsector_peers,peer_catchup,-0.0007928430701576751,176,227
271,1,semiconductor_adjusted_return,economic_subsector_peers,initiator_reversal,0.001169425262165343,176,227
271,3,semiconductor_adjusted_return,economic_subsector_peers,convergence,0.002416120649475791,131,227
271,3,semiconductor_adjusted_return,economic_subsector_peers,peer_catchup,-0.0007781038936977751,131,227
271,3,semiconductor_adjusted_return,economic_subsector_peers,initiator_reversal,0.003194224543173566,131,227
271,5,semiconductor_adjusted_return,economic_subsector_peers,convergence,0.0009396464824974539,101,227
271,5,semiconductor_adjusted_return,economic_subsector_peers,peer_catchup,-0.0020113738304631877,101,227
271,5,semiconductor_adjusted_return,economic_subsector_peers,initiator_reversal,0.0029510203129606404,101,227
271,10,semiconductor_adjusted_return,economic_subsector_peers,convergence,-0.013016013838253992,48,227
271,10,semiconductor_adjusted_return,economic_subsector_peers,peer_catchup,-0.003373483569201139,48,227
271,10,semiconductor_adjusted_return,economic_subsector_peers,initiator_reversal,-0.009642530269052851,48,227
272,1,semiconductor_adjusted_return,economic_subsector_peers,convergence,0.0004818692771495058,158,191
272,1,semiconductor_adjusted_return,economic_subsector_peers,peer_catchup,0.00023175125458206426,158,191
272,1,semiconductor_adjusted_return,economic_subsector_peers,initiator_reversal,0.00025011802256744186,158,191
272,3,semiconductor_adjusted_return,economic_subsector_peers,convergence,-0.002513002953663331,101,191
272,3,semiconductor_adjusted_return,economic_subsector_peers,peer_catchup,0.0015328623550963693,101,191
272,3,semiconductor_adjusted_return,economic_subsector_peers,initiator_reversal,-0.0040458653087597,101,191
272,5,semiconductor_adjusted_return,economic_subsector_peers,convergence,0.002031104557508082,63,191
272,5,semiconductor_adjusted_return,economic_subsector_peers,peer_catchup,0.0014109280766098414,63,191
272,5,semiconductor_adjusted_return,economic_subsector_peers,initiator_reversal,0.0006201764808982405,63,191
272,10,semiconductor_adjusted_return,economic_subsector_peers,convergence,-0.016201982483734625,26,191
272,10,semiconductor_adjusted_return,economic_subsector_peers,peer_catchup,0.004262395513656126,26,191
272,10,semiconductor_adjusted_return,economic_subsector_peers,initiator_reversal,-0.020464377997390752,26,191
273,1,semiconductor_adjusted_return,economic_subsector_peers,convergence,-0.0003993024868495726,174,211
273,1,semiconductor_adjusted_return,economic_subsector_peers,peer_catchup,-0.0006711671773671744,174,211
273,1,semiconductor_adjusted_return,economic_subsector_peers,initiator_reversal,0.0002718646905176019,174,211
273,3,semiconductor_adjusted_return,economic_subsector_peers,convergence,0.0010244040097237902,126,211
273,3,semiconductor_adjusted_return,economic_subsector_peers,peer_catchup,6.0856133736569895e-05,126,211
273,3,semiconductor_adjusted_return,economic_subsector_peers,initiator_reversal,0.0009635478759872204,126,211
273,5,semiconductor_adjusted_return,economic_subsector_peers,convergence,0.001275182364428363,93,211
273,5,semiconductor_adjusted_return,economic_subsector_peers,peer_catchup,-0.0007032559218511767,93,211
273,5,semiconductor_adjusted_return,economic_subsector_peers,initiator_reversal,0.0019784382862795408,93,211
273,10,semiconductor_adjusted_return,economic_subsector_peers,convergence,-0.0077213224308170444,27,211
273,10,semiconductor_adjusted_return,economic_subsector_peers,peer_catchup,0.001922833339611086,27,211
273,10,semiconductor_adjusted_return,economic_subsector_peers,initiator_reversal,-0.009644155770428129,27,211
274,1,semiconductor_adjusted_return,economic_subsector_peers,convergence,-0.000511527438761119,171,209
274,1,semiconductor_adjusted_return,economic_subsector_peers,peer_catchup,-0.00019559782933685862,171,209
274,1,semiconductor_adjusted_return,economic_subsector_peers,initiator_reversal,-0.00031592960942426046,171,209
274,3,semiconductor_adjusted_return,economic_subsector_peers,convergence,8.624540200703108e-05,121,209
274,3,semiconductor_adjusted_return,economic_subsector_peers,peer_catchup,0.0013337180048896126,121,209
274,3,semiconductor_adjusted_return,economic_subsector_peers,initiator_reversal,-0.0012474726028825812,121,209
274,5,semiconductor_adjusted_return,economic_subsector_peers,convergence,0.0002790729343901342,88,209
274,5,semiconductor_adjusted_return,economic_subsector_peers,peer_catchup,0.0012477570695409894,88,209
274,5,semiconductor_adjusted_return,economic_subsector_peers,initiator_reversal,-0.0009686841351508557,88,209
274,10,semiconductor_adjusted_return,economic_subsector_peers,convergence,0.00014683227903386536,28,209
274,10,semiconductor_adjusted_return,economic_subsector_peers,peer_catchup,0.0013701990056442807,28,209
274,10,semiconductor_adjusted_return,economic_subsector_peers,initiator_reversal,-0.0012233667266104162,28,209
275,1,semiconductor_adjusted_return,economic_subsector_peers,convergence,-0.0019829442805304257,170,201
275,1,semiconductor_adjusted_return,economic_subsector_peers,peer_catchup,-0.00043187427165135604,170,201
275,1,semiconductor_adjusted_return,economic_subsector_peers,initiator_reversal,-0.0015510700088790688,170,201
275,3,semiconductor_adjusted_return,economic_subsector_peers,convergence,-0.001381043753828132,116,201
275,3,semiconductor_adjusted_return,economic_subsector_peers,peer_catchup,-0.0014685539244963376,116,201
275,3,semiconductor_adjusted_return,economic_subsector_peers,initiator_reversal,8.7510170668204e-05,116,201
275,5,semiconductor_adjusted_return,economic_subsector_peers,convergence,-0.00194256630361561,71,201
275,5,semiconductor_adjusted_return,economic_subsector_peers,peer_catchup,-0.0012773059574700562,71,201
275,5,semiconductor_adjusted_return,economic_subsector_peers,initiator_reversal,-0.0006652603461455553,71,201
275,10,semiconductor_adjusted_return,economic_subsector_peers,convergence,-0.017646355733120286,25,201
275,10,semiconductor_adjusted_return,economic_subsector_peers,peer_catchup,-0.007343342492557705,25,201
275,10,semiconductor_adjusted_return,economic_subsector_peers,initiator_reversal,-0.010303013240562582,25,201
276,1,semiconductor_adjusted_return,economic_subsector_peers,convergence,-0.0006933234788291477,183,223
276,1,semiconductor_adjusted_return,economic_subsector_peers,peer_catchup,0.0006704224642850191,183,223
276,1,semiconductor_adjusted_return,economic_subsector_peers,initiator_reversal,-0.0013637459431141666,183,223
276,3,semiconductor_adjusted_return,economic_subsector_peers,convergence,-0.006257954120715487,130,223
276,3,semiconductor_adjusted_return,economic_subsector_peers,peer_catchup,0.0001444578605295983,130,223
276,3,semiconductor_adjusted_return,economic_subsector_peers,initiator_reversal,-0.0064024119812450845,130,223
276,5,semiconductor_adjusted_return,economic_subsector_peers,convergence,-0.006040341098215959,92,223
276,5,semiconductor_adjusted_return,economic_subsector_peers,peer_catchup,6.92201519590576e-05,92,223
276,5,semiconductor_adjusted_return,economic_subsector_peers,initiator_reversal,-0.006109561250175018,92,223
276,10,semiconductor_adjusted_return,economic_subsector_peers,convergence,0.004726355474965743,42,223
276,10,semiconductor_adjusted_return,economic_subsector_peers,peer_catchup,0.007041340690472066,42,223
276,10,semiconductor_adjusted_return,economic_subsector_peers,initiator_reversal,-0.002314985215506322,42,223
277,1,semiconductor_adjusted_return,economic_subsector_peers,convergence,-0.0012243776723085285,163,192
277,1,semiconductor_adjusted_return,economic_subsector_peers,peer_catchup,0.00048750685936078383,163,192
277,1,semiconductor_adjusted_return,economic_subsector_peers,initiator_reversal,-0.0017118845316693124,163,192
277,3,semiconductor_adjusted_return,economic_subsector_peers,convergence,-0.003088404777173752,103,192
277,3,semiconductor_adjusted_return,economic_subsector_peers,peer_catchup,0.0009975673121316747,103,192
277,3,semiconductor_adjusted_return,economic_subsector_peers,initiator_reversal,-0.004085972089305426,103,192
277,5,semiconductor_adjusted_return,economic_subsector_peers,convergence,-0.006169773911614675,74,192
277,5,semiconductor_adjusted_return,economic_subsector_peers,peer_catchup,0.00035628850595362233,74,192
277,5,semiconductor_adjusted_return,economic_subsector_peers,initiator_reversal,-0.006526062417568298,74,192
277,10,semiconductor_adjusted_return,economic_subsector_peers,convergence,0.003618174196433266,20,192
277,10,semiconductor_adjusted_return,economic_subsector_peers,peer_catchup,0.0031725327041310604,20,192
277,10,semiconductor_adjusted_return,economic_subsector_peers,initiator_reversal,0.0004456414923022056,20,192
278,1,semiconductor_adjusted_return,economic_subsector_peers,convergence,0.0016857743757420084,183,218
278,1,semiconductor_adjusted_return,economic_subsector_peers,peer_catchup,-0.001138501947211231,183,218
278,1,semiconductor_adjusted_return,economic_subsector_peers,initiator_reversal,0.0028242763229532402,183,218
278,3,semiconductor_adjusted_return,economic_subsector_peers,convergence,-0.004498029690422318,125,218
278,3,semiconductor_adjusted_return,economic_subsector_peers,peer_catchup,-3.3567209290493796e-05,125,218
278,3,semiconductor_adjusted_return,economic_subsector_peers,initiator_reversal,-0.0044644624811318225,125,218
278,5,semiconductor_adjusted_return,economic_subsector_peers,convergence,-0.008551360807062145,85,218
278,5,semiconductor_adjusted_return,economic_subsector_peers,peer_catchup,-0.0011765813373045303,85,218
278,5,semiconductor_adjusted_return,economic_subsector_peers,initiator_reversal,-0.0073747794697576145,85,218
278,10,semiconductor_adjusted_return,economic_subsector_peers,convergence,-0.0042608691066244085,33,218
278,10,semiconductor_adjusted_return,economic_subsector_peers,peer_catchup,-0.0012182369498809152,33,218
278,10,semiconductor_adjusted_return,economic_subsector_peers,initiator_reversal,-0.003042632156743495,33,218
279,1,semiconductor_adjusted_return,economic_subsector_peers,convergence,-0.0013688052351902905,169,207
279,1,semiconductor_adjusted_return,economic_subsector_peers,peer_catchup,0.00012049246358890858,169,207
279,1,semiconductor_adjusted_return,economic_subsector_peers,initiator_reversal,-0.0014892976987791985,169,207
279,3,semiconductor_adjusted_return,economic_subsector_peers,convergence,0.00013240731157972903,119,207
279,3,semiconductor_adjusted_return,economic_subsector_peers,peer_catchup,0.0013452961818053314,119,207
279,3,semiconductor_adjusted_return,economic_subsector_peers,initiator_reversal,-0.0012128888702256024,119,207
279,5,semiconductor_adjusted_return,economic_subsector_peers,convergence,0.0011181907554960616,79,207
279,5,semiconductor_adjusted_return,economic_subsector_peers,peer_catchup,0.0007237498802139213,79,207
279,5,semiconductor_adjusted_return,economic_subsector_peers,initiator_reversal,0.00039444087528213944,79,207
279,10,semiconductor_adjusted_return,economic_subsector_peers,convergence,-0.019460311685163243,20,207
279,10,semiconductor_adjusted_return,economic_subsector_peers,peer_catchup,0.0006332707684559411,20,207
279,10,semiconductor_adjusted_return,economic_subsector_peers,initiator_reversal,-0.020093582453619176,20,207
280,1,semiconductor_adjusted_return,economic_subsector_peers,convergence,0.00031354829871594394,184,222
280,1,semiconductor_adjusted_return,economic_subsector_peers,peer_catchup,-0.0008316237280085975,184,222
280,1,semiconductor_adjusted_return,economic_subsector_peers,initiator_reversal,0.0011451720267245417,184,222
280,3,semiconductor_adjusted_return,economic_subsector_peers,convergence,-0.005685064302817102,125,222
280,3,semiconductor_adjusted_return,economic_subsector_peers,peer_catchup,-0.0006596683263614464,125,222
280,3,semiconductor_adjusted_return,economic_subsector_peers,initiator_reversal,-0.005025395976455654,125,222
280,5,semiconductor_adjusted_return,economic_subsector_peers,convergence,-0.00736360951921307,72,222
280,5,semiconductor_adjusted_return,economic_subsector_peers,peer_catchup,-0.0006745833522705492,72,222
280,5,semiconductor_adjusted_return,economic_subsector_peers,initiator_reversal,-0.0066890261669425195,72,222
280,10,semiconductor_adjusted_return,economic_subsector_peers,convergence,0.006348998251412013,27,222
280,10,semiconductor_adjusted_return,economic_subsector_peers,peer_catchup,-0.0021231184745056763,27,222
280,10,semiconductor_adjusted_return,economic_subsector_peers,initiator_reversal,0.00847211672591769,27,222
281,1,semiconductor_adjusted_return,economic_subsector_peers,convergence,-0.0010423190205517063,174,217
281,1,semiconductor_adjusted_return,economic_subsector_peers,peer_catchup,0.0006246509116592659,174,217
281,1,semiconductor_adjusted_return,economic_subsector_peers,initiator_reversal,-0.0016669699322109715,174,217
281,3,semiconductor_adjusted_return,economic_subsector_peers,convergence,-4.9596072613022234e-05,122,217
281,3,semiconductor_adjusted_return,economic_subsector_peers,peer_catchup,0.0005547911792147174,122,217
281,3,semiconductor_adjusted_return,economic_subsector_peers,initiator_reversal,-0.0006043872518277399,122,217
281,5,semiconductor_adjusted_return,economic_subsector_peers,convergence,0.00024267681858768458,81,217
281,5,semiconductor_adjusted_return,economic_subsector_peers,peer_catchup,-0.0006828669414391964,81,217
281,5,semiconductor_adjusted_return,economic_subsector_peers,initiator_reversal,0.0009255437600268801,81,217
281,10,semiconductor_adjusted_return,economic_subsector_peers,convergence,-0.0005116019396395895,28,217
281,10,semiconductor_adjusted_return,economic_subsector_peers,peer_catchup,-0.001101847021191201,28,217
281,10,semiconductor_adjusted_return,economic_subsector_peers,initiator_reversal,0.0005902450815516129,28,217
282,1,semiconductor_adjusted_return,economic_subsector_peers,convergence,0.0005756914041496782,179,229
282,1,semiconductor_adjusted_return,economic_subsector_peers,peer_catchup,1.045335792823357e-06,179,229
282,1,semiconductor_adjusted_return,economic_subsector_peers,initiator_reversal,0.0005746460683568542,179,229
282,3,semiconductor_adjusted_return,economic_subsector_peers,convergence,-0.0018922633661305039,118,229
282,3,semiconductor_adjusted_return,economic_subsector_peers,peer_catchup,0.002617054042682486,118,229
282,3,semiconductor_adjusted_return,economic_subsector_peers,initiator_reversal,-0.00450931740881299,118,229
282,5,semiconductor_adjusted_return,economic_subsector_peers,convergence,-0.0036769259299565564,69,229
282,5,semiconductor_adjusted_return,economic_subsector_peers,peer_catchup,0.0013276931264720395,69,229
282,5,semiconductor_adjusted_return,economic_subsector_peers,initiator_reversal,-0.005004619056428596,69,229
282,10,semiconductor_adjusted_return,economic_subsector_peers,convergence,0.0042571206274337955,28,229
282,10,semiconductor_adjusted_return,economic_subsector_peers,peer_catchup,-0.0011588401240570344,28,229
282,10,semiconductor_adjusted_return,economic_subsector_peers,initiator_reversal,0.005415960751490831,28,229
283,1,semiconductor_adjusted_return,economic_subsector_peers,convergence,-0.0024328642328493703,182,213
283,1,semiconductor_adjusted_return,economic_subsector_peers,peer_catchup,0.0010966763367121395,182,213
283,1,semiconductor_adjusted_return,economic_subsector_peers,initiator_reversal,-0.0035295405695615085,182,213
283,3,semiconductor_adjusted_return,economic_subsector_peers,convergence,-0.00227871475983688,120,213
283,3,semiconductor_adjusted_return,economic_subsector_peers,peer_catchup,-0.0016641965140278261,120,213
283,3,semiconductor_adjusted_return,economic_subsector_peers,initiator_reversal,-0.0006145182458090537,120,213
283,5,semiconductor_adjusted_return,economic_subsector_peers,convergence,-0.002672403055484882,93,213
283,5,semiconductor_adjusted_return,economic_subsector_peers,peer_catchup,-0.0031389979760221187,93,213
283,5,semiconductor_adjusted_return,economic_subsector_peers,initiator_reversal,0.0004665949205372392,93,213
283,10,semiconductor_adjusted_return,economic_subsector_peers,convergence,-0.003989510030805809,31,213
283,10,semiconductor_adjusted_return,economic_subsector_peers,peer_catchup,0.0013653484969775112,31,213
283,10,semiconductor_adjusted_return,economic_subsector_peers,initiator_reversal,-0.005354858527783318,31,213
284,1,semiconductor_adjusted_return,economic_subsector_peers,convergence,-0.002195103531804064,190,230
284,1,semiconductor_adjusted_return,economic_subsector_peers,peer_catchup,-0.0006677651293793883,190,230
284,1,semiconductor_adjusted_return,economic_subsector_peers,initiator_reversal,-0.0015273384024246757,190,230
284,3,semiconductor_adjusted_return,economic_subsector_peers,convergence,-0.002424809611141141,127,230
284,3,semiconductor_adjusted_return,economic_subsector_peers,peer_catchup,-0.000696745122087013,127,230
284,3,semiconductor_adjusted_return,economic_subsector_peers,initiator_reversal,-0.0017280644890541282,127,230
284,5,semiconductor_adjusted_return,economic_subsector_peers,convergence,-0.0023302786580509135,98,230
284,5,semiconductor_adjusted_return,economic_subsector_peers,peer_catchup,4.654882193395372e-05,98,230
284,5,semiconductor_adjusted_return,economic_subsector_peers,initiator_reversal,-0.002376827479984868,98,230
284,10,semiconductor_adjusted_return,economic_subsector_peers,convergence,0.0006796327181170353,49,230
284,10,semiconductor_adjusted_return,economic_subsector_peers,peer_catchup,0.0004926927461008642,49,230
284,10,semiconductor_adjusted_return,economic_subsector_peers,initiator_reversal,0.000186939972016172,49,230
285,1,semiconductor_adjusted_return,economic_subsector_peers,convergence,-0.0017193209711102143,172,210
285,1,semiconductor_adjusted_return,economic_subsector_peers,peer_catchup,0.00029337938348727343,172,210
285,1,semiconductor_adjusted_return,economic_subsector_peers,initiator_reversal,-0.0020127003545974873,172,210
285,3,semiconductor_adjusted_return,economic_subsector_peers,convergence,0.001508955970302066,119,210
285,3,semiconductor_adjusted_return,economic_subsector_peers,peer_catchup,-0.0003923242235668047,119,210
285,3,semiconductor_adjusted_return,economic_subsector_peers,initiator_reversal,0.001901280193868871,119,210
285,5,semiconductor_adjusted_return,economic_subsector_peers,convergence,0.0003414617195249737,79,210
285,5,semiconductor_adjusted_return,economic_subsector_peers,peer_catchup,-0.0007414774749876218,79,210
285,5,semiconductor_adjusted_return,economic_subsector_peers,initiator_reversal,0.001082939194512594,79,210
285,10,semiconductor_adjusted_return,economic_subsector_peers,convergence,-0.008840513993897311,26,210
285,10,semiconductor_adjusted_return,economic_subsector_peers,peer_catchup,-0.006338530708658089,26,210
285,10,semiconductor_adjusted_return,economic_subsector_peers,initiator_reversal,-0.0025019832852392213,26,210
286,1,semiconductor_adjusted_return,economic_subsector_peers,convergence,0.0009249402155295555,190,218
286,1,semiconductor_adjusted_return,economic_subsector_peers,peer_catchup,0.00020323679579464527,190,218
286,1,semiconductor_adjusted_return,economic_subsector_peers,initiator_reversal,0.0007217034197349103,190,218
286,3,semiconductor_adjusted_return,economic_subsector_peers,convergence,-0.001620284800277077,123,218
286,3,semiconductor_adjusted_return,economic_subsector_peers,peer_catchup,-0.00014495852548531934,123,218
286,3,semiconductor_adjusted_return,economic_subsector_peers,initiator_reversal,-0.0014753262747917572,123,218
286,5,semiconductor_adjusted_return,economic_subsector_peers,convergence,0.005630095919032889,78,218
286,5,semiconductor_adjusted_return,economic_subsector_peers,peer_catchup,-0.0016425708609659718,78,218
286,5,semiconductor_adjusted_return,economic_subsector_peers,initiator_reversal,0.00727266677999886,78,218
286,10,semiconductor_adjusted_return,economic_subsector_peers,convergence,0.003075376805196355,28,218
286,10,semiconductor_adjusted_return,economic_subsector_peers,peer_catchup,0.009283540649202412,28,218
286,10,semiconductor_adjusted_return,economic_subsector_peers,initiator_reversal,-0.006208163844006056,28,218
287,1,semiconductor_adjusted_return,economic_subsector_peers,convergence,0.0007256711582889949,198,220
287,1,semiconductor_adjusted_return,economic_subsector_peers,peer_catchup,-3.9339687275713205e-05,198,220
287,1,semiconductor_adjusted_return,economic_subsector_peers,initiator_reversal,0.0007650108455647083,198,220
287,3,semiconductor_adjusted_return,economic_subsector_peers,convergence,0.0007661987629114961,135,220
287,3,semiconductor_adjusted_return,economic_subsector_peers,peer_catchup,0.0013428852435156018,135,220
287,3,semiconductor_adjusted_return,economic_subsector_peers,initiator_reversal,-0.000576686480604106,135,220
287,5,semiconductor_adjusted_return,economic_subsector_peers,convergence,-0.0005892612886553731,96,220
287,5,semiconductor_adjusted_return,economic_subsector_peers,peer_catchup,0.0008110891266843446,96,220
287,5,semiconductor_adjusted_return,economic_subsector_peers,initiator_reversal,-0.0014003504153397171,96,220
287,10,semiconductor_adjusted_return,economic_subsector_peers,convergence,-0.00032132073209337745,38,220
287,10,semiconductor_adjusted_return,economic_subsector_peers,peer_catchup,-0.0015299225504056505,38,220
287,10,semiconductor_adjusted_return,economic_subsector_peers,initiator_reversal,0.0012086018183122729,38,220
288,1,semiconductor_adjusted_return,economic_subsector_peers,convergence,-0.0001342174698074749,172,218
288,1,semiconductor_adjusted_return,economic_subsector_peers,peer_catchup,-0.0001052909771191501,172,218
288,1,semiconductor_adjusted_return,economic_subsector_peers,initiator_reversal,-2.8926492688324546e-05,172,218
288,3,semiconductor_adjusted_return,economic_subsector_peers,convergence,-0.000770932372794415,124,218
288,3,semiconductor_adjusted_return,economic_subsector_peers,peer_catchup,-0.0014685417792820483,124,218
288,3,semiconductor_adjusted_return,economic_subsector_peers,initiator_reversal,0.0006976094064876322,124,218
288,5,semiconductor_adjusted_return,economic_subsector_peers,convergence,-0.002309148400939188,67,218
288,5,semiconductor_adjusted_return,economic_subsector_peers,peer_catchup,-0.0014654054025214388,67,218
288,5,semiconductor_adjusted_return,economic_subsector_peers,initiator_reversal,-0.0008437429984177495,67,218
288,10,semiconductor_adjusted_return,economic_subsector_peers,convergence,0.005303075496911433,23,218
288,10,semiconductor_adjusted_return,economic_subsector_peers,peer_catchup,-6.684703003137443e-05,23,218
288,10,semiconductor_adjusted_return,economic_subsector_peers,initiator_reversal,0.005369922526942808,23,218
289,1,semiconductor_adjusted_return,economic_subsector_peers,convergence,0.0031142379230807,183,227
289,1,semiconductor_adjusted_return,economic_subsector_peers,peer_catchup,0.00023853300733540233,183,227
289,1,semiconductor_adjusted_return,economic_subsector_peers,initiator_reversal,0.0028757049157452984,183,227
289,3,semiconductor_adjusted_return,economic_subsector_peers,convergence,0.004391344869840809,130,227
289,3,semiconductor_adjusted_return,economic_subsector_peers,peer_catchup,0.0012643623783722456,130,227
289,3,semiconductor_adjusted_return,economic_subsector_peers,initiator_reversal,0.0031269824914685637,130,227
289,5,semiconductor_adjusted_return,economic_subsector_peers,convergence,0.0052572038157278015,95,227
289,5,semiconductor_adjusted_return,economic_subsector_peers,peer_catchup,-0.0008814839028171748,95,227
289,5,semiconductor_adjusted_return,economic_subsector_peers,initiator_reversal,0.006138687718544977,95,227
289,10,semiconductor_adjusted_return,economic_subsector_peers,convergence,0.011430528900610235,43,227
289,10,semiconductor_adjusted_return,economic_subsector_peers,peer_catchup,-0.002041142298741125,43,227
289,10,semiconductor_adjusted_return,economic_subsector_peers,initiator_reversal,0.01347167119935136,43,227
290,1,semiconductor_adjusted_return,economic_subsector_peers,convergence,-0.001982299272958246,157,194
290,1,semiconductor_adjusted_return,economic_subsector_peers,peer_catchup,0.0005146082255368554,157,194
290,1,semiconductor_adjusted_return,economic_subsector_peers,initiator_reversal,-0.0024969074984951016,157,194
290,3,semiconductor_adjusted_return,economic_subsector_peers,convergence,-0.0004509774497765174,121,194
290,3,semiconductor_adjusted_return,economic_subsector_peers,peer_catchup,-0.0004918238681579505,121,194
290,3,semiconductor_adjusted_return,economic_subsector_peers,initiator_reversal,4.084641838143317e-05,121,194
290,5,semiconductor_adjusted_return,economic_subsector_peers,convergence,0.002875051774322522,92,194
290,5,semiconductor_adjusted_return,economic_subsector_peers,peer_catchup,-0.0009983568140601135,92,194
290,5,semiconductor_adjusted_return,economic_subsector_peers,initiator_reversal,0.0038734085883826348,92,194
290,10,semiconductor_adjusted_return,economic_subsector_peers,convergence,0.004891599624864983,37,194
290,10,semiconductor_adjusted_return,economic_subsector_peers,peer_catchup,-0.0015590865497458846,37,194
290,10,semiconductor_adjusted_return,economic_subsector_peers,initiator_reversal,0.006450686174610869,37,194
291,1,semiconductor_adjusted_return,economic_subsector_peers,convergence,-0.00026896757179367686,182,216
291,1,semiconductor_adjusted_return,economic_subsector_peers,peer_catchup,-0.0001795678567058446,182,216
291,1,semiconductor_adjusted_return,economic_subsector_peers,initiator_reversal,-8.939971508783266e-05,182,216
291,3,semiconductor_adjusted_return,economic_subsector_peers,convergence,0.00037445390706365304,140,216
291,3,semiconductor_adjusted_return,economic_subsector_peers,peer_catchup,-0.0005353900706615434,140,216
291,3,semiconductor_adjusted_return,economic_subsector_peers,initiator_reversal,0.0009098439777251963,140,216
291,5,semiconductor_adjusted_return,economic_subsector_peers,convergence,0.0005884513109077784,89,216
291,5,semiconductor_adjusted_return,economic_subsector_peers,peer_catchup,0.0034758580305695734,89,216
291,5,semiconductor_adjusted_return,economic_subsector_peers,initiator_reversal,-0.0028874067196617958,89,216
291,10,semiconductor_adjusted_return,economic_subsector_peers,convergence,0.0024970235537984304,48,216
291,10,semiconductor_adjusted_return,economic_subsector_peers,peer_catchup,0.009724904488122662,48,216
291,10,semiconductor_adjusted_return,economic_subsector_peers,initiator_reversal,-0.0072278809343242325,48,216
292,1,semiconductor_adjusted_return,economic_subsector_peers,convergence,-0.0007004568112953062,154,212
292,1,semiconductor_adjusted_return,economic_subsector_peers,peer_catchup,-0.00034808768793827657,154,212
292,1,semiconductor_adjusted_return,economic_subsector_peers,initiator_reversal,-0.0003523691233570296,154,212
292,3,semiconductor_adjusted_return,economic_subsector_peers,convergence,-0.0012327922427736095,110,212
292,3,semiconductor_adjusted_return,economic_subsector_peers,peer_catchup,-0.00048299879218103247,110,212
292,3,semiconductor_adjusted_return,economic_subsector_peers,initiator_reversal,-0.0007497934505925774,110,212
292,5,semiconductor_adjusted_return,economic_subsector_peers,convergence,0.0028540409750547656,76,212
292,5,semiconductor_adjusted_return,economic_subsector_peers,peer_catchup,-0.0008221737734861019,76,212
292,5,semiconductor_adjusted_return,economic_subsector_peers,initiator_reversal,0.0036762147485408674,76,212
292,10,semiconductor_adjusted_return,economic_subsector_peers,convergence,0.0022383974076616224,38,212
292,10,semiconductor_adjusted_return,economic_subsector_peers,peer_catchup,0.001180175768517476,38,212
292,10,semiconductor_adjusted_return,economic_subsector_peers,initiator_reversal,0.0010582216391441458,38,212
293,1,semiconductor_adjusted_return,economic_subsector_peers,convergence,0.0009486927439414074,159,200
293,1,semiconductor_adjusted_return,economic_subsector_peers,peer_catchup,0.0001370889918654088,159,200
293,1,semiconductor_adjusted_return,economic_subsector_peers,initiator_reversal,0.0008116037520759989,159,200
293,3,semiconductor_adjusted_return,economic_subsector_peers,convergence,0.0020558210066565098,103,200
293,3,semiconductor_adjusted_return,economic_subsector_peers,peer_catchup,-0.0006018124393249581,103,200
293,3,semiconductor_adjusted_return,economic_subsector_peers,initiator_reversal,0.0026576334459814683,103,200
293,5,semiconductor_adjusted_return,economic_subsector_peers,convergence,0.00036787538036091376,58,200
293,5,semiconductor_adjusted_return,economic_subsector_peers,peer_catchup,0.004095551166442269,58,200
293,5,semiconductor_adjusted_return,economic_subsector_peers,initiator_reversal,-0.0037276757860813556,58,200
293,10,semiconductor_adjusted_return,economic_subsector_peers,convergence,0.0009412082216523274,20,200
293,10,semiconductor_adjusted_return,economic_subsector_peers,peer_catchup,0.0008598712653803776,20,200
293,10,semiconductor_adjusted_return,economic_subsector_peers,initiator_reversal,8.133695627194877e-05,20,200
294,1,semiconductor_adjusted_return,economic_subsector_peers,convergence,-0.0026126135965426856,168,188
294,1,semiconductor_adjusted_return,economic_subsector_peers,peer_catchup,-0.0010795693056115314,168,188
294,1,semiconductor_adjusted_return,economic_subsector_peers,initiator_reversal,-0.0015330442909311547,168,188
294,3,semiconductor_adjusted_return,economic_subsector_peers,convergence,-0.0028242238272379984,107,188
294,3,semiconductor_adjusted_return,economic_subsector_peers,peer_catchup,-1.3645806002843504e-05,107,188
294,3,semiconductor_adjusted_return,economic_subsector_peers,initiator_reversal,-0.0028105780212351566,107,188
294,5,semiconductor_adjusted_return,economic_subsector_peers,convergence,-0.005617792708563826,68,188
294,5,semiconductor_adjusted_return,economic_subsector_peers,peer_catchup,0.0004318228332464645,68,188
294,5,semiconductor_adjusted_return,economic_subsector_peers,initiator_reversal,-0.006049615541810287,68,188
294,10,semiconductor_adjusted_return,economic_subsector_peers,convergence,-0.020859400517563687,24,188
294,10,semiconductor_adjusted_return,economic_subsector_peers,peer_catchup,0.004549037007049662,24,188
294,10,semiconductor_adjusted_return,economic_subsector_peers,initiator_reversal,-0.02540843752461335,24,188
295,1,semiconductor_adjusted_return,economic_subsector_peers,convergence,0.0008377676113513916,197,233
295,1,semiconductor_adjusted_return,economic_subsector_peers,peer_catchup,0.0007181390684192666,197,233
295,1,semiconductor_adjusted_return,economic_subsector_peers,initiator_reversal,0.00011962854293212508,197,233
295,3,semiconductor_adjusted_return,economic_subsector_peers,convergence,-0.0018833340149664172,124,233
295,3,semiconductor_adjusted_return,economic_subsector_peers,peer_catchup,0.0021095115540366487,124,233
295,3,semiconductor_adjusted_return,economic_subsector_peers,initiator_reversal,-0.003992845569003068,124,233
295,5,semiconductor_adjusted_return,economic_subsector_peers,convergence,-0.0010052668397255375,88,233
295,5,semiconductor_adjusted_return,economic_subsector_peers,peer_catchup,0.002447078015572333,88,233
295,5,semiconductor_adjusted_return,economic_subsector_peers,initiator_reversal,-0.0034523448552978707,88,233
295,10,semiconductor_adjusted_return,economic_subsector_peers,convergence,0.0003926867637127811,35,233
295,10,semiconductor_adjusted_return,economic_subsector_peers,peer_catchup,0.007178872102637692,35,233
295,10,semiconductor_adjusted_return,economic_subsector_peers,initiator_reversal,-0.0067861853389249134,35,233
296,1,semiconductor_adjusted_return,economic_subsector_peers,convergence,-0.0020302410307547515,168,208
296,1,semiconductor_adjusted_return,economic_subsector_peers,peer_catchup,0.00044246514790605753,168,208
296,1,semiconductor_adjusted_return,economic_subsector_peers,initiator_reversal,-0.002472706178660809,168,208
296,3,semiconductor_adjusted_return,economic_subsector_peers,convergence,-0.0007292377688245378,110,208
296,3,semiconductor_adjusted_return,economic_subsector_peers,peer_catchup,-0.0015616001513059357,110,208
296,3,semiconductor_adjusted_return,economic_subsector_peers,initiator_reversal,0.0008323623824813977,110,208
296,5,semiconductor_adjusted_return,economic_subsector_peers,convergence,-0.00045219543189142124,69,208
296,5,semiconductor_adjusted_return,economic_subsector_peers,peer_catchup,-0.006052720790540947,69,208
296,5,semiconductor_adjusted_return,economic_subsector_peers,initiator_reversal,0.005600525358649527,69,208
296,10,semiconductor_adjusted_return,economic_subsector_peers,convergence,0.0028723254236189084,32,208
296,10,semiconductor_adjusted_return,economic_subsector_peers,peer_catchup,-0.020783143882563457,32,208
296,10,semiconductor_adjusted_return,economic_subsector_peers,initiator_reversal,0.023655469306182363,32,208
297,1,semiconductor_adjusted_return,economic_subsector_peers,convergence,0.0011835146362159682,171,197
297,1,semiconductor_adjusted_return,economic_subsector_peers,peer_catchup,-2.2665457702171903e-06,171,197
297,1,semiconductor_adjusted_return,economic_subsector_peers,initiator_reversal,0.0011857811819861854,171,197
297,3,semiconductor_adjusted_return,economic_subsector_peers,convergence,-0.0004202676426936389,115,197
297,3,semiconductor_adjusted_return,economic_subsector_peers,peer_catchup,-0.002499727751359811,115,197
297,3,semiconductor_adjusted_return,economic_subsector_peers,initiator_reversal,0.0020794601086661724,115,197
297,5,semiconductor_adjusted_return,economic_subsector_peers,convergence,-0.0065419624838068706,71,197
297,5,semiconductor_adjusted_return,economic_subsector_peers,peer_catchup,-0.004813816052686252,71,197
297,5,semiconductor_adjusted_return,economic_subsector_peers,initiator_reversal,-0.0017281464311206182,71,197
297,10,semiconductor_adjusted_return,economic_subsector_peers,convergence,0.00484083410956822,30,197
297,10,semiconductor_adjusted_return,economic_subsector_peers,peer_catchup,0.0020892581759486386,30,197
297,10,semiconductor_adjusted_return,economic_subsector_peers,initiator_reversal,0.0027515759336195823,30,197
298,1,semiconductor_adjusted_return,economic_subsector_peers,convergence,-0.001357624777335313,204,248
298,1,semiconductor_adjusted_return,economic_subsector_peers,peer_catchup,0.00022193964954291058,204,248
298,1,semiconductor_adjusted_return,economic_subsector_peers,initiator_reversal,-0.001579564426878223,204,248
298,3,semiconductor_adjusted_return,economic_subsector_peers,convergence,0.0009472327304639919,133,248
298,3,semiconductor_adjusted_return,economic_subsector_peers,peer_catchup,0.001017031241649565,133,248
298,3,semiconductor_adjusted_return,economic_subsector_peers,initiator_reversal,-6.979851118557276e-05,133,248
298,5,semiconductor_adjusted_return,economic_subsector_peers,convergence,0.0008507555710963781,89,248
298,5,semiconductor_adjusted_return,economic_subsector_peers,peer_catchup,0.0048737099370464295,89,248
298,5,semiconductor_adjusted_return,economic_subsector_peers,initiator_reversal,-0.004022954365950052,89,248
298,10,semiconductor_adjusted_return,economic_subsector_peers,convergence,0.0004715792208445395,39,248
298,10,semiconductor_adjusted_return,economic_subsector_peers,peer_catchup,-0.001991736433897253,39,248
298,10,semiconductor_adjusted_return,economic_subsector_peers,initiator_reversal,0.0024633156547417944,39,248
299,1,semiconductor_adjusted_return,economic_subsector_peers,convergence,-0.0006954933813457276,183,220
299,1,semiconductor_adjusted_return,economic_subsector_peers,peer_catchup,-0.0007368883587152548,183,220
299,1,semiconductor_adjusted_return,economic_subsector_peers,initiator_reversal,4.139497736952707e-05,183,220
299,3,semiconductor_adjusted_return,economic_subsector_peers,convergence,-0.0023845423749572652,120,220
299,3,semiconductor_adjusted_return,economic_subsector_peers,peer_catchup,-0.0003025114344498926,120,220
299,3,semiconductor_adjusted_return,economic_subsector_peers,initiator_reversal,-0.0020820309405073737,120,220
299,5,semiconductor_adjusted_return,economic_subsector_peers,convergence,-0.005910813507206853,79,220
299,5,semiconductor_adjusted_return,economic_subsector_peers,peer_catchup,-0.0028585472267103587,79,220
299,5,semiconductor_adjusted_return,economic_subsector_peers,initiator_reversal,-0.0030522662804964946,79,220
299,10,semiconductor_adjusted_return,economic_subsector_peers,convergence,-0.01719132130796952,33,220
299,10,semiconductor_adjusted_return,economic_subsector_peers,peer_catchup,-0.010264274887565065,33,220
299,10,semiconductor_adjusted_return,economic_subsector_peers,initiator_reversal,-0.006927046420404456,33,220
300,1,semiconductor_adjusted_return,economic_subsector_peers,convergence,-0.000902020970537539,189,231
300,1,semiconductor_adjusted_return,economic_subsector_peers,peer_catchup,0.000483647809900003,189,231
300,1,semiconductor_adjusted_return,economic_subsector_peers,initiator_reversal,-0.001385668780437542,189,231
300,3,semiconductor_adjusted_return,economic_subsector_peers,convergence,-0.0007452181818369913,132,231
300,3,semiconductor_adjusted_return,economic_subsector_peers,peer_catchup,0.0010661991339109332,132,231
300,3,semiconductor_adjusted_return,economic_subsector_peers,initiator_reversal,-0.0018114173157479248,132,231
300,5,semiconductor_adjusted_return,economic_subsector_peers,convergence,-0.003106602845897026,95,231
300,5,semiconductor_adjusted_return,economic_subsector_peers,peer_catchup,0.0008013767559158028,95,231
300,5,semiconductor_adjusted_return,economic_subsector_peers,initiator_reversal,-0.003907979601812828,95,231
300,10,semiconductor_adjusted_return,economic_subsector_peers,convergence,-0.002528012099503395,28,231
300,10,semiconductor_adjusted_return,economic_subsector_peers,peer_catchup,-0.002906628931405623,28,231
300,10,semiconductor_adjusted_return,economic_subsector_peers,initiator_reversal,0.0003786168319022276,28,231
301,1,semiconductor_adjusted_return,economic_subsector_peers,convergence,0.002000979352191995,174,215
301,1,semiconductor_adjusted_return,economic_subsector_peers,peer_catchup,0.00013609621355199704,174,215
301,1,semiconductor_adjusted_return,economic_subsector_peers,initiator_reversal,0.0018648831386399978,174,215
301,3,semiconductor_adjusted_return,economic_subsector_peers,convergence,-0.003824719316384289,116,215
301,3,semiconductor_adjusted_return,economic_subsector_peers,peer_catchup,-5.340494374950974e-05,116,215
301,3,semiconductor_adjusted_return,economic_subsector_peers,initiator_reversal,-0.0037713143726347802,116,215
301,5,semiconductor_adjusted_return,economic_subsector_peers,convergence,-0.006035977354953624,86,215
301,5,semiconductor_adjusted_return,economic_subsector_peers,peer_catchup,-0.00043517334712620643,86,215
301,5,semiconductor_adjusted_return,economic_subsector_peers,initiator_reversal,-0.005600804007827417,86,215
301,10,semiconductor_adjusted_return,economic_subsector_peers,convergence,0.009354647975807961,30,215
301,10,semiconductor_adjusted_return,economic_subsector_peers,peer_catchup,0.003643137779862873,30,215
301,10,semiconductor_adjusted_return,economic_subsector_peers,initiator_reversal,0.005711510195945086,30,215
302,1,semiconductor_adjusted_return,economic_subsector_peers,convergence,0.00013531074263686016,176,222
302,1,semiconductor_adjusted_return,economic_subsector_peers,peer_catchup,-0.0002378322968802752,176,222
302,1,semiconductor_adjusted_return,economic_subsector_peers,initiator_reversal,0.0003731430395171351,176,222
302,3,semiconductor_adjusted_return,economic_subsector_peers,convergence,-0.0010913468657667755,105,222
302,3,semiconductor_adjusted_return,economic_subsector_peers,peer_catchup,5.5543566144400864e-05,105,222
302,3,semiconductor_adjusted_return,economic_subsector_peers,initiator_reversal,-0.0011468904319111765,105,222
302,5,semiconductor_adjusted_return,economic_subsector_peers,convergence,0.0011707622786158343,89,222
302,5,semiconductor_adjusted_return,economic_subsector_peers,peer_catchup,0.001612135478664811,89,222
302,5,semiconductor_adjusted_return,economic_subsector_peers,initiator_reversal,-0.00044137320004897706,89,222
302,10,semiconductor_adjusted_return,economic_subsector_peers,convergence,0.004188617169151931,37,222
302,10,semiconductor_adjusted_return,economic_subsector_peers,peer_catchup,0.006668561348272509,37,222
302,10,semiconductor_adjusted_return,economic_subsector_peers,initiator_reversal,-0.0024799441791205786,37,222
303,1,semiconductor_adjusted_return,economic_subsector_peers,convergence,-0.0010361498385660492,176,208
303,1,semiconductor_adjusted_return,economic_subsector_peers,peer_catchup,5.7433364909603996e-05,176,208
303,1,semiconductor_adjusted_return,economic_subsector_peers,initiator_reversal,-0.0010935832034756532,176,208
303,3,semiconductor_adjusted_return,economic_subsector_peers,convergence,-0.0025725035457057157,110,208
303,3,semiconductor_adjusted_return,economic_subsector_peers,peer_catchup,0.0006494422454431006,110,208
303,3,semiconductor_adjusted_return,economic_subsector_peers,initiator_reversal,-0.003221945791148816,110,208
303,5,semiconductor_adjusted_return,economic_subsector_peers,convergence,-0.0019475788063478669,75,208
303,5,semiconductor_adjusted_return,economic_subsector_peers,peer_catchup,0.0022925643125165374,75,208
303,5,semiconductor_adjusted_return,economic_subsector_peers,initiator_reversal,-0.004240143118864404,75,208
303,10,semiconductor_adjusted_return,economic_subsector_peers,convergence,-0.008068123211499701,29,208
303,10,semiconductor_adjusted_return,economic_subsector_peers,peer_catchup,0.0052489211267324745,29,208
303,10,semiconductor_adjusted_return,economic_subsector_peers,initiator_reversal,-0.013317044338232175,29,208
304,1,semiconductor_adjusted_return,economic_subsector_peers,convergence,-0.000806499757812714,184,217
304,1,semiconductor_adjusted_return,economic_subsector_peers,peer_catchup,0.00029715045814994104,184,217
304,1,semiconductor_adjusted_return,economic_subsector_peers,initiator_reversal,-0.0011036502159626554,184,217
304,3,semiconductor_adjusted_return,economic_subsector_peers,convergence,-0.0034711669919453487,135,217
304,3,semiconductor_adjusted_return,economic_subsector_peers,peer_catchup,-0.0005854753770458033,135,217
304,3,semiconductor_adjusted_return,economic_subsector_peers,initiator_reversal,-0.002885691614899545,135,217
304,5,semiconductor_adjusted_return,economic_subsector_peers,convergence,-0.00486012671948747,96,217
304,5,semiconductor_adjusted_return,economic_subsector_peers,peer_catchup,-0.000615950330068441,96,217
304,5,semiconductor_adjusted_return,economic_subsector_peers,initiator_reversal,-0.004244176389419029,96,217
304,10,semiconductor_adjusted_return,economic_subsector_peers,convergence,-0.009408678475277316,32,217
304,10,semiconductor_adjusted_return,economic_subsector_peers,peer_catchup,-0.0004768802283723812,32,217
304,10,semiconductor_adjusted_return,economic_subsector_peers,initiator_reversal,-0.008931798246904935,32,217
305,1,semiconductor_adjusted_return,economic_subsector_peers,convergence,-0.001231161310074793,196,234
305,1,semiconductor_adjusted_return,economic_subsector_peers,peer_catchup,0.0009073391022017382,196,234
305,1,semiconductor_adjusted_return,economic_subsector_peers,initiator_reversal,-0.002138500412276531,196,234
305,3,semiconductor_adjusted_return,economic_subsector_peers,convergence,0.004782491235244822,131,234
305,3,semiconductor_adjusted_return,economic_subsector_peers,peer_catchup,0.004189492956903248,131,234
305,3,semiconductor_adjusted_return,economic_subsector_peers,initiator_reversal,0.0005929982783415722,131,234
305,5,semiconductor_adjusted_return,economic_subsector_peers,convergence,0.006439580484946514,77,234
305,5,semiconductor_adjusted_return,economic_subsector_peers,peer_catchup,0.006574740342184395,77,234
305,5,semiconductor_adjusted_return,economic_subsector_peers,initiator_reversal,-0.00013515985723787952,77,234
305,10,semiconductor_adjusted_return,economic_subsector_peers,convergence,0.016969453381907116,32,234
305,10,semiconductor_adjusted_return,economic_subsector_peers,peer_catchup,0.01134031359447916,32,234
305,10,semiconductor_adjusted_return,economic_subsector_peers,initiator_reversal,0.005629139787427953,32,234
306,1,semiconductor_adjusted_return,economic_subsector_peers,convergence,0.0010149898513228867,156,204
306,1,semiconductor_adjusted_return,economic_subsector_peers,peer_catchup,0.00020373839731728356,156,204
306,1,semiconductor_adjusted_return,economic_subsector_peers,initiator_reversal,0.0008112514540056038,156,204
306,3,semiconductor_adjusted_return,economic_subsector_peers,convergence,0.0016678007151349134,105,204
306,3,semiconductor_adjusted_return,economic_subsector_peers,peer_catchup,0.0009229065509641088,105,204
306,3,semiconductor_adjusted_return,economic_subsector_peers,initiator_reversal,0.0007448941641708053,105,204
306,5,semiconductor_adjusted_return,economic_subsector_peers,convergence,0.0005368019848752861,62,204
306,5,semiconductor_adjusted_return,economic_subsector_peers,peer_catchup,0.004697032086255608,62,204
306,5,semiconductor_adjusted_return,economic_subsector_peers,initiator_reversal,-0.004160230101380321,62,204
306,10,semiconductor_adjusted_return,economic_subsector_peers,convergence,-0.007091629754046385,21,204
306,10,semiconductor_adjusted_return,economic_subsector_peers,peer_catchup,-0.0021968652914085575,21,204
306,10,semiconductor_adjusted_return,economic_subsector_peers,initiator_reversal,-0.004894764462637828,21,204
307,1,semiconductor_adjusted_return,economic_subsector_peers,convergence,-0.0007609866825655754,152,208
307,1,semiconductor_adjusted_return,economic_subsector_peers,peer_catchup,2.1044678171452782e-05,152,208
307,1,semiconductor_adjusted_return,economic_subsector_peers,initiator_reversal,-0.0007820313607370287,152,208
307,3,semiconductor_adjusted_return,economic_subsector_peers,convergence,8.780748299926136e-05,109,208
307,3,semiconductor_adjusted_return,economic_subsector_peers,peer_catchup,0.0023903748808735996,109,208
307,3,semiconductor_adjusted_return,economic_subsector_peers,initiator_reversal,-0.002302567397874338,109,208
307,5,semiconductor_adjusted_return,economic_subsector_peers,convergence,-0.0029668425088766894,65,208
307,5,semiconductor_adjusted_return,economic_subsector_peers,peer_catchup,0.002830637188138577,65,208
307,5,semiconductor_adjusted_return,economic_subsector_peers,initiator_reversal,-0.005797479697015266,65,208
307,10,semiconductor_adjusted_return,economic_subsector_peers,convergence,0.007351260472112245,22,208
307,10,semiconductor_adjusted_return,economic_subsector_peers,peer_catchup,0.007009146005332693,22,208
307,10,semiconductor_adjusted_return,economic_subsector_peers,initiator_reversal,0.00034211446677955633,22,208
308,1,semiconductor_adjusted_return,economic_subsector_peers,convergence,0.0013115218457585554,170,203
308,1,semiconductor_adjusted_return,economic_subsector_peers,peer_catchup,0.0003800519314772443,170,203
308,1,semiconductor_adjusted_return,economic_subsector_peers,initiator_reversal,0.0009314699142813112,170,203
308,3,semiconductor_adjusted_return,economic_subsector_peers,convergence,0.007075622446693432,127,203
308,3,semiconductor_adjusted_return,economic_subsector_peers,peer_catchup,-0.00030894975955221153,127,203
308,3,semiconductor_adjusted_return,economic_subsector_peers,initiator_reversal,0.007384572206245642,127,203
308,5,semiconductor_adjusted_return,economic_subsector_peers,convergence,0.003442338071597522,67,203
308,5,semiconductor_adjusted_return,economic_subsector_peers,peer_catchup,-0.00035464273200178586,67,203
308,5,semiconductor_adjusted_return,economic_subsector_peers,initiator_reversal,0.003796980803599308,67,203
308,10,semiconductor_adjusted_return,economic_subsector_peers,convergence,0.003732205438906721,26,203
308,10,semiconductor_adjusted_return,economic_subsector_peers,peer_catchup,0.0017821381826114255,26,203
308,10,semiconductor_adjusted_return,economic_subsector_peers,initiator_reversal,0.001950067256295295,26,203
309,1,semiconductor_adjusted_return,economic_subsector_peers,convergence,0.0002726171889208764,182,223
309,1,semiconductor_adjusted_return,economic_subsector_peers,peer_catchup,-0.0008244193570135513,182,223
309,1,semiconductor_adjusted_return,economic_subsector_peers,initiator_reversal,0.0010970365459344279,182,223
309,3,semiconductor_adjusted_return,economic_subsector_peers,convergence,-0.0006608257990417584,132,223
309,3,semiconductor_adjusted_return,economic_subsector_peers,peer_catchup,-0.0007945407893939892,132,223
309,3,semiconductor_adjusted_return,economic_subsector_peers,initiator_reversal,0.00013371499035223127,132,223
309,5,semiconductor_adjusted_return,economic_subsector_peers,convergence,-0.0019403145304543198,87,223
309,5,semiconductor_adjusted_return,economic_subsector_peers,peer_catchup,-0.0005497505822779365,87,223
309,5,semiconductor_adjusted_return,economic_subsector_peers,initiator_reversal,-0.001390563948176382,87,223
309,10,semiconductor_adjusted_return,economic_subsector_peers,convergence,-0.0016192577302851575,50,223
309,10,semiconductor_adjusted_return,economic_subsector_peers,peer_catchup,-0.0032597387441689234,50,223
309,10,semiconductor_adjusted_return,economic_subsector_peers,initiator_reversal,0.001640481013883767,50,223
310,1,semiconductor_adjusted_return,economic_subsector_peers,convergence,0.00010589057900885832,195,233
310,1,semiconductor_adjusted_return,economic_subsector_peers,peer_catchup,-0.0012905297261355702,195,233
310,1,semiconductor_adjusted_return,economic_subsector_peers,initiator_reversal,0.0013964203051444282,195,233
310,3,semiconductor_adjusted_return,economic_subsector_peers,convergence,0.00021510152131101515,135,233
310,3,semiconductor_adjusted_return,economic_subsector_peers,peer_catchup,-0.0034963722133583017,135,233
310,3,semiconductor_adjusted_return,economic_subsector_peers,initiator_reversal,0.003711473734669317,135,233
310,5,semiconductor_adjusted_return,economic_subsector_peers,convergence,-0.00045947194239931763,101,233
310,5,semiconductor_adjusted_return,economic_subsector_peers,peer_catchup,-0.0015246818952351577,101,233
310,5,semiconductor_adjusted_return,economic_subsector_peers,initiator_reversal,0.0010652099528358407,101,233
310,10,semiconductor_adjusted_return,economic_subsector_peers,convergence,-0.009002277791919982,38,233
310,10,semiconductor_adjusted_return,economic_subsector_peers,peer_catchup,0.001065735200963892,38,233
310,10,semiconductor_adjusted_return,economic_subsector_peers,initiator_reversal,-0.010068012992883872,38,233
311,1,semiconductor_adjusted_return,economic_subsector_peers,convergence,0.00046476188210948485,172,219
311,1,semiconductor_adjusted_return,economic_subsector_peers,peer_catchup,0.00023009353505512456,172,219
311,1,semiconductor_adjusted_return,economic_subsector_peers,initiator_reversal,0.00023466834705436032,172,219
311,3,semiconductor_adjusted_return,economic_subsector_peers,convergence,0.0018679319259772861,117,219
311,3,semiconductor_adjusted_return,economic_subsector_peers,peer_catchup,0.0008520304527696203,117,219
311,3,semiconductor_adjusted_return,economic_subsector_peers,initiator_reversal,0.0010159014732076656,117,219
311,5,semiconductor_adjusted_return,economic_subsector_peers,convergence,-0.0032109628181173737,86,219
311,5,semiconductor_adjusted_return,economic_subsector_peers,peer_catchup,-0.0003371045718643971,86,219
311,5,semiconductor_adjusted_return,economic_subsector_peers,initiator_reversal,-0.0028738582462529776,86,219
311,10,semiconductor_adjusted_return,economic_subsector_peers,convergence,-0.012145472305312212,26,219
311,10,semiconductor_adjusted_return,economic_subsector_peers,peer_catchup,0.00011699099323291582,26,219
311,10,semiconductor_adjusted_return,economic_subsector_peers,initiator_reversal,-0.012262463298545133,26,219
312,1,semiconductor_adjusted_return,economic_subsector_peers,convergence,0.002001268289157977,170,209
312,1,semiconductor_adjusted_return,economic_subsector_peers,peer_catchup,0.001371748535512761,170,209
312,1,semiconductor_adjusted_return,economic_subsector_peers,initiator_reversal,0.0006295197536452165,170,209
312,3,semiconductor_adjusted_return,economic_subsector_peers,convergence,0.0028882662815096077,113,209
312,3,semiconductor_adjusted_return,economic_subsector_peers,peer_catchup,0.002203692011171455,113,209
312,3,semiconductor_adjusted_return,economic_subsector_peers,initiator_reversal,0.000684574270338153,113,209
312,5,semiconductor_adjusted_return,economic_subsector_peers,convergence,0.0020643291456640266,85,209
312,5,semiconductor_adjusted_return,economic_subsector_peers,peer_catchup,0.004067115638574968,85,209
312,5,semiconductor_adjusted_return,economic_subsector_peers,initiator_reversal,-0.00200278649291094,85,209
312,10,semiconductor_adjusted_return,economic_subsector_peers,convergence,-0.0053197192628792085,40,209
312,10,semiconductor_adjusted_return,economic_subsector_peers,peer_catchup,-0.0021083866306821344,40,209
312,10,semiconductor_adjusted_return,economic_subsector_peers,initiator_reversal,-0.0032113326321970724,40,209
313,1,semiconductor_adjusted_return,economic_subsector_peers,convergence,0.0010958997180440487,181,213
313,1,semiconductor_adjusted_return,economic_subsector_peers,peer_catchup,-0.00015614189046830057,181,213
313,1,semiconductor_adjusted_return,economic_subsector_peers,initiator_reversal,0.0012520416085123492,181,213
313,3,semiconductor_adjusted_return,economic_subsector_peers,convergence,0.0007491473266003356,116,213
313,3,semiconductor_adjusted_return,economic_subsector_peers,peer_catchup,0.0009215357686656349,116,213
313,3,semiconductor_adjusted_return,economic_subsector_peers,initiator_reversal,-0.00017238844206529902,116,213
313,5,semiconductor_adjusted_return,economic_subsector_peers,convergence,0.004365948204057062,72,213
313,5,semiconductor_adjusted_return,economic_subsector_peers,peer_catchup,0.0015935309515779487,72,213
313,5,semiconductor_adjusted_return,economic_subsector_peers,initiator_reversal,0.0027724172524791137,72,213
313,10,semiconductor_adjusted_return,economic_subsector_peers,convergence,0.0005976616415673988,27,213
313,10,semiconductor_adjusted_return,economic_subsector_peers,peer_catchup,0.0032948668956263574,27,213
313,10,semiconductor_adjusted_return,economic_subsector_peers,initiator_reversal,-0.002697205254058959,27,213
314,1,semiconductor_adjusted_return,economic_subsector_peers,convergence,0.001348323979898179,136,172
314,1,semiconductor_adjusted_return,economic_subsector_peers,peer_catchup,-0.0003216171459443006,136,172
314,1,semiconductor_adjusted_return,economic_subsector_peers,initiator_reversal,0.0016699411258424798,136,172
314,3,semiconductor_adjusted_return,economic_subsector_peers,convergence,-0.0005865804113502558,88,172
314,3,semiconductor_adjusted_return,economic_subsector_peers,peer_catchup,-0.0013966691562926142,88,172
314,3,semiconductor_adjusted_return,economic_subsector_peers,initiator_reversal,0.0008100887449423583,88,172
314,5,semiconductor_adjusted_return,economic_subsector_peers,convergence,-0.0018404708098713337,65,172
314,5,semiconductor_adjusted_return,economic_subsector_peers,peer_catchup,-0.0024031663076590384,65,172
314,5,semiconductor_adjusted_return,economic_subsector_peers,initiator_reversal,0.0005626954977877047,65,172
314,10,semiconductor_adjusted_return,economic_subsector_peers,convergence,0.0009029573099140169,34,172
314,10,semiconductor_adjusted_return,economic_subsector_peers,peer_catchup,-0.0033069664240596743,34,172
314,10,semiconductor_adjusted_return,economic_subsector_peers,initiator_reversal,0.004209923733973692,34,172
315,1,semiconductor_adjusted_return,economic_subsector_peers,convergence,-0.0007399088846931581,168,211
315,1,semiconductor_adjusted_return,economic_subsector_peers,peer_catchup,0.0006123626312636581,168,211
315,1,semiconductor_adjusted_return,economic_subsector_peers,initiator_reversal,-0.0013522715159568158,168,211
315,3,semiconductor_adjusted_return,economic_subsector_peers,convergence,-0.0004582177312232464,116,211
315,3,semiconductor_adjusted_return,economic_subsector_peers,peer_catchup,-0.00029061260584715824,116,211
315,3,semiconductor_adjusted_return,economic_subsector_peers,initiator_reversal,-0.00016760512537608886,116,211
315,5,semiconductor_adjusted_return,economic_subsector_peers,convergence,-0.002677298251018283,72,211
315,5,semiconductor_adjusted_return,economic_subsector_peers,peer_catchup,0.002908601759891028,72,211
315,5,semiconductor_adjusted_return,economic_subsector_peers,initiator_reversal,-0.0055859000109093095,72,211
315,10,semiconductor_adjusted_return,economic_subsector_peers,convergence,-4.532478168257503e-05,27,211
315,10,semiconductor_adjusted_return,economic_subsector_peers,peer_catchup,-0.0003630880735982125,27,211
315,10,semiconductor_adjusted_return,economic_subsector_peers,initiator_reversal,0.00031776329191563645,27,211
316,1,semiconductor_adjusted_return,economic_subsector_peers,convergence,-0.0017400183793809085,183,214
316,1,semiconductor_adjusted_return,economic_subsector_peers,peer_catchup,-0.00029141945418899496,183,214
316,1,semiconductor_adjusted_return,economic_subsector_peers,initiator_reversal,-0.0014485989251919135,183,214
316,3,semiconductor_adjusted_return,economic_subsector_peers,convergence,0.0004477165773250712,114,214
316,3,semiconductor_adjusted_return,economic_subsector_peers,peer_catchup,-8.471087761810768e-05,114,214
316,3,semiconductor_adjusted_return,economic_subsector_peers,initiator_reversal,0.0005324274549431782,114,214
316,5,semiconductor_adjusted_return,economic_subsector_peers,convergence,-0.005186269628046567,70,214
316,5,semiconductor_adjusted_return,economic_subsector_peers,peer_catchup,0.0014786048843845798,70,214
316,5,semiconductor_adjusted_return,economic_subsector_peers,initiator_reversal,-0.006664874512431148,70,214
316,10,semiconductor_adjusted_return,economic_subsector_peers,convergence,0.0009010534752314982,31,214
316,10,semiconductor_adjusted_return,economic_subsector_peers,peer_catchup,0.00043080430703216875,31,214
316,10,semiconductor_adjusted_return,economic_subsector_peers,initiator_reversal,0.0004702491681993296,31,214
317,1,semiconductor_adjusted_return,economic_subsector_peers,convergence,-0.00014747222466448884,193,229
317,1,semiconductor_adjusted_return,economic_subsector_peers,peer_catchup,-0.00025931251702909547,193,229
317,1,semiconductor_adjusted_return,economic_subsector_peers,initiator_reversal,0.00011184029236460684,193,229
317,3,semiconductor_adjusted_return,economic_subsector_peers,convergence,-0.00010607834995979489,134,229
317,3,semiconductor_adjusted_return,economic_subsector_peers,peer_catchup,-0.0013425785264506664,134,229
317,3,semiconductor_adjusted_return,economic_subsector_peers,initiator_reversal,0.0012365001764908724,134,229
317,5,semiconductor_adjusted_return,economic_subsector_peers,convergence,0.0028007765676604504,95,229
317,5,semiconductor_adjusted_return,economic_subsector_peers,peer_catchup,-0.0016842439771024634,95,229
317,5,semiconductor_adjusted_return,economic_subsector_peers,initiator_reversal,0.004485020544762914,95,229
317,10,semiconductor_adjusted_return,economic_subsector_peers,convergence,-0.019051584543260957,33,229
317,10,semiconductor_adjusted_return,economic_subsector_peers,peer_catchup,-0.0017613753268219388,33,229
317,10,semiconductor_adjusted_return,economic_subsector_peers,initiator_reversal,-0.017290209216439027,33,229
318,1,semiconductor_adjusted_return,economic_subsector_peers,convergence,0.0019724921776698534,167,207
318,1,semiconductor_adjusted_return,economic_subsector_peers,peer_catchup,0.0008327908600458289,167,207
318,1,semiconductor_adjusted_return,economic_subsector_peers,initiator_reversal,0.0011397013176240244,167,207
318,3,semiconductor_adjusted_return,economic_subsector_peers,convergence,-0.0018666312012868111,121,207
318,3,semiconductor_adjusted_return,economic_subsector_peers,peer_catchup,0.0010290713844682828,121,207
318,3,semiconductor_adjusted_return,economic_subsector_peers,initiator_reversal,-0.002895702585755095,121,207
318,5,semiconductor_adjusted_return,economic_subsector_peers,convergence,-0.007538763496427565,75,207
318,5,semiconductor_adjusted_return,economic_subsector_peers,peer_catchup,-0.0004496366564060354,75,207
318,5,semiconductor_adjusted_return,economic_subsector_peers,initiator_reversal,-0.0070891268400215335,75,207
318,10,semiconductor_adjusted_return,economic_subsector_peers,convergence,-0.010257502588191806,20,207
318,10,semiconductor_adjusted_return,economic_subsector_peers,peer_catchup,-0.003722206618140696,20,207
318,10,semiconductor_adjusted_return,economic_subsector_peers,initiator_reversal,-0.006535295970051115,20,207
319,1,semiconductor_adjusted_return,economic_subsector_peers,convergence,-0.00016028425386687458,198,231
319,1,semiconductor_adjusted_return,economic_subsector_peers,peer_catchup,-0.0004087854464275421,198,231
319,1,semiconductor_adjusted_return,economic_subsector_peers,initiator_reversal,0.0002485011925606677,198,231
319,3,semiconductor_adjusted_return,economic_subsector_peers,convergence,-0.0013373961638301997,154,231
319,3,semiconductor_adjusted_return,economic_subsector_peers,peer_catchup,0.00023661157824516878,154,231
319,3,semiconductor_adjusted_return,economic_subsector_peers,initiator_reversal,-0.0015740077420753693,154,231
319,5,semiconductor_adjusted_return,economic_subsector_peers,convergence,0.005470366257464282,89,231
319,5,semiconductor_adjusted_return,economic_subsector_peers,peer_catchup,-0.0011458508224314553,89,231
319,5,semiconductor_adjusted_return,economic_subsector_peers,initiator_reversal,0.006616217079895737,89,231
319,10,semiconductor_adjusted_return,economic_subsector_peers,convergence,0.0001376869955107951,31,231
319,10,semiconductor_adjusted_return,economic_subsector_peers,peer_catchup,0.0020006590061811555,31,231
319,10,semiconductor_adjusted_return,economic_subsector_peers,initiator_reversal,-0.00186297201067036,31,231
320,1,semiconductor_adjusted_return,economic_subsector_peers,convergence,-0.0013301652550982916,189,220
320,1,semiconductor_adjusted_return,economic_subsector_peers,peer_catchup,-0.0009438444708430633,189,220
320,1,semiconductor_adjusted_return,economic_subsector_peers,initiator_reversal,-0.0003863207842552281,189,220
320,3,semiconductor_adjusted_return,economic_subsector_peers,convergence,0.0001701298284274452,99,220
320,3,semiconductor_adjusted_return,economic_subsector_peers,peer_catchup,-0.0020558616336953557,99,220
320,3,semiconductor_adjusted_return,economic_subsector_peers,initiator_reversal,0.002225991462122801,99,220
320,5,semiconductor_adjusted_return,economic_subsector_peers,convergence,-0.0001368721440584659,66,220
320,5,semiconductor_adjusted_return,economic_subsector_peers,peer_catchup,-0.0030892752041796825,66,220
320,5,semiconductor_adjusted_return,economic_subsector_peers,initiator_reversal,0.002952403060121218,66,220
320,10,semiconductor_adjusted_return,economic_subsector_peers,convergence,-0.000900932533644653,25,220
320,10,semiconductor_adjusted_return,economic_subsector_peers,peer_catchup,-0.0016907704761830152,25,220
320,10,semiconductor_adjusted_return,economic_subsector_peers,initiator_reversal,0.000789837942538363,25,220
321,1,semiconductor_adjusted_return,economic_subsector_peers,convergence,0.0011674457743630496,173,208
321,1,semiconductor_adjusted_return,economic_subsector_peers,peer_catchup,-0.0002994481526354502,173,208
321,1,semiconductor_adjusted_return,economic_subsector_peers,initiator_reversal,0.0014668939269984998,173,208
321,3,semiconductor_adjusted_return,economic_subsector_peers,convergence,-0.0007293569768842773,112,208
321,3,semiconductor_adjusted_return,economic_subsector_peers,peer_catchup,0.0010659066505820307,112,208
321,3,semiconductor_adjusted_return,economic_subsector_peers,initiator_reversal,-0.0017952636274663086,112,208
321,5,semiconductor_adjusted_return,economic_subsector_peers,convergence,0.00036033657867196365,74,208
321,5,semiconductor_adjusted_return,economic_subsector_peers,peer_catchup,-0.0015843890209490475,74,208
321,5,semiconductor_adjusted_return,economic_subsector_peers,initiator_reversal,0.001944725599621012,74,208
321,10,semiconductor_adjusted_return,economic_subsector_peers,convergence,0.001527112193697121,21,208
321,10,semiconductor_adjusted_return,economic_subsector_peers,peer_catchup,0.0005373026624795045,21,208
321,10,semiconductor_adjusted_return,economic_subsector_peers,initiator_reversal,0.0009898095312176178,21,208
322,1,semiconductor_adjusted_return,economic_subsector_peers,convergence,0.00047398534324588523,186,218
322,1,semiconductor_adjusted_return,economic_subsector_peers,peer_catchup,-0.0007915209594980476,186,218
322,1,semiconductor_adjusted_return,economic_subsector_peers,initiator_reversal,0.0012655063027439328,186,218
322,3,semiconductor_adjusted_return,economic_subsector_peers,convergence,-0.000500031289403709,127,218
322,3,semiconductor_adjusted_return,economic_subsector_peers,peer_catchup,-0.002009217550030152,127,218
322,3,semiconductor_adjusted_return,economic_subsector_peers,initiator_reversal,0.0015091862606264426,127,218
322,5,semiconductor_adjusted_return,economic_subsector_peers,convergence,-0.00269449725059147,84,218
322,5,semiconductor_adjusted_return,economic_subsector_peers,peer_catchup,-0.0033830311455240233,84,218
322,5,semiconductor_adjusted_return,economic_subsector_peers,initiator_reversal,0.0006885338949325535,84,218
322,10,semiconductor_adjusted_return,economic_subsector_peers,convergence,0.0020796624915887948,22,218
322,10,semiconductor_adjusted_return,economic_subsector_peers,peer_catchup,-0.005336640993582316,22,218
322,10,semiconductor_adjusted_return,economic_subsector_peers,initiator_reversal,0.007416303485171108,22,218
323,1,semiconductor_adjusted_return,economic_subsector_peers,convergence,-0.00186179448783116,149,184
323,1,semiconductor_adjusted_return,economic_subsector_peers,peer_catchup,-0.00029684856216099934,149,184
323,1,semiconductor_adjusted_return,economic_subsector_peers,initiator_reversal,-0.001564945925670161,149,184
323,3,semiconductor_adjusted_return,economic_subsector_peers,convergence,0.001418663064715581,103,184
323,3,semiconductor_adjusted_return,economic_subsector_peers,peer_catchup,0.0014545111448007908,103,184
323,3,semiconductor_adjusted_return,economic_subsector_peers,initiator_reversal,-3.5848080085209636e-05,103,184
323,5,semiconductor_adjusted_return,economic_subsector_peers,convergence,0.0005432808402066489,80,184
323,5,semiconductor_adjusted_return,economic_subsector_peers,peer_catchup,0.001065904217915453,80,184
323,5,semiconductor_adjusted_return,economic_subsector_peers,initiator_reversal,-0.0005226233777088036,80,184
323,10,semiconductor_adjusted_return,economic_subsector_peers,convergence,0.0005997111016671444,22,184
323,10,semiconductor_adjusted_return,economic_subsector_peers,peer_catchup,-0.00044012892100039235,22,184
323,10,semiconductor_adjusted_return,economic_subsector_peers,initiator_reversal,0.001039840022667537,22,184
324,1,semiconductor_adjusted_return,economic_subsector_peers,convergence,-0.00017059408522949044,184,228
324,1,semiconductor_adjusted_return,economic_subsector_peers,peer_catchup,-0.00022466610787879123,184,228
324,1,semiconductor_adjusted_return,economic_subsector_peers,initiator_reversal,5.407202264930103e-05,184,228
324,3,semiconductor_adjusted_return,economic_subsector_peers,convergence,0.001391593373378477,124,228
324,3,semiconductor_adjusted_return,economic_subsector_peers,peer_catchup,-0.0012648276044761974,124,228
324,3,semiconductor_adjusted_return,economic_subsector_peers,initiator_reversal,0.0026564209778546736,124,228
324,5,semiconductor_adjusted_return,economic_subsector_peers,convergence,0.00039073942661528794,89,228
324,5,semiconductor_adjusted_return,economic_subsector_peers,peer_catchup,-0.0025022720508238935,89,228
324,5,semiconductor_adjusted_return,economic_subsector_peers,initiator_reversal,0.002893011477439183,89,228
324,10,semiconductor_adjusted_return,economic_subsector_peers,convergence,-0.0020133683726638683,37,228
324,10,semiconductor_adjusted_return,economic_subsector_peers,peer_catchup,-0.004342958360660213,37,228
324,10,semiconductor_adjusted_return,economic_subsector_peers,initiator_reversal,0.0023295899879963466,37,228
325,1,semiconductor_adjusted_return,economic_subsector_peers,convergence,-0.0008352161873068118,179,214
325,1,semiconductor_adjusted_return,economic_subsector_peers,peer_catchup,8.969692294242545e-05,179,214
325,1,semiconductor_adjusted_return,economic_subsector_peers,initiator_reversal,-0.0009249131102492374,179,214
325,3,semiconductor_adjusted_return,economic_subsector_peers,convergence,0.0010675099334174771,124,214
325,3,semiconductor_adjusted_return,economic_subsector_peers,peer_catchup,-0.00034048191500641824,124,214
325,3,semiconductor_adjusted_return,economic_subsector_peers,initiator_reversal,0.0014079918484238962,124,214
325,5,semiconductor_adjusted_return,economic_subsector_peers,convergence,0.0015250001842210766,94,214
325,5,semiconductor_adjusted_return,economic_subsector_peers,peer_catchup,-0.003673227594632519,94,214
325,5,semiconductor_adjusted_return,economic_subsector_peers,initiator_reversal,0.005198227778853593,94,214
325,10,semiconductor_adjusted_return,economic_subsector_peers,convergence,-0.0037440707098111443,36,214
325,10,semiconductor_adjusted_return,economic_subsector_peers,peer_catchup,-0.0023454864796543856,36,214
325,10,semiconductor_adjusted_return,economic_subsector_peers,initiator_reversal,-0.0013985842301567585,36,214
326,1,semiconductor_adjusted_return,economic_subsector_peers,convergence,-3.991640039011853e-05,213,243
326,1,semiconductor_adjusted_return,economic_subsector_peers,peer_catchup,0.0002076154129634981,213,243
326,1,semiconductor_adjusted_return,economic_subsector_peers,initiator_reversal,-0.0002475318133536163,213,243
326,3,semiconductor_adjusted_return,economic_subsector_peers,convergence,-0.002169111885247321,143,243
326,3,semiconductor_adjusted_return,economic_subsector_peers,peer_catchup,-0.0008734010371855163,143,243
326,3,semiconductor_adjusted_return,economic_subsector_peers,initiator_reversal,-0.0012957108480618044,143,243
326,5,semiconductor_adjusted_return,economic_subsector_peers,convergence,0.00032520845894103633,94,243
326,5,semiconductor_adjusted_return,economic_subsector_peers,peer_catchup,-0.001062909488469124,94,243
326,5,semiconductor_adjusted_return,economic_subsector_peers,initiator_reversal,0.0013881179474101606,94,243
326,10,semiconductor_adjusted_return,economic_subsector_peers,convergence,-0.006091480845646217,41,243
326,10,semiconductor_adjusted_return,economic_subsector_peers,peer_catchup,-0.0012700102404366097,41,243
326,10,semiconductor_adjusted_return,economic_subsector_peers,initiator_reversal,-0.004821470605209605,41,243
327,1,semiconductor_adjusted_return,economic_subsector_peers,convergence,-0.00011758396899140104,167,205
327,1,semiconductor_adjusted_return,economic_subsector_peers,peer_catchup,0.0009225189813309452,167,205
327,1,semiconductor_adjusted_return,economic_subsector_peers,initiator_reversal,-0.0010401029503223466,167,205
327,3,semiconductor_adjusted_return,economic_subsector_peers,convergence,-0.0010256434325362786,122,205
327,3,semiconductor_adjusted_return,economic_subsector_peers,peer_catchup,-0.0013389528161213194,122,205
327,3,semiconductor_adjusted_return,economic_subsector_peers,initiator_reversal,0.0003133093835850404,122,205
327,5,semiconductor_adjusted_return,economic_subsector_peers,convergence,0.007311172803291015,75,205
327,5,semiconductor_adjusted_return,economic_subsector_peers,peer_catchup,0.0013520564645873006,75,205
327,5,semiconductor_adjusted_return,economic_subsector_peers,initiator_reversal,0.005959116338703715,75,205
327,10,semiconductor_adjusted_return,economic_subsector_peers,convergence,-0.005532061516144861,36,205
327,10,semiconductor_adjusted_return,economic_subsector_peers,peer_catchup,-0.0008515169547541545,36,205
327,10,semiconductor_adjusted_return,economic_subsector_peers,initiator_reversal,-0.004680544561390705,36,205
328,1,semiconductor_adjusted_return,economic_subsector_peers,convergence,-0.0013025086845845958,177,216
328,1,semiconductor_adjusted_return,economic_subsector_peers,peer_catchup,-0.0001595402846386565,177,216
328,1,semiconductor_adjusted_return,economic_subsector_peers,initiator_reversal,-0.0011429683999459388,177,216
328,3,semiconductor_adjusted_return,economic_subsector_peers,convergence,-0.003926856419100001,111,216
328,3,semiconductor_adjusted_return,economic_subsector_peers,peer_catchup,-0.0015908224416976723,111,216
328,3,semiconductor_adjusted_return,economic_subsector_peers,initiator_reversal,-0.0023360339774023274,111,216
328,5,semiconductor_adjusted_return,economic_subsector_peers,convergence,-0.004444738627710719,80,216
328,5,semiconductor_adjusted_return,economic_subsector_peers,peer_catchup,-0.003992199537222188,80,216
328,5,semiconductor_adjusted_return,economic_subsector_peers,initiator_reversal,-0.00045253909048853096,80,216
328,10,semiconductor_adjusted_return,economic_subsector_peers,convergence,-0.01145543205240421,33,216
328,10,semiconductor_adjusted_return,economic_subsector_peers,peer_catchup,-0.008404783694857969,33,216
328,10,semiconductor_adjusted_return,economic_subsector_peers,initiator_reversal,-0.003050648357546241,33,216
329,1,semiconductor_adjusted_return,economic_subsector_peers,convergence,-0.0012826225758057566,169,203
329,1,semiconductor_adjusted_return,economic_subsector_peers,peer_catchup,-1.774662518640146e-05,169,203
329,1,semiconductor_adjusted_return,economic_subsector_peers,initiator_reversal,-0.0012648759506193553,169,203
329,3,semiconductor_adjusted_return,economic_subsector_peers,convergence,-0.004847999110779042,122,203
329,3,semiconductor_adjusted_return,economic_subsector_peers,peer_catchup,7.895499842538351e-05,122,203
329,3,semiconductor_adjusted_return,economic_subsector_peers,initiator_reversal,-0.004926954109204426,122,203
329,5,semiconductor_adjusted_return,economic_subsector_peers,convergence,-0.006793527538748827,88,203
329,5,semiconductor_adjusted_return,economic_subsector_peers,peer_catchup,0.0015270602214127896,88,203
329,5,semiconductor_adjusted_return,economic_subsector_peers,initiator_reversal,-0.008320587760161617,88,203
329,10,semiconductor_adjusted_return,economic_subsector_peers,convergence,-0.014492912806670666,35,203
329,10,semiconductor_adjusted_return,economic_subsector_peers,peer_catchup,-0.0020653172696459593,35,203
329,10,semiconductor_adjusted_return,economic_subsector_peers,initiator_reversal,-0.012427595537024704,35,203
330,1,semiconductor_adjusted_return,economic_subsector_peers,convergence,-0.002375300468298867,173,217
330,1,semiconductor_adjusted_return,economic_subsector_peers,peer_catchup,-0.0007591174596184061,173,217
330,1,semiconductor_adjusted_return,economic_subsector_peers,initiator_reversal,-0.0016161830086804613,173,217
330,3,semiconductor_adjusted_return,economic_subsector_peers,convergence,-0.005359141245676052,110,217
330,3,semiconductor_adjusted_return,economic_subsector_peers,peer_catchup,-0.0013978271336225565,110,217
330,3,semiconductor_adjusted_return,economic_subsector_peers,initiator_reversal,-0.0039613141120534955,110,217
330,5,semiconductor_adjusted_return,economic_subsector_peers,convergence,-0.006140311535624675,76,217
330,5,semiconductor_adjusted_return,economic_subsector_peers,peer_catchup,-0.0018808177490527152,76,217
330,5,semiconductor_adjusted_return,economic_subsector_peers,initiator_reversal,-0.00425949378657196,76,217
330,10,semiconductor_adjusted_return,economic_subsector_peers,convergence,-0.008061299968134164,27,217
330,10,semiconductor_adjusted_return,economic_subsector_peers,peer_catchup,-0.0015640283911708861,27,217
330,10,semiconductor_adjusted_return,economic_subsector_peers,initiator_reversal,-0.006497271576963277,27,217
331,1,semiconductor_adjusted_return,economic_subsector_peers,convergence,0.0002657445088187281,190,238
331,1,semiconductor_adjusted_return,economic_subsector_peers,peer_catchup,4.5402893311405564e-05,190,238
331,1,semiconductor_adjusted_return,economic_subsector_peers,initiator_reversal,0.00022034161550732266,190,238
331,3,semiconductor_adjusted_return,economic_subsector_peers,convergence,0.0004730506841015208,120,238
331,3,semiconductor_adjusted_return,economic_subsector_peers,peer_catchup,0.0016147732649925963,120,238
331,3,semiconductor_adjusted_return,economic_subsector_peers,initiator_reversal,-0.001141722580891076,120,238
331,5,semiconductor_adjusted_return,economic_subsector_peers,convergence,0.0029684607771202085,67,238
331,5,semiconductor_adjusted_return,economic_subsector_peers,peer_catchup,0.006650916282160983,67,238
331,5,semiconductor_adjusted_return,economic_subsector_peers,initiator_reversal,-0.0036824555050407742,67,238
331,10,semiconductor_adjusted_return,economic_subsector_peers,convergence,0.0015482189822708548,25,238
331,10,semiconductor_adjusted_return,economic_subsector_peers,peer_catchup,0.008739835076173971,25,238
331,10,semiconductor_adjusted_return,economic_subsector_peers,initiator_reversal,-0.007191616093903117,25,238
332,1,semiconductor_adjusted_return,economic_subsector_peers,convergence,0.000985397385625302,157,190
332,1,semiconductor_adjusted_return,economic_subsector_peers,peer_catchup,-9.644748914930615e-05,157,190
332,1,semiconductor_adjusted_return,economic_subsector_peers,initiator_reversal,0.001081844874774608,157,190
332,3,semiconductor_adjusted_return,economic_subsector_peers,convergence,-0.0009687385417746168,104,190
332,3,semiconductor_adjusted_return,economic_subsector_peers,peer_catchup,0.0004136732271492663,104,190
332,3,semiconductor_adjusted_return,economic_subsector_peers,initiator_reversal,-0.0013824117689238827,104,190
332,5,semiconductor_adjusted_return,economic_subsector_peers,convergence,-0.0006211065899299656,82,190
332,5,semiconductor_adjusted_return,economic_subsector_peers,peer_catchup,0.0013199717722504713,82,190
332,5,semiconductor_adjusted_return,economic_subsector_peers,initiator_reversal,-0.0019410783621804373,82,190
332,10,semiconductor_adjusted_return,economic_subsector_peers,convergence,-0.0027860781220139246,33,190
332,10,semiconductor_adjusted_return,economic_subsector_peers,peer_catchup,0.0005974543904112401,33,190
332,10,semiconductor_adjusted_return,economic_subsector_peers,initiator_reversal,-0.003383532512425163,33,190
333,1,semiconductor_adjusted_return,economic_subsector_peers,convergence,2.39283350011537e-05,154,191
333,1,semiconductor_adjusted_return,economic_subsector_peers,peer_catchup,-0.0007001872333384505,154,191
333,1,semiconductor_adjusted_return,economic_subsector_peers,initiator_reversal,0.0007241155683396043,154,191
333,3,semiconductor_adjusted_return,economic_subsector_peers,convergence,-0.0018070504710253035,102,191
333,3,semiconductor_adjusted_return,economic_subsector_peers,peer_catchup,-0.002179066309086549,102,191
333,3,semiconductor_adjusted_return,economic_subsector_peers,initiator_reversal,0.00037201583806124525,102,191
333,5,semiconductor_adjusted_return,economic_subsector_peers,convergence,-0.0037713893025892757,77,191
333,5,semiconductor_adjusted_return,economic_subsector_peers,peer_catchup,-0.0021450362513787125,77,191
333,5,semiconductor_adjusted_return,economic_subsector_peers,initiator_reversal,-0.0016263530512105634,77,191
333,10,semiconductor_adjusted_return,economic_subsector_peers,convergence,-0.009888740433733742,28,191
333,10,semiconductor_adjusted_return,economic_subsector_peers,peer_catchup,-0.000381432288045772,28,191
333,10,semiconductor_adjusted_return,economic_subsector_peers,initiator_reversal,-0.009507308145687973,28,191
334,1,semiconductor_adjusted_return,economic_subsector_peers,convergence,0.00042853192891402703,199,237
334,1,semiconductor_adjusted_return,economic_subsector_peers,peer_catchup,9.171958683722643e-05,199,237
334,1,semiconductor_adjusted_return,economic_subsector_peers,initiator_reversal,0.00033681234207680056,199,237
334,3,semiconductor_adjusted_return,economic_subsector_peers,convergence,0.0019432253016382901,134,237
334,3,semiconductor_adjusted_return,economic_subsector_peers,peer_catchup,0.0007050936331249196,134,237
334,3,semiconductor_adjusted_return,economic_subsector_peers,initiator_reversal,0.0012381316685133707,134,237
334,5,semiconductor_adjusted_return,economic_subsector_peers,convergence,0.0019273117111553765,101,237
334,5,semiconductor_adjusted_return,economic_subsector_peers,peer_catchup,0.001559088836220074,101,237
334,5,semiconductor_adjusted_return,economic_subsector_peers,initiator_reversal,0.0003682228749353016,101,237
334,10,semiconductor_adjusted_return,economic_subsector_peers,convergence,0.010435505171536607,44,237
334,10,semiconductor_adjusted_return,economic_subsector_peers,peer_catchup,0.003022839597519228,44,237
334,10,semiconductor_adjusted_return,economic_subsector_peers,initiator_reversal,0.007412665574017379,44,237
335,1,semiconductor_adjusted_return,economic_subsector_peers,convergence,-0.00017597860683477137,168,213
335,1,semiconductor_adjusted_return,economic_subsector_peers,peer_catchup,-0.0013736947392317615,168,213
335,1,semiconductor_adjusted_return,economic_subsector_peers,initiator_reversal,0.0011977161323969902,168,213
335,3,semiconductor_adjusted_return,economic_subsector_peers,convergence,0.0035724232980539035,119,213
335,3,semiconductor_adjusted_return,economic_subsector_peers,peer_catchup,-0.00027726339011404456,119,213
335,3,semiconductor_adjusted_return,economic_subsector_peers,initiator_reversal,0.0038496866881679477,119,213
335,5,semiconductor_adjusted_return,economic_subsector_peers,convergence,0.004607758115590493,85,213
335,5,semiconductor_adjusted_return,economic_subsector_peers,peer_catchup,0.0014725847751481023,85,213
335,5,semiconductor_adjusted_return,economic_subsector_peers,initiator_reversal,0.003135173340442391,85,213
335,10,semiconductor_adjusted_return,economic_subsector_peers,convergence,-0.00038196927287088226,37,213
335,10,semiconductor_adjusted_return,economic_subsector_peers,peer_catchup,0.0006214630873267691,37,213
335,10,semiconductor_adjusted_return,economic_subsector_peers,initiator_reversal,-0.0010034323601976487,37,213
336,1,semiconductor_adjusted_return,economic_subsector_peers,convergence,0.0003061994864720789,203,248
336,1,semiconductor_adjusted_return,economic_subsector_peers,peer_catchup,0.0014447929529033449,203,248
336,1,semiconductor_adjusted_return,economic_subsector_peers,initiator_reversal,-0.0011385934664312658,203,248
336,3,semiconductor_adjusted_return,economic_subsector_peers,convergence,-0.002973615836391812,135,248
336,3,semiconductor_adjusted_return,economic_subsector_peers,peer_catchup,-0.0020928285634434505,135,248
336,3,semiconductor_adjusted_return,economic_subsector_peers,initiator_reversal,-0.0008807872729483613,135,248
336,5,semiconductor_adjusted_return,economic_subsector_peers,convergence,-0.0009879008578010573,88,248
336,5,semiconductor_adjusted_return,economic_subsector_peers,peer_catchup,-0.00156815240406464,88,248
336,5,semiconductor_adjusted_return,economic_subsector_peers,initiator_reversal,0.0005802515462635817,88,248
336,10,semiconductor_adjusted_return,economic_subsector_peers,convergence,0.005595859683846413,29,248
336,10,semiconductor_adjusted_return,economic_subsector_peers,peer_catchup,0.000918864861670057,29,248
336,10,semiconductor_adjusted_return,economic_subsector_peers,initiator_reversal,0.004676994822176356,29,248
337,1,semiconductor_adjusted_return,economic_subsector_peers,convergence,0.00031485242731825794,203,238
337,1,semiconductor_adjusted_return,economic_subsector_peers,peer_catchup,-0.0006514328801315374,203,238
337,1,semiconductor_adjusted_return,economic_subsector_peers,initiator_reversal,0.0009662853074497948,203,238
337,3,semiconductor_adjusted_return,economic_subsector_peers,convergence,0.0006239019842200674,138,238
337,3,semiconductor_adjusted_return,economic_subsector_peers,peer_catchup,-0.0004761020332264127,138,238
337,3,semiconductor_adjusted_return,economic_subsector_peers,initiator_reversal,0.0011000040174464793,138,238
337,5,semiconductor_adjusted_return,economic_subsector_peers,convergence,0.00013203813663721924,89,238
337,5,semiconductor_adjusted_return,economic_subsector_peers,peer_catchup,-0.0023911128200673473,89,238
337,5,semiconductor_adjusted_return,economic_subsector_peers,initiator_reversal,0.002523150956704566,89,238
337,10,semiconductor_adjusted_return,economic_subsector_peers,convergence,0.012650867993845356,45,238
337,10,semiconductor_adjusted_return,economic_subsector_peers,peer_catchup,-0.0001986341358120616,45,238
337,10,semiconductor_adjusted_return,economic_subsector_peers,initiator_reversal,0.012849502129657419,45,238
338,1,semiconductor_adjusted_return,economic_subsector_peers,convergence,-0.00048169135860100747,176,225
338,1,semiconductor_adjusted_return,economic_subsector_peers,peer_catchup,-7.277253037752345e-05,176,225
338,1,semiconductor_adjusted_return,economic_subsector_peers,initiator_reversal,-0.0004089188282234844,176,225
338,3,semiconductor_adjusted_return,economic_subsector_peers,convergence,-0.0023839242246130616,129,225
338,3,semiconductor_adjusted_return,economic_subsector_peers,peer_catchup,0.00014648457823195028,129,225
338,3,semiconductor_adjusted_return,economic_subsector_peers,initiator_reversal,-0.002530408802845011,129,225
338,5,semiconductor_adjusted_return,economic_subsector_peers,convergence,-0.006307762931869664,91,225
338,5,semiconductor_adjusted_return,economic_subsector_peers,peer_catchup,-0.0003914669977696277,91,225
338,5,semiconductor_adjusted_return,economic_subsector_peers,initiator_reversal,-0.005916295934100036,91,225
338,10,semiconductor_adjusted_return,economic_subsector_peers,convergence,-0.011265900559956734,32,225
338,10,semiconductor_adjusted_return,economic_subsector_peers,peer_catchup,-0.004204843667411421,32,225
338,10,semiconductor_adjusted_return,economic_subsector_peers,initiator_reversal,-0.0070610568925453115,32,225
339,1,semiconductor_adjusted_return,economic_subsector_peers,convergence,0.00025756263575796973,186,225
339,1,semiconductor_adjusted_return,economic_subsector_peers,peer_catchup,0.00045673460482415434,186,225
339,1,semiconductor_adjusted_return,economic_subsector_peers,initiator_reversal,-0.0001991719690661849,186,225
339,3,semiconductor_adjusted_return,economic_subsector_peers,convergence,0.0022215580595879862,109,225
339,3,semiconductor_adjusted_return,economic_subsector_peers,peer_catchup,0.0001192927090502875,109,225
339,3,semiconductor_adjusted_return,economic_subsector_peers,initiator_reversal,0.0021022653505377,109,225
339,5,semiconductor_adjusted_return,economic_subsector_peers,convergence,0.0005930517865592092,68,225
339,5,semiconductor_adjusted_return,economic_subsector_peers,peer_catchup,0.0004887758652683106,68,225
339,5,semiconductor_adjusted_return,economic_subsector_peers,initiator_reversal,0.00010427592129089852,68,225
339,10,semiconductor_adjusted_return,economic_subsector_peers,convergence,-0.008954531180890197,24,225
339,10,semiconductor_adjusted_return,economic_subsector_peers,peer_catchup,-0.0033342699022165384,24,225
339,10,semiconductor_adjusted_return,economic_subsector_peers,initiator_reversal,-0.0056202612786736585,24,225
340,1,semiconductor_adjusted_return,economic_subsector_peers,convergence,0.0018670443737146083,165,201
340,1,semiconductor_adjusted_return,economic_subsector_peers,peer_catchup,-0.0010063098382021383,165,201
340,1,semiconductor_adjusted_return,economic_subsector_peers,initiator_reversal,0.0028733542119167466,165,201
340,3,semiconductor_adjusted_return,economic_subsector_peers,convergence,-0.0016537159888425459,111,201
340,3,semiconductor_adjusted_return,economic_subsector_peers,peer_catchup,-0.0011682940596986185,111,201
340,3,semiconductor_adjusted_return,economic_subsector_peers,initiator_reversal,-0.000485421929143927,111,201
340,5,semiconductor_adjusted_return,economic_subsector_peers,convergence,-0.0012879668068850481,83,201
340,5,semiconductor_adjusted_return,economic_subsector_peers,peer_catchup,0.00020423984455673525,83,201
340,5,semiconductor_adjusted_return,economic_subsector_peers,initiator_reversal,-0.0014922066514417836,83,201
340,10,semiconductor_adjusted_return,economic_subsector_peers,convergence,0.00038613096108567425,43,201
340,10,semiconductor_adjusted_return,economic_subsector_peers,peer_catchup,0.005348064264689345,43,201
340,10,semiconductor_adjusted_return,economic_subsector_peers,initiator_reversal,-0.004961933303603672,43,201
341,1,semiconductor_adjusted_return,economic_subsector_peers,convergence,-0.0022029740509621606,173,206
341,1,semiconductor_adjusted_return,economic_subsector_peers,peer_catchup,0.0008812875604188649,173,206
341,1,semiconductor_adjusted_return,economic_subsector_peers,initiator_reversal,-0.003084261611381026,173,206
341,3,semiconductor_adjusted_return,economic_subsector_peers,convergence,-0.00046700723130516065,122,206
341,3,semiconductor_adjusted_return,economic_subsector_peers,peer_catchup,-0.0005576097454947537,122,206
341,3,semiconductor_adjusted_return,economic_subsector_peers,initiator_reversal,9.060251418959337e-05,122,206
341,5,semiconductor_adjusted_return,economic_subsector_peers,convergence,0.000518775106306007,93,206
341,5,semiconductor_adjusted_return,economic_subsector_peers,peer_catchup,0.0003409998716864894,93,206
341,5,semiconductor_adjusted_return,economic_subsector_peers,initiator_reversal,0.0001777752346195167,93,206
341,10,semiconductor_adjusted_return,economic_subsector_peers,convergence,-0.005231032062579992,42,206
341,10,semiconductor_adjusted_return,economic_subsector_peers,peer_catchup,0.0005439190180718588,42,206
341,10,semiconductor_adjusted_return,economic_subsector_peers,initiator_reversal,-0.005774951080651851,42,206
342,1,semiconductor_adjusted_return,economic_subsector_peers,convergence,-0.0006010958851057384,140,183
342,1,semiconductor_adjusted_return,economic_subsector_peers,peer_catchup,-0.000581040344442547,140,183
342,1,semiconductor_adjusted_return,economic_subsector_peers,initiator_reversal,-2.0055540663191572e-05,140,183
342,3,semiconductor_adjusted_return,economic_subsector_peers,convergence,0.0012754602744187047,100,183
342,3,semiconductor_adjusted_return,economic_subsector_peers,peer_catchup,0.0004914835439446938,100,183
342,3,semiconductor_adjusted_return,economic_subsector_peers,initiator_reversal,0.00078397673047401,100,183
342,5,semiconductor_adjusted_return,economic_subsector_peers,convergence,0.0017989938536842715,76,183
342,5,semiconductor_adjusted_return,economic_subsector_peers,peer_catchup,0.00119773873877376,76,183
342,5,semiconductor_adjusted_return,economic_subsector_peers,initiator_reversal,0.0006012551149105115,76,183
342,10,semiconductor_adjusted_return,economic_subsector_peers,convergence,0.004585675606008504,22,183
342,10,semiconductor_adjusted_return,economic_subsector_peers,peer_catchup,-0.005115899796078084,22,183
342,10,semiconductor_adjusted_return,economic_subsector_peers,initiator_reversal,0.009701575402086588,22,183
343,1,semiconductor_adjusted_return,economic_subsector_peers,convergence,0.0012422232192176462,156,206
343,1,semiconductor_adjusted_return,economic_subsector_peers,peer_catchup,-0.0007494667789706628,156,206
343,1,semiconductor_adjusted_return,economic_subsector_peers,initiator_reversal,0.0019916899981883085,156,206
343,3,semiconductor_adjusted_return,economic_subsector_peers,convergence,0.0047057881706081385,101,206
343,3,semiconductor_adjusted_return,economic_subsector_peers,peer_catchup,0.0005708913762455611,101,206
343,3,semiconductor_adjusted_return,economic_subsector_peers,initiator_reversal,0.004134896794362578,101,206
343,5,semiconductor_adjusted_return,economic_subsector_peers,convergence,0.0048507252568643884,68,206
343,5,semiconductor_adjusted_return,economic_subsector_peers,peer_catchup,0.0009034820635369235,68,206
343,5,semiconductor_adjusted_return,economic_subsector_peers,initiator_reversal,0.003947243193327463,68,206
343,10,semiconductor_adjusted_return,economic_subsector_peers,convergence,0.0018451754907708375,20,206
343,10,semiconductor_adjusted_return,economic_subsector_peers,peer_catchup,0.003502975357651209,20,206
343,10,semiconductor_adjusted_return,economic_subsector_peers,initiator_reversal,-0.0016577998668803704,20,206
344,1,semiconductor_adjusted_return,economic_subsector_peers,convergence,-0.0010485613337959628,185,224
344,1,semiconductor_adjusted_return,economic_subsector_peers,peer_catchup,2.600703488791887e-05,185,224
344,1,semiconductor_adjusted_return,economic_subsector_peers,initiator_reversal,-0.001074568368683882,185,224
344,3,semiconductor_adjusted_return,economic_subsector_peers,convergence,0.0016892350508003952,130,224
344,3,semiconductor_adjusted_return,economic_subsector_peers,peer_catchup,0.0016507157236298493,130,224
344,3,semiconductor_adjusted_return,economic_subsector_peers,initiator_reversal,3.8519327170545675e-05,130,224
344,5,semiconductor_adjusted_return,economic_subsector_peers,convergence,0.0008411979112857893,99,224
344,5,semiconductor_adjusted_return,economic_subsector_peers,peer_catchup,0.0017346220559468963,99,224
344,5,semiconductor_adjusted_return,economic_subsector_peers,initiator_reversal,-0.000893424144661107,99,224
344,10,semiconductor_adjusted_return,economic_subsector_peers,convergence,-0.015556526853655248,27,224
344,10,semiconductor_adjusted_return,economic_subsector_peers,peer_catchup,0.0037524992169310606,27,224
344,10,semiconductor_adjusted_return,economic_subsector_peers,initiator_reversal,-0.01930902607058631,27,224
345,1,semiconductor_adjusted_return,economic_subsector_peers,convergence,-0.0005864139782895853,188,221
345,1,semiconductor_adjusted_return,economic_subsector_peers,peer_catchup,-0.0007640482730683658,188,221
345,1,semiconductor_adjusted_return,economic_subsector_peers,initiator_reversal,0.0001776342947787809,188,221
345,3,semiconductor_adjusted_return,economic_subsector_peers,convergence,0.001974867515207294,127,221
345,3,semiconductor_adjusted_return,economic_subsector_peers,peer_catchup,-0.0005457582430611776,127,221
345,3,semiconductor_adjusted_return,economic_subsector_peers,initiator_reversal,0.002520625758268472,127,221
345,5,semiconductor_adjusted_return,economic_subsector_peers,convergence,0.006023873386359617,69,221
345,5,semiconductor_adjusted_return,economic_subsector_peers,peer_catchup,0.00158039709988229,69,221
345,5,semiconductor_adjusted_return,economic_subsector_peers,initiator_reversal,0.004443476286477327,69,221
345,10,semiconductor_adjusted_return,economic_subsector_peers,convergence,0.00796683702261688,14,221
345,10,semiconductor_adjusted_return,economic_subsector_peers,peer_catchup,-0.004682670931333876,14,221
345,10,semiconductor_adjusted_return,economic_subsector_peers,initiator_reversal,0.012649507953950756,14,221
346,1,semiconductor_adjusted_return,economic_subsector_peers,convergence,-0.0015353409662100794,155,188
346,1,semiconductor_adjusted_return,economic_subsector_peers,peer_catchup,-0.0004913457721166404,155,188
346,1,semiconductor_adjusted_return,economic_subsector_peers,initiator_reversal,-0.001043995194093439,155,188
346,3,semiconductor_adjusted_return,economic_subsector_peers,convergence,-0.004097696090547899,108,188
346,3,semiconductor_adjusted_return,economic_subsector_peers,peer_catchup,-0.0021361273147290903,108,188
346,3,semiconductor_adjusted_return,economic_subsector_peers,initiator_reversal,-0.001961568775818808,108,188
346,5,semiconductor_adjusted_return,economic_subsector_peers,convergence,-0.009072784977936234,73,188
346,5,semiconductor_adjusted_return,economic_subsector_peers,peer_catchup,-0.0008866573508603267,73,188
346,5,semiconductor_adjusted_return,economic_subsector_peers,initiator_reversal,-0.008186127627075908,73,188
346,10,semiconductor_adjusted_return,economic_subsector_peers,convergence,-0.011427652584208999,23,188
346,10,semiconductor_adjusted_return,economic_subsector_peers,peer_catchup,-0.0015896238284357333,23,188
346,10,semiconductor_adjusted_return,economic_subsector_peers,initiator_reversal,-0.009838028755773266,23,188
347,1,semiconductor_adjusted_return,economic_subsector_peers,convergence,-0.0024110423366916107,181,213
347,1,semiconductor_adjusted_return,economic_subsector_peers,peer_catchup,0.0008735171897703279,181,213
347,1,semiconductor_adjusted_return,economic_subsector_peers,initiator_reversal,-0.0032845595264619385,181,213
347,3,semiconductor_adjusted_return,economic_subsector_peers,convergence,-0.004056850818867742,121,213
347,3,semiconductor_adjusted_return,economic_subsector_peers,peer_catchup,-0.0021723533221217565,121,213
347,3,semiconductor_adjusted_return,economic_subsector_peers,initiator_reversal,-0.0018844974967459844,121,213
347,5,semiconductor_adjusted_return,economic_subsector_peers,convergence,-0.003692177478878926,86,213
347,5,semiconductor_adjusted_return,economic_subsector_peers,peer_catchup,-0.0031221096095730375,86,213
347,5,semiconductor_adjusted_return,economic_subsector_peers,initiator_reversal,-0.0005700678693058897,86,213
347,10,semiconductor_adjusted_return,economic_subsector_peers,convergence,-0.003228350907751609,34,213
347,10,semiconductor_adjusted_return,economic_subsector_peers,peer_catchup,-0.00823274757624287,34,213
347,10,semiconductor_adjusted_return,economic_subsector_peers,initiator_reversal,0.005004396668491261,34,213
348,1,semiconductor_adjusted_return,economic_subsector_peers,convergence,-0.0019656513211179596,158,191
348,1,semiconductor_adjusted_return,economic_subsector_peers,peer_catchup,-0.0017800643684729662,158,191
348,1,semiconductor_adjusted_return,economic_subsector_peers,initiator_reversal,-0.00018558695264499355,158,191
348,3,semiconductor_adjusted_return,economic_subsector_peers,convergence,-0.0032899720922384018,112,191
348,3,semiconductor_adjusted_return,economic_subsector_peers,peer_catchup,-0.0008684978173998973,112,191
348,3,semiconductor_adjusted_return,economic_subsector_peers,initiator_reversal,-0.002421474274838505,112,191
348,5,semiconductor_adjusted_return,economic_subsector_peers,convergence,-0.0022215320424525827,74,191
348,5,semiconductor_adjusted_return,economic_subsector_peers,peer_catchup,-0.0015314802485954786,74,191
348,5,semiconductor_adjusted_return,economic_subsector_peers,initiator_reversal,-0.0006900517938571032,74,191
348,10,semiconductor_adjusted_return,economic_subsector_peers,convergence,-0.009999321468584415,22,191
348,10,semiconductor_adjusted_return,economic_subsector_peers,peer_catchup,-0.004555262998013065,22,191
348,10,semiconductor_adjusted_return,economic_subsector_peers,initiator_reversal,-0.005444058470571348,22,191
349,1,semiconductor_adjusted_return,economic_subsector_peers,convergence,-0.00028186703492328723,188,216
349,1,semiconductor_adjusted_return,economic_subsector_peers,peer_catchup,-0.0013096952050082502,188,216
349,1,semiconductor_adjusted_return,economic_subsector_peers,initiator_reversal,0.001027828170084963,188,216
349,3,semiconductor_adjusted_return,economic_subsector_peers,convergence,-2.0545924386930334e-05,131,216
349,3,semiconductor_adjusted_return,economic_subsector_peers,peer_catchup,-0.0007537164584622076,131,216
349,3,semiconductor_adjusted_return,economic_subsector_peers,initiator_reversal,0.0007331705340752774,131,216
349,5,semiconductor_adjusted_return,economic_subsector_peers,convergence,-0.0042110668169843555,98,216
349,5,semiconductor_adjusted_return,economic_subsector_peers,peer_catchup,-0.0007404736076944751,98,216
349,5,semiconductor_adjusted_return,economic_subsector_peers,initiator_reversal,-0.0034705932092898807,98,216
349,10,semiconductor_adjusted_return,economic_subsector_peers,convergence,0.004382396394077879,46,216
349,10,semiconductor_adjusted_return,economic_subsector_peers,peer_catchup,0.0029212325913095085,46,216
349,10,semiconductor_adjusted_return,economic_subsector_peers,initiator_reversal,0.0014611638027683708,46,216
350,1,semiconductor_adjusted_return,economic_subsector_peers,convergence,0.0006026651922398061,207,247
350,1,semiconductor_adjusted_return,economic_subsector_peers,peer_catchup,-0.00030763116208968623,207,247
350,1,semiconductor_adjusted_return,economic_subsector_peers,initiator_reversal,0.0009102963543294926,207,247
350,3,semiconductor_adjusted_return,economic_subsector_peers,convergence,0.0012482016801364498,150,247
350,3,semiconductor_adjusted_return,economic_subsector_peers,peer_catchup,-0.0006706571233877734,150,247
350,3,semiconductor_adjusted_return,economic_subsector_peers,initiator_reversal,0.0019188588035242238,150,247
350,5,semiconductor_adjusted_return,economic_subsector_peers,convergence,-0.0018514930476096095,93,247
350,5,semiconductor_adjusted_return,economic_subsector_peers,peer_catchup,-0.000500605632877781,93,247
350,5,semiconductor_adjusted_return,economic_subsector_peers,initiator_reversal,-0.0013508874147318297,93,247
350,10,semiconductor_adjusted_return,economic_subsector_peers,convergence,0.0014379043232734135,40,247
350,10,semiconductor_adjusted_return,economic_subsector_peers,peer_catchup,0.0021817331697055672,40,247
350,10,semiconductor_adjusted_return,economic_subsector_peers,initiator_reversal,-0.0007438288464321526,40,247
351,1,semiconductor_adjusted_return,economic_subsector_peers,convergence,0.001394372226373751,169,202
351,1,semiconductor_adjusted_return,economic_subsector_peers,peer_catchup,0.0011017211857729833,169,202
351,1,semiconductor_adjusted_return,economic_subsector_peers,initiator_reversal,0.00029265104060076754,169,202
351,3,semiconductor_adjusted_return,economic_subsector_peers,convergence,2.621343667160832e-05,116,202
351,3,semiconductor_adjusted_return,economic_subsector_peers,peer_catchup,0.001516129396276981,116,202
351,3,semiconductor_adjusted_return,economic_subsector_peers,initiator_reversal,-0.0014899159596053729,116,202
351,5,semiconductor_adjusted_return,economic_subsector_peers,convergence,0.002867025748671457,84,202
351,5,semiconductor_adjusted_return,economic_subsector_peers,peer_catchup,0.0016501187528457873,84,202
351,5,semiconductor_adjusted_return,economic_subsector_peers,initiator_reversal,0.0012169069958256683,84,202
351,10,semiconductor_adjusted_return,economic_subsector_peers,convergence,0.003191151514390816,36,202
351,10,semiconductor_adjusted_return,economic_subsector_peers,peer_catchup,-0.004996635721221334,36,202
351,10,semiconductor_adjusted_return,economic_subsector_peers,initiator_reversal,0.00818778723561215,36,202
352,1,semiconductor_adjusted_return,economic_subsector_peers,convergence,-0.00019007486206810672,169,202
352,1,semiconductor_adjusted_return,economic_subsector_peers,peer_catchup,0.00030878488482275667,169,202
352,1,semiconductor_adjusted_return,economic_subsector_peers,initiator_reversal,-0.0004988597468908632,169,202
352,3,semiconductor_adjusted_return,economic_subsector_peers,convergence,-0.0010625526730005154,105,202
352,3,semiconductor_adjusted_return,economic_subsector_peers,peer_catchup,-0.0015886349791527218,105,202
352,3,semiconductor_adjusted_return,economic_subsector_peers,initiator_reversal,0.0005260823061522066,105,202
352,5,semiconductor_adjusted_return,economic_subsector_peers,convergence,-0.004719567042383062,77,202
352,5,semiconductor_adjusted_return,economic_subsector_peers,peer_catchup,0.0007376590053972358,77,202
352,5,semiconductor_adjusted_return,economic_subsector_peers,initiator_reversal,-0.005457226047780299,77,202
352,10,semiconductor_adjusted_return,economic_subsector_peers,convergence,-0.007882456808437724,31,202
352,10,semiconductor_adjusted_return,economic_subsector_peers,peer_catchup,0.010831257097076332,31,202
352,10,semiconductor_adjusted_return,economic_subsector_peers,initiator_reversal,-0.018713713905514056,31,202
353,1,semiconductor_adjusted_return,economic_subsector_peers,convergence,0.001338077266988932,183,222
353,1,semiconductor_adjusted_return,economic_subsector_peers,peer_catchup,-8.888617173447489e-06,183,222
353,1,semiconductor_adjusted_return,economic_subsector_peers,initiator_reversal,0.00134696588416238,183,222
353,3,semiconductor_adjusted_return,economic_subsector_peers,convergence,0.001763524783299987,115,222
353,3,semiconductor_adjusted_return,economic_subsector_peers,peer_catchup,0.0022056337463275083,115,222
353,3,semiconductor_adjusted_return,economic_subsector_peers,initiator_reversal,-0.0004421089630275224,115,222
353,5,semiconductor_adjusted_return,economic_subsector_peers,convergence,0.006810653759453622,75,222
353,5,semiconductor_adjusted_return,economic_subsector_peers,peer_catchup,0.0008379309505328617,75,222
353,5,semiconductor_adjusted_return,economic_subsector_peers,initiator_reversal,0.00597272280892076,75,222
353,10,semiconductor_adjusted_return,economic_subsector_peers,convergence,0.01715882873482142,30,222
353,10,semiconductor_adjusted_return,economic_subsector_peers,peer_catchup,0.005329403538450975,30,222
353,10,semiconductor_adjusted_return,economic_subsector_peers,initiator_reversal,0.011829425196370447,30,222
354,1,semiconductor_adjusted_return,economic_subsector_peers,convergence,0.0014625495829318777,159,196
354,1,semiconductor_adjusted_return,economic_subsector_peers,peer_catchup,-0.0006807778825993858,159,196
354,1,semiconductor_adjusted_return,economic_subsector_peers,initiator_reversal,0.002143327465531264,159,196
354,3,semiconductor_adjusted_return,economic_subsector_peers,convergence,0.005144239273924799,109,196
354,3,semiconductor_adjusted_return,economic_subsector_peers,peer_catchup,-0.0013446808163482193,109,196
354,3,semiconductor_adjusted_return,economic_subsector_peers,initiator_reversal,0.006488920090273019,109,196
354,5,semiconductor_adjusted_return,economic_subsector_peers,convergence,0.004830285557669303,67,196
354,5,semiconductor_adjusted_return,economic_subsector_peers,peer_catchup,-0.0011654687090877553,67,196
354,5,semiconductor_adjusted_return,economic_subsector_peers,initiator_reversal,0.005995754266757059,67,196
354,10,semiconductor_adjusted_return,economic_subsector_peers,convergence,0.017830604682219784,23,196
354,10,semiconductor_adjusted_return,economic_subsector_peers,peer_catchup,0.0026217330989927287,23,196
354,10,semiconductor_adjusted_return,economic_subsector_peers,initiator_reversal,0.01520887158322706,23,196
355,1,semiconductor_adjusted_return,economic_subsector_peers,convergence,-0.00014797753300063574,170,204
355,1,semiconductor_adjusted_return,economic_subsector_peers,peer_catchup,-0.00017946059680360926,170,204
355,1,semiconductor_adjusted_return,economic_subsector_peers,initiator_reversal,3.148306380297381e-05,170,204
355,3,semiconductor_adjusted_return,economic_subsector_peers,convergence,-0.0012302519931333081,123,204
355,3,semiconductor_adjusted_return,economic_subsector_peers,peer_catchup,-0.0010752066153347658,123,204
355,3,semiconductor_adjusted_return,economic_subsector_peers,initiator_reversal,-0.00015504537779854188,123,204
355,5,semiconductor_adjusted_return,economic_subsector_peers,convergence,0.0009191136661655643,86,204
355,5,semiconductor_adjusted_return,economic_subsector_peers,peer_catchup,9.947722557650397e-06,86,204
355,5,semiconductor_adjusted_return,economic_subsector_peers,initiator_reversal,0.0009091659436079136,86,204
355,10,semiconductor_adjusted_return,economic_subsector_peers,convergence,0.0018822184707786558,43,204
355,10,semiconductor_adjusted_return,economic_subsector_peers,peer_catchup,-0.001722071302979212,43,204
355,10,semiconductor_adjusted_return,economic_subsector_peers,initiator_reversal,0.0036042897737578647,43,204
356,1,semiconductor_adjusted_return,economic_subsector_peers,convergence,-0.0013567923835112019,176,207
356,1,semiconductor_adjusted_return,economic_subsector_peers,peer_catchup,-0.00020549471689482112,176,207
356,1,semiconductor_adjusted_return,economic_subsector_peers,initiator_reversal,-0.00115129766661638,176,207
356,3,semiconductor_adjusted_return,economic_subsector_peers,convergence,-0.0025582101780422173,119,207
356,3,semiconductor_adjusted_return,economic_subsector_peers,peer_catchup,6.792063891598381e-05,119,207
356,3,semiconductor_adjusted_return,economic_subsector_peers,initiator_reversal,-0.0026261308169582007,119,207
356,5,semiconductor_adjusted_return,economic_subsector_peers,convergence,-0.00517623433161709,73,207
356,5,semiconductor_adjusted_return,economic_subsector_peers,peer_catchup,-0.003395865075413804,73,207
356,5,semiconductor_adjusted_return,economic_subsector_peers,initiator_reversal,-0.0017803692562032855,73,207
356,10,semiconductor_adjusted_return,economic_subsector_peers,convergence,-0.00788809004360969,29,207
356,10,semiconductor_adjusted_return,economic_subsector_peers,peer_catchup,-0.0011910979205217915,29,207
356,10,semiconductor_adjusted_return,economic_subsector_peers,initiator_reversal,-0.006696992123087899,29,207
357,1,semiconductor_adjusted_return,economic_subsector_peers,convergence,0.0025737797248859403,175,222
357,1,semiconductor_adjusted_return,economic_subsector_peers,peer_catchup,-0.0008080696042014012,175,222
357,1,semiconductor_adjusted_return,economic_subsector_peers,initiator_reversal,0.0033818493290873417,175,222
357,3,semiconductor_adjusted_return,economic_subsector_peers,convergence,0.0008264931903955691,118,222
357,3,semiconductor_adjusted_return,economic_subsector_peers,peer_catchup,4.783172482036528e-05,118,222
357,3,semiconductor_adjusted_return,economic_subsector_peers,initiator_reversal,0.0007786614655752041,118,222
357,5,semiconductor_adjusted_return,economic_subsector_peers,convergence,0.005375278771713749,87,222
357,5,semiconductor_adjusted_return,economic_subsector_peers,peer_catchup,0.0014153682379692868,87,222
357,5,semiconductor_adjusted_return,economic_subsector_peers,initiator_reversal,0.003959910533744464,87,222
357,10,semiconductor_adjusted_return,economic_subsector_peers,convergence,0.01312979231961354,27,222
357,10,semiconductor_adjusted_return,economic_subsector_peers,peer_catchup,-0.0008485993299024219,27,222
357,10,semiconductor_adjusted_return,economic_subsector_peers,initiator_reversal,0.01397839164951596,27,222
358,1,semiconductor_adjusted_return,economic_subsector_peers,convergence,0.0002831757481233637,162,213
358,1,semiconductor_adjusted_return,economic_subsector_peers,peer_catchup,-0.0005429673831955976,162,213
358,1,semiconductor_adjusted_return,economic_subsector_peers,initiator_reversal,0.0008261431313189615,162,213
358,3,semiconductor_adjusted_return,economic_subsector_peers,convergence,-0.0003129678080297281,104,213
358,3,semiconductor_adjusted_return,economic_subsector_peers,peer_catchup,-0.0024378489756112956,104,213
358,3,semiconductor_adjusted_return,economic_subsector_peers,initiator_reversal,0.002124881167581567,104,213
358,5,semiconductor_adjusted_return,economic_subsector_peers,convergence,0.0012911670331621368,68,213
358,5,semiconductor_adjusted_return,economic_subsector_peers,peer_catchup,-0.00043280457348570864,68,213
358,5,semiconductor_adjusted_return,economic_subsector_peers,initiator_reversal,0.0017239716066478454,68,213
358,10,semiconductor_adjusted_return,economic_subsector_peers,convergence,-0.013751744387200206,19,213
358,10,semiconductor_adjusted_return,economic_subsector_peers,peer_catchup,0.001475521202584636,19,213
358,10,semiconductor_adjusted_return,economic_subsector_peers,initiator_reversal,-0.015227265589784844,19,213
359,1,semiconductor_adjusted_return,economic_subsector_peers,convergence,0.0017658836516729172,161,198
359,1,semiconductor_adjusted_return,economic_subsector_peers,peer_catchup,-0.0009906549743668503,161,198
359,1,semiconductor_adjusted_return,economic_subsector_peers,initiator_reversal,0.002756538626039768,161,198
359,3,semiconductor_adjusted_return,economic_subsector_peers,convergence,-0.0009333300322841538,106,198
359,3,semiconductor_adjusted_return,economic_subsector_peers,peer_catchup,-0.0028137664017880855,106,198
359,3,semiconductor_adjusted_return,economic_subsector_peers,initiator_reversal,0.0018804363695039317,106,198
359,5,semiconductor_adjusted_return,economic_subsector_peers,convergence,-0.004976256203270941,71,198
359,5,semiconductor_adjusted_return,economic_subsector_peers,peer_catchup,-0.006650086519098529,71,198
359,5,semiconductor_adjusted_return,economic_subsector_peers,initiator_reversal,0.0016738303158275892,71,198
359,10,semiconductor_adjusted_return,economic_subsector_peers,convergence,0.006322363045534682,39,198
359,10,semiconductor_adjusted_return,economic_subsector_peers,peer_catchup,-0.00629530664200412,39,198
359,10,semiconductor_adjusted_return,economic_subsector_peers,initiator_reversal,0.012617669687538803,39,198
360,1,semiconductor_adjusted_return,economic_subsector_peers,convergence,0.0006494979338991141,149,180
360,1,semiconductor_adjusted_return,economic_subsector_peers,peer_catchup,-0.0008864436952100532,149,180
360,1,semiconductor_adjusted_return,economic_subsector_peers,initiator_reversal,0.0015359416291091672,149,180
360,3,semiconductor_adjusted_return,economic_subsector_peers,convergence,0.0025559432573085896,101,180
360,3,semiconductor_adjusted_return,economic_subsector_peers,peer_catchup,-3.701582342847487e-05,101,180
360,3,semiconductor_adjusted_return,economic_subsector_peers,initiator_reversal,0.0025929590807370643,101,180
360,5,semiconductor_adjusted_return,economic_subsector_peers,convergence,-0.003283353322454514,62,180
360,5,semiconductor_adjusted_return,economic_subsector_peers,peer_catchup,-0.0016773502039940877,62,180
360,5,semiconductor_adjusted_return,economic_subsector_peers,initiator_reversal,-0.0016060031184604274,62,180
360,10,semiconductor_adjusted_return,economic_subsector_peers,convergence,-0.0035997909416090714,25,180
360,10,semiconductor_adjusted_return,economic_subsector_peers,peer_catchup,-0.0037802279115385696,25,180
360,10,semiconductor_adjusted_return,economic_subsector_peers,initiator_reversal,0.00018043696992949942,25,180
361,1,semiconductor_adjusted_return,economic_subsector_peers,convergence,-0.0015836446280487473,194,228
361,1,semiconductor_adjusted_return,economic_subsector_peers,peer_catchup,6.72437013269423e-05,194,228
361,1,semiconductor_adjusted_return,economic_subsector_peers,initiator_reversal,-0.0016508883293756898,194,228
361,3,semiconductor_adjusted_return,economic_subsector_peers,convergence,-0.005357719892370445,146,228
361,3,semiconductor_adjusted_return,economic_subsector_peers,peer_catchup,0.0001373628981767226,146,228
361,3,semiconductor_adjusted_return,economic_subsector_peers,initiator_reversal,-0.005495082790547168,146,228
361,5,semiconductor_adjusted_return,economic_subsector_peers,convergence,-0.003627657576379915,93,228
361,5,semiconductor_adjusted_return,economic_subsector_peers,peer_catchup,0.0006182997356655077,93,228
361,5,semiconductor_adjusted_return,economic_subsector_peers,initiator_reversal,-0.004245957312045422,93,228
361,10,semiconductor_adjusted_return,economic_subsector_peers,convergence,-0.002876196034224274,37,228
361,10,semiconductor_adjusted_return,economic_subsector_peers,peer_catchup,-0.00020449972875537866,37,228
361,10,semiconductor_adjusted_return,economic_subsector_peers,initiator_reversal,-0.0026716963054688944,37,228
362,1,semiconductor_adjusted_return,economic_subsector_peers,convergence,-0.0006875824982953421,158,187
362,1,semiconductor_adjusted_return,economic_subsector_peers,peer_catchup,-0.0001719984919992133,158,187
362,1,semiconductor_adjusted_return,economic_subsector_peers,initiator_reversal,-0.0005155840062961291,158,187
362,3,semiconductor_adjusted_return,economic_subsector_peers,convergence,-3.7218225393559646e-05,93,187
362,3,semiconductor_adjusted_return,economic_subsector_peers,peer_catchup,0.003280402510742691,93,187
362,3,semiconductor_adjusted_return,economic_subsector_peers,initiator_reversal,-0.003317620736136252,93,187
362,5,semiconductor_adjusted_return,economic_subsector_peers,convergence,-0.0009559965627324771,51,187
362,5,semiconductor_adjusted_return,economic_subsector_peers,peer_catchup,-0.0026008331964863843,51,187
362,5,semiconductor_adjusted_return,economic_subsector_peers,initiator_reversal,0.0016448366337539072,51,187
362,10,semiconductor_adjusted_return,economic_subsector_peers,convergence,0.005523957939276279,19,187
362,10,semiconductor_adjusted_return,economic_subsector_peers,peer_catchup,0.003170451516681502,19,187
362,10,semiconductor_adjusted_return,economic_subsector_peers,initiator_reversal,0.0023535064225947764,19,187
363,1,semiconductor_adjusted_return,economic_subsector_peers,convergence,-0.0019519615595866306,178,224
363,1,semiconductor_adjusted_return,economic_subsector_peers,peer_catchup,-0.0008037729367034694,178,224
363,1,semiconductor_adjusted_return,economic_subsector_peers,initiator_reversal,-0.0011481886228831614,178,224
363,3,semiconductor_adjusted_return,economic_subsector_peers,convergence,-0.002424818167347254,111,224
363,3,semiconductor_adjusted_return,economic_subsector_peers,peer_catchup,0.0008244350635524828,111,224
363,3,semiconductor_adjusted_return,economic_subsector_peers,initiator_reversal,-0.0032492532308997374,111,224
363,5,semiconductor_adjusted_return,economic_subsector_peers,convergence,-0.0036594127625988724,75,224
363,5,semiconductor_adjusted_return,economic_subsector_peers,peer_catchup,0.0013516607289750548,75,224
363,5,semiconductor_adjusted_return,economic_subsector_peers,initiator_reversal,-0.005011073491573926,75,224
363,10,semiconductor_adjusted_return,economic_subsector_peers,convergence,0.002350043619920509,24,224
363,10,semiconductor_adjusted_return,economic_subsector_peers,peer_catchup,-0.0025394912790776152,24,224
363,10,semiconductor_adjusted_return,economic_subsector_peers,initiator_reversal,0.004889534898998123,24,224
364,1,semiconductor_adjusted_return,economic_subsector_peers,convergence,-0.0015708883490874765,191,231
364,1,semiconductor_adjusted_return,economic_subsector_peers,peer_catchup,-0.00042134231501206554,191,231
364,1,semiconductor_adjusted_return,economic_subsector_peers,initiator_reversal,-0.0011495460340754118,191,231
364,3,semiconductor_adjusted_return,economic_subsector_peers,convergence,0.001296689263640879,130,231
364,3,semiconductor_adjusted_return,economic_subsector_peers,peer_catchup,-5.770207913935881e-06,130,231
364,3,semiconductor_adjusted_return,economic_subsector_peers,initiator_reversal,0.001302459471554814,130,231
364,5,semiconductor_adjusted_return,economic_subsector_peers,convergence,-0.00260214691440616,77,231
364,5,semiconductor_adjusted_return,economic_subsector_peers,peer_catchup,0.001192513847593005,77,231
364,5,semiconductor_adjusted_return,economic_subsector_peers,initiator_reversal,-0.003794660761999166,77,231
364,10,semiconductor_adjusted_return,economic_subsector_peers,convergence,-0.00467038939766931,22,231
364,10,semiconductor_adjusted_return,economic_subsector_peers,peer_catchup,-0.00666417970804668,22,231
364,10,semiconductor_adjusted_return,economic_subsector_peers,initiator_reversal,0.001993790310377372,22,231
365,1,semiconductor_adjusted_return,economic_subsector_peers,convergence,0.001214736865003578,169,206
365,1,semiconductor_adjusted_return,economic_subsector_peers,peer_catchup,0.0006616078824508144,169,206
365,1,semiconductor_adjusted_return,economic_subsector_peers,initiator_reversal,0.0005531289825527638,169,206
365,3,semiconductor_adjusted_return,economic_subsector_peers,convergence,0.006034011836852755,111,206
365,3,semiconductor_adjusted_return,economic_subsector_peers,peer_catchup,3.131569172240142e-05,111,206
365,3,semiconductor_adjusted_return,economic_subsector_peers,initiator_reversal,0.006002696145130354,111,206
365,5,semiconductor_adjusted_return,economic_subsector_peers,convergence,-0.0020679086648815134,77,206
365,5,semiconductor_adjusted_return,economic_subsector_peers,peer_catchup,0.0016168725273239442,77,206
365,5,semiconductor_adjusted_return,economic_subsector_peers,initiator_reversal,-0.003684781192205458,77,206
365,10,semiconductor_adjusted_return,economic_subsector_peers,convergence,0.014335692833726864,27,206
365,10,semiconductor_adjusted_return,economic_subsector_peers,peer_catchup,-0.0027260326641253673,27,206
365,10,semiconductor_adjusted_return,economic_subsector_peers,initiator_reversal,0.017061725497852228,27,206
366,1,semiconductor_adjusted_return,economic_subsector_peers,convergence,0.0013066264249391702,180,212
366,1,semiconductor_adjusted_return,economic_subsector_peers,peer_catchup,-0.0007717835401667002,180,212
366,1,semiconductor_adjusted_return,economic_subsector_peers,initiator_reversal,0.002078409965105871,180,212
366,3,semiconductor_adjusted_return,economic_subsector_peers,convergence,0.003228835902236539,129,212
366,3,semiconductor_adjusted_return,economic_subsector_peers,peer_catchup,-0.001192508118562652,129,212
366,3,semiconductor_adjusted_return,economic_subsector_peers,initiator_reversal,0.00442134402079919,129,212
366,5,semiconductor_adjusted_return,economic_subsector_peers,convergence,0.004690281275544113,84,212
366,5,semiconductor_adjusted_return,economic_subsector_peers,peer_catchup,0.001954959702512333,84,212
366,5,semiconductor_adjusted_return,economic_subsector_peers,initiator_reversal,0.0027353215730317798,84,212
366,10,semiconductor_adjusted_return,economic_subsector_peers,convergence,0.002280963374763508,28,212
366,10,semiconductor_adjusted_return,economic_subsector_peers,peer_catchup,0.00042020781394041623,28,212
366,10,semiconductor_adjusted_return,economic_subsector_peers,initiator_reversal,0.001860755560823089,28,212
367,1,semiconductor_adjusted_return,economic_subsector_peers,convergence,-0.0004990464362206569,198,229
367,1,semiconductor_adjusted_return,economic_subsector_peers,peer_catchup,0.00037257543844087143,198,229
367,1,semiconductor_adjusted_return,economic_subsector_peers,initiator_reversal,-0.0008716218746615285,198,229
367,3,semiconductor_adjusted_return,economic_subsector_peers,convergence,-0.0018731505117747672,138,229
367,3,semiconductor_adjusted_return,economic_subsector_peers,peer_catchup,-0.0005348375238480977,138,229
367,3,semiconductor_adjusted_return,economic_subsector_peers,initiator_reversal,-0.001338312987926669,138,229
367,5,semiconductor_adjusted_return,economic_subsector_peers,convergence,0.00204291148569566,100,229
367,5,semiconductor_adjusted_return,economic_subsector_peers,peer_catchup,0.0007615217193358441,100,229
367,5,semiconductor_adjusted_return,economic_subsector_peers,initiator_reversal,0.001281389766359816,100,229
367,10,semiconductor_adjusted_return,economic_subsector_peers,convergence,-0.008206329254053547,36,229
367,10,semiconductor_adjusted_return,economic_subsector_peers,peer_catchup,0.006325341855431818,36,229
367,10,semiconductor_adjusted_return,economic_subsector_peers,initiator_reversal,-0.014531671109485365,36,229
368,1,semiconductor_adjusted_return,economic_subsector_peers,convergence,0.00030573752443861205,201,233
368,1,semiconductor_adjusted_return,economic_subsector_peers,peer_catchup,-0.0013158280404227242,201,233
368,1,semiconductor_adjusted_return,economic_subsector_peers,initiator_reversal,0.001621565564861337,201,233
368,3,semiconductor_adjusted_return,economic_subsector_peers,convergence,-0.005872777974766952,130,233
368,3,semiconductor_adjusted_return,economic_subsector_peers,peer_catchup,-0.0008323888962269168,130,233
368,3,semiconductor_adjusted_return,economic_subsector_peers,initiator_reversal,-0.005040389078540036,130,233
368,5,semiconductor_adjusted_return,economic_subsector_peers,convergence,-0.001075629575367616,96,233
368,5,semiconductor_adjusted_return,economic_subsector_peers,peer_catchup,-0.0008322868832949279,96,233
368,5,semiconductor_adjusted_return,economic_subsector_peers,initiator_reversal,-0.00024334269207268848,96,233
368,10,semiconductor_adjusted_return,economic_subsector_peers,convergence,-0.00043070716792463064,26,233
368,10,semiconductor_adjusted_return,economic_subsector_peers,peer_catchup,-0.005520253259111972,26,233
368,10,semiconductor_adjusted_return,economic_subsector_peers,initiator_reversal,0.005089546091187342,26,233
369,1,semiconductor_adjusted_return,economic_subsector_peers,convergence,0.0001959083327329998,178,216
369,1,semiconductor_adjusted_return,economic_subsector_peers,peer_catchup,-0.0013094042091530858,178,216
369,1,semiconductor_adjusted_return,economic_subsector_peers,initiator_reversal,0.0015053125418860855,178,216
369,3,semiconductor_adjusted_return,economic_subsector_peers,convergence,0.00218795332129669,119,216
369,3,semiconductor_adjusted_return,economic_subsector_peers,peer_catchup,-0.0020770790397731816,119,216
369,3,semiconductor_adjusted_return,economic_subsector_peers,initiator_reversal,0.004265032361069873,119,216
369,5,semiconductor_adjusted_return,economic_subsector_peers,convergence,0.008176873114123214,81,216
369,5,semiconductor_adjusted_return,economic_subsector_peers,peer_catchup,-0.003899689201704324,81,216
369,5,semiconductor_adjusted_return,economic_subsector_peers,initiator_reversal,0.01207656231582754,81,216
369,10,semiconductor_adjusted_return,economic_subsector_peers,convergence,0.008253301820238689,34,216
369,10,semiconductor_adjusted_return,economic_subsector_peers,peer_catchup,-0.010416746711536896,34,216
369,10,semiconductor_adjusted_return,economic_subsector_peers,initiator_reversal,0.01867004853177559,34,216
370,1,semiconductor_adjusted_return,economic_subsector_peers,convergence,0.0005981333816383131,171,222
370,1,semiconductor_adjusted_return,economic_subsector_peers,peer_catchup,0.0010896404021897626,171,222
370,1,semiconductor_adjusted_return,economic_subsector_peers,initiator_reversal,-0.0004915070205514495,171,222
370,3,semiconductor_adjusted_return,economic_subsector_peers,convergence,-0.0035908279214570543,116,222
370,3,semiconductor_adjusted_return,economic_subsector_peers,peer_catchup,0.000932630105386869,116,222
370,3,semiconductor_adjusted_return,economic_subsector_peers,initiator_reversal,-0.004523458026843923,116,222
370,5,semiconductor_adjusted_return,economic_subsector_peers,convergence,-0.006394689057175612,82,222
370,5,semiconductor_adjusted_return,economic_subsector_peers,peer_catchup,0.00010952071543269934,82,222
370,5,semiconductor_adjusted_return,economic_subsector_peers,initiator_reversal,-0.006504209772608311,82,222
370,10,semiconductor_adjusted_return,economic_subsector_peers,convergence,-0.010026176453534525,29,222
370,10,semiconductor_adjusted_return,economic_subsector_peers,peer_catchup,-0.008812360689193256,29,222
370,10,semiconductor_adjusted_return,economic_subsector_peers,initiator_reversal,-0.0012138157643412715,29,222
371,1,semiconductor_adjusted_return,economic_subsector_peers,convergence,-0.0012446283927104135,173,205
371,1,semiconductor_adjusted_return,economic_subsector_peers,peer_catchup,-0.0004301938090800204,173,205
371,1,semiconductor_adjusted_return,economic_subsector_peers,initiator_reversal,-0.0008144345836303928,173,205
371,3,semiconductor_adjusted_return,economic_subsector_peers,convergence,-0.0030893081613569246,125,205
371,3,semiconductor_adjusted_return,economic_subsector_peers,peer_catchup,-0.00020080773022349612,125,205
371,3,semiconductor_adjusted_return,economic_subsector_peers,initiator_reversal,-0.002888500431133428,125,205
371,5,semiconductor_adjusted_return,economic_subsector_peers,convergence,-0.0031012684149528996,89,205
371,5,semiconductor_adjusted_return,economic_subsector_peers,peer_catchup,-0.00010732219055602716,89,205
371,5,semiconductor_adjusted_return,economic_subsector_peers,initiator_reversal,-0.0029939462243968734,89,205
371,10,semiconductor_adjusted_return,economic_subsector_peers,convergence,-0.01911003103325449,29,205
371,10,semiconductor_adjusted_return,economic_subsector_peers,peer_catchup,-0.0004998025059342512,29,205
371,10,semiconductor_adjusted_return,economic_subsector_peers,initiator_reversal,-0.018610228527320236,29,205
372,1,semiconductor_adjusted_return,economic_subsector_peers,convergence,-0.00024147335064330483,191,237
372,1,semiconductor_adjusted_return,economic_subsector_peers,peer_catchup,-0.00016242251494356987,191,237
372,1,semiconductor_adjusted_return,economic_subsector_peers,initiator_reversal,-7.905083569973506e-05,191,237
372,3,semiconductor_adjusted_return,economic_subsector_peers,convergence,0.0007943529727066432,136,237
372,3,semiconductor_adjusted_return,economic_subsector_peers,peer_catchup,0.001612529880939063,136,237
372,3,semiconductor_adjusted_return,economic_subsector_peers,initiator_reversal,-0.0008181769082324195,136,237
372,5,semiconductor_adjusted_return,economic_subsector_peers,convergence,0.00033667007107558586,88,237
372,5,semiconductor_adjusted_return,economic_subsector_peers,peer_catchup,0.0023726284956553443,88,237
372,5,semiconductor_adjusted_return,economic_subsector_peers,initiator_reversal,-0.002035958424579759,88,237
372,10,semiconductor_adjusted_return,economic_subsector_peers,convergence,0.010919102866781242,34,237
372,10,semiconductor_adjusted_return,economic_subsector_peers,peer_catchup,0.0006180498694862894,34,237
372,10,semiconductor_adjusted_return,economic_subsector_peers,initiator_reversal,0.010301052997294953,34,237
373,1,semiconductor_adjusted_return,economic_subsector_peers,convergence,-0.00030490661284980316,174,208
373,1,semiconductor_adjusted_return,economic_subsector_peers,peer_catchup,-0.0003036384615786995,174,208
373,1,semiconductor_adjusted_return,economic_subsector_peers,initiator_reversal,-1.2681512711035525e-06,174,208
373,3,semiconductor_adjusted_return,economic_subsector_peers,convergence,-0.0005154612692442684,125,208
373,3,semiconductor_adjusted_return,economic_subsector_peers,peer_catchup,-0.0004318542417179798,125,208
373,3,semiconductor_adjusted_return,economic_subsector_peers,initiator_reversal,-8.360702752628885e-05,125,208
373,5,semiconductor_adjusted_return,economic_subsector_peers,convergence,-0.00017506596974244573,84,208
373,5,semiconductor_adjusted_return,economic_subsector_peers,peer_catchup,-0.00021628469248443136,84,208
373,5,semiconductor_adjusted_return,economic_subsector_peers,initiator_reversal,4.121872274198588e-05,84,208
373,10,semiconductor_adjusted_return,economic_subsector_peers,convergence,-0.0049338946623937365,30,208
373,10,semiconductor_adjusted_return,economic_subsector_peers,peer_catchup,-0.007795487983662732,30,208
373,10,semiconductor_adjusted_return,economic_subsector_peers,initiator_reversal,0.002861593321268995,30,208
374,1,semiconductor_adjusted_return,economic_subsector_peers,convergence,0.002037309490628941,191,219
374,1,semiconductor_adjusted_return,economic_subsector_peers,peer_catchup,-0.0010076640343686725,191,219
374,1,semiconductor_adjusted_return,economic_subsector_peers,initiator_reversal,0.003044973524997614,191,219
374,3,semiconductor_adjusted_return,economic_subsector_peers,convergence,0.002709043964858111,136,219
374,3,semiconductor_adjusted_return,economic_subsector_peers,peer_catchup,-0.0004443571837418462,136,219
374,3,semiconductor_adjusted_return,economic_subsector_peers,initiator_reversal,0.003153401148599956,136,219
374,5,semiconductor_adjusted_return,economic_subsector_peers,convergence,0.00287275604790151,104,219
374,5,semiconductor_adjusted_return,economic_subsector_peers,peer_catchup,-0.0009616830261355759,104,219
374,5,semiconductor_adjusted_return,economic_subsector_peers,initiator_reversal,0.0038344390740370866,104,219
374,10,semiconductor_adjusted_return,economic_subsector_peers,convergence,-0.0012838274126542367,37,219
374,10,semiconductor_adjusted_return,economic_subsector_peers,peer_catchup,0.0019271971193284452,37,219
374,10,semiconductor_adjusted_return,economic_subsector_peers,initiator_reversal,-0.003211024531982681,37,219
375,1,semiconductor_adjusted_return,economic_subsector_peers,convergence,-0.001991886878221983,192,230
375,1,semiconductor_adjusted_return,economic_subsector_peers,peer_catchup,0.00012637454948732116,192,230
375,1,semiconductor_adjusted_return,economic_subsector_peers,initiator_reversal,-0.0021182614277093044,192,230
375,3,semiconductor_adjusted_return,economic_subsector_peers,convergence,0.0010911937518864338,128,230
375,3,semiconductor_adjusted_return,economic_subsector_peers,peer_catchup,0.0009789331294633554,128,230
375,3,semiconductor_adjusted_return,economic_subsector_peers,initiator_reversal,0.00011226062242307953,128,230
375,5,semiconductor_adjusted_return,economic_subsector_peers,convergence,-0.00246481639234597,85,230
375,5,semiconductor_adjusted_return,economic_subsector_peers,peer_catchup,1.3894114028873984e-05,85,230
375,5,semiconductor_adjusted_return,economic_subsector_peers,initiator_reversal,-0.0024787105063748443,85,230
375,10,semiconductor_adjusted_return,economic_subsector_peers,convergence,-0.009565045604967667,31,230
375,10,semiconductor_adjusted_return,economic_subsector_peers,peer_catchup,0.006650582294021724,31,230
375,10,semiconductor_adjusted_return,economic_subsector_peers,initiator_reversal,-0.016215627898989386,31,230
376,1,semiconductor_adjusted_return,economic_subsector_peers,convergence,0.003997517940754023,168,201
376,1,semiconductor_adjusted_return,economic_subsector_peers,peer_catchup,0.0002511261523208714,168,201
376,1,semiconductor_adjusted_return,economic_subsector_peers,initiator_reversal,0.003746391788433151,168,201
376,3,semiconductor_adjusted_return,economic_subsector_peers,convergence,0.0004418015549839241,112,201
376,3,semiconductor_adjusted_return,economic_subsector_peers,peer_catchup,-0.0007954266751423413,112,201
376,3,semiconductor_adjusted_return,economic_subsector_peers,initiator_reversal,0.0012372282301262652,112,201
376,5,semiconductor_adjusted_return,economic_subsector_peers,convergence,0.002642603081913465,78,201
376,5,semiconductor_adjusted_return,economic_subsector_peers,peer_catchup,-0.001544978231528636,78,201
376,5,semiconductor_adjusted_return,economic_subsector_peers,initiator_reversal,0.0041875813134421,78,201
376,10,semiconductor_adjusted_return,economic_subsector_peers,convergence,-0.006324514836392834,23,201
376,10,semiconductor_adjusted_return,economic_subsector_peers,peer_catchup,0.0005575352957087602,23,201
376,10,semiconductor_adjusted_return,economic_subsector_peers,initiator_reversal,-0.0068820501321015925,23,201
377,1,semiconductor_adjusted_return,economic_subsector_peers,convergence,-0.0006171208485995456,204,247
377,1,semiconductor_adjusted_return,economic_subsector_peers,peer_catchup,0.0007813708585946866,204,247
377,1,semiconductor_adjusted_return,economic_subsector_peers,initiator_reversal,-0.001398491707194232,204,247
377,3,semiconductor_adjusted_return,economic_subsector_peers,convergence,0.00010330174607079936,148,247
377,3,semiconductor_adjusted_return,economic_subsector_peers,peer_catchup,0.0015686085155326255,148,247
377,3,semiconductor_adjusted_return,economic_subsector_peers,initiator_reversal,-0.001465306769461825,148,247
377,5,semiconductor_adjusted_return,economic_subsector_peers,convergence,0.0011697003167660284,108,247
377,5,semiconductor_adjusted_return,economic_subsector_peers,peer_catchup,-0.0014346390286913671,108,247
377,5,semiconductor_adjusted_return,economic_subsector_peers,initiator_reversal,0.0026043393454573942,108,247
377,10,semiconductor_adjusted_return,economic_subsector_peers,convergence,-0.005387584649460827,32,247
377,10,semiconductor_adjusted_return,economic_subsector_peers,peer_catchup,-0.0036747210021938156,32,247
377,10,semiconductor_adjusted_return,economic_subsector_peers,initiator_reversal,-0.001712863647267012,32,247
378,1,semiconductor_adjusted_return,economic_subsector_peers,convergence,0.001475394061294506,193,240
378,1,semiconductor_adjusted_return,economic_subsector_peers,peer_catchup,-0.00047460951829160616,193,240
378,1,semiconductor_adjusted_return,economic_subsector_peers,initiator_reversal,0.001950003579586112,193,240
378,3,semiconductor_adjusted_return,economic_subsector_peers,convergence,0.0002788262332801803,125,240
378,3,semiconductor_adjusted_return,economic_subsector_peers,peer_catchup,-0.0011950630303379176,125,240
378,3,semiconductor_adjusted_return,economic_subsector_peers,initiator_reversal,0.0014738892636180984,125,240
378,5,semiconductor_adjusted_return,economic_subsector_peers,convergence,0.0016152635723510093,90,240
378,5,semiconductor_adjusted_return,economic_subsector_peers,peer_catchup,-0.0011719160038430275,90,240
378,5,semiconductor_adjusted_return,economic_subsector_peers,initiator_reversal,0.0027871795761940372,90,240
378,10,semiconductor_adjusted_return,economic_subsector_peers,convergence,0.007598471194159821,30,240
378,10,semiconductor_adjusted_return,economic_subsector_peers,peer_catchup,-0.0007087465276721555,30,240
378,10,semiconductor_adjusted_return,economic_subsector_peers,initiator_reversal,0.00830721772183198,30,240
379,1,semiconductor_adjusted_return,economic_subsector_peers,convergence,0.001251469961889879,192,225
379,1,semiconductor_adjusted_return,economic_subsector_peers,peer_catchup,8.599696591585172e-05,192,225
379,1,semiconductor_adjusted_return,economic_subsector_peers,initiator_reversal,0.0011654729959740269,192,225
379,3,semiconductor_adjusted_return,economic_subsector_peers,convergence,0.004182083289649674,137,225
379,3,semiconductor_adjusted_return,economic_subsector_peers,peer_catchup,-0.0012598619562385082,137,225
379,3,semiconductor_adjusted_return,economic_subsector_peers,initiator_reversal,0.005441945245888182,137,225
379,5,semiconductor_adjusted_return,economic_subsector_peers,convergence,0.0024223437606243252,95,225
379,5,semiconductor_adjusted_return,economic_subsector_peers,peer_catchup,-0.0009118088586859375,95,225
379,5,semiconductor_adjusted_return,economic_subsector_peers,initiator_reversal,0.0033341526193102623,95,225
379,10,semiconductor_adjusted_return,economic_subsector_peers,convergence,0.001350528188107755,47,225
379,10,semiconductor_adjusted_return,economic_subsector_peers,peer_catchup,0.0028098271413088557,47,225
379,10,semiconductor_adjusted_return,economic_subsector_peers,initiator_reversal,-0.0014592989532011015,47,225
380,1,semiconductor_adjusted_return,economic_subsector_peers,convergence,-0.0011098234746613005,170,215
380,1,semiconductor_adjusted_return,economic_subsector_peers,peer_catchup,0.0011341325470486448,170,215
380,1,semiconductor_adjusted_return,economic_subsector_peers,initiator_reversal,-0.0022439560217099447,170,215
380,3,semiconductor_adjusted_return,economic_subsector_peers,convergence,-0.007087566428398469,118,215
380,3,semiconductor_adjusted_return,economic_subsector_peers,peer_catchup,-0.00018645096430334288,118,215
380,3,semiconductor_adjusted_return,economic_subsector_peers,initiator_reversal,-0.006901115464095127,118,215
380,5,semiconductor_adjusted_return,economic_subsector_peers,convergence,-0.014926105784186058,83,215
380,5,semiconductor_adjusted_return,economic_subsector_peers,peer_catchup,0.0006470745849146531,83,215
380,5,semiconductor_adjusted_return,economic_subsector_peers,initiator_reversal,-0.015573180369100713,83,215
380,10,semiconductor_adjusted_return,economic_subsector_peers,convergence,-0.016377881787374166,32,215
380,10,semiconductor_adjusted_return,economic_subsector_peers,peer_catchup,-5.48167652866193e-05,32,215
380,10,semiconductor_adjusted_return,economic_subsector_peers,initiator_reversal,-0.016323065022087548,32,215
381,1,semiconductor_adjusted_return,economic_subsector_peers,convergence,0.0021115323635338377,168,201
381,1,semiconductor_adjusted_return,economic_subsector_peers,peer_catchup,-0.00019093123581481622,168,201
381,1,semiconductor_adjusted_return,economic_subsector_peers,initiator_reversal,0.002302463599348654,168,201
381,3,semiconductor_adjusted_return,economic_subsector_peers,convergence,0.0005726479093995689,114,201
381,3,semiconductor_adjusted_return,economic_subsector_peers,peer_catchup,-0.0005442340052576723,114,201
381,3,semiconductor_adjusted_return,economic_subsector_peers,initiator_reversal,0.0011168819146572418,114,201
381,5,semiconductor_adjusted_return,economic_subsector_peers,convergence,-0.0014074208840158216,84,201
381,5,semiconductor_adjusted_return,economic_subsector_peers,peer_catchup,-0.00028458736657324045,84,201
381,5,semiconductor_adjusted_return,economic_subsector_peers,initiator_reversal,-0.0011228335174425822,84,201
381,10,semiconductor_adjusted_return,economic_subsector_peers,convergence,-0.0005964820631649725,37,201
381,10,semiconductor_adjusted_return,economic_subsector_peers,peer_catchup,-0.005438200963692198,37,201
381,10,semiconductor_adjusted_return,economic_subsector_peers,initiator_reversal,0.004841718900527226,37,201
382,1,semiconductor_adjusted_return,economic_subsector_peers,convergence,0.0011131537860738943,189,228
382,1,semiconductor_adjusted_return,economic_subsector_peers,peer_catchup,-0.0011487755429956685,189,228
382,1,semiconductor_adjusted_return,economic_subsector_peers,initiator_reversal,0.002261929329069563,189,228
382,3,semiconductor_adjusted_return,economic_subsector_peers,convergence,0.00558010449760423,128,228
382,3,semiconductor_adjusted_return,economic_subsector_peers,peer_catchup,-0.0018974829994226783,128,228
382,3,semiconductor_adjusted_return,economic_subsector_peers,initiator_reversal,0.007477587497026908,128,228
382,5,semiconductor_adjusted_return,economic_subsector_peers,convergence,0.006065915177554758,86,228
382,5,semiconductor_adjusted_return,economic_subsector_peers,peer_catchup,-0.002416731610253716,86,228
382,5,semiconductor_adjusted_return,economic_subsector_peers,initiator_reversal,0.008482646787808475,86,228
382,10,semiconductor_adjusted_return,economic_subsector_peers,convergence,0.013437052486210693,29,228
382,10,semiconductor_adjusted_return,economic_subsector_peers,peer_catchup,-0.001751420884284962,29,228
382,10,semiconductor_adjusted_return,economic_subsector_peers,initiator_reversal,0.015188473370495654,29,228
383,1,semiconductor_adjusted_return,economic_subsector_peers,convergence,-0.0013314833679077041,171,210
383,1,semiconductor_adjusted_return,economic_subsector_peers,peer_catchup,-9.03136465712403e-06,171,210
383,1,semiconductor_adjusted_return,economic_subsector_peers,initiator_reversal,-0.0013224520032505801,171,210
383,3,semiconductor_adjusted_return,economic_subsector_peers,convergence,-0.003676075872619008,110,210
383,3,semiconductor_adjusted_return,economic_subsector_peers,peer_catchup,-0.0009788215608646672,110,210
383,3,semiconductor_adjusted_return,economic_subsector_peers,initiator_reversal,-0.002697254311754341,110,210
383,5,semiconductor_adjusted_return,economic_subsector_peers,convergence,-0.007339641585637921,82,210
383,5,semiconductor_adjusted_return,economic_subsector_peers,peer_catchup,0.0017433470039484795,82,210
383,5,semiconductor_adjusted_return,economic_subsector_peers,initiator_reversal,-0.0090829885895864,82,210
383,10,semiconductor_adjusted_return,economic_subsector_peers,convergence,-0.009918714165176116,27,210
383,10,semiconductor_adjusted_return,economic_subsector_peers,peer_catchup,0.010370237691622954,27,210
383,10,semiconductor_adjusted_return,economic_subsector_peers,initiator_reversal,-0.02028895185679908,27,210
384,1,semiconductor_adjusted_return,economic_subsector_peers,convergence,-0.0007758272940070357,174,213
384,1,semiconductor_adjusted_return,economic_subsector_peers,peer_catchup,0.001674691730518848,174,213
384,1,semiconductor_adjusted_return,economic_subsector_peers,initiator_reversal,-0.002450519024525884,174,213
384,3,semiconductor_adjusted_return,economic_subsector_peers,convergence,0.0005292096508242157,115,213
384,3,semiconductor_adjusted_return,economic_subsector_peers,peer_catchup,0.0019445277772177098,115,213
384,3,semiconductor_adjusted_return,economic_subsector_peers,initiator_reversal,-0.0014153181263934945,115,213
384,5,semiconductor_adjusted_return,economic_subsector_peers,convergence,0.0016408007101691758,79,213
384,5,semiconductor_adjusted_return,economic_subsector_peers,peer_catchup,0.0023626758751616557,79,213
384,5,semiconductor_adjusted_return,economic_subsector_peers,initiator_reversal,-0.0007218751649924797,79,213
384,10,semiconductor_adjusted_return,economic_subsector_peers,convergence,-0.00886775067576377,39,213
384,10,semiconductor_adjusted_return,economic_subsector_peers,peer_catchup,0.002909185763275831,39,213
384,10,semiconductor_adjusted_return,economic_subsector_peers,initiator_reversal,-0.011776936439039602,39,213
385,1,semiconductor_adjusted_return,economic_subsector_peers,convergence,-0.0005530506035046117,194,227
385,1,semiconductor_adjusted_return,economic_subsector_peers,peer_catchup,-0.0010555488645591455,194,227
385,1,semiconductor_adjusted_return,economic_subsector_peers,initiator_reversal,0.0005024982610545336,194,227
385,3,semiconductor_adjusted_return,economic_subsector_peers,convergence,-0.002989828263666984,153,227
385,3,semiconductor_adjusted_return,economic_subsector_peers,peer_catchup,-0.0006852520829992257,153,227
385,3,semiconductor_adjusted_return,economic_subsector_peers,initiator_reversal,-0.0023045761806677586,153,227
385,5,semiconductor_adjusted_return,economic_subsector_peers,convergence,-0.004719906730372969,92,227
385,5,semiconductor_adjusted_return,economic_subsector_peers,peer_catchup,-0.002216947895462003,92,227
385,5,semiconductor_adjusted_return,economic_subsector_peers,initiator_reversal,-0.0025029588349109676,92,227
385,10,semiconductor_adjusted_return,economic_subsector_peers,convergence,-0.002603580091173674,34,227
385,10,semiconductor_adjusted_return,economic_subsector_peers,peer_catchup,-0.004063705718005667,34,227
385,10,semiconductor_adjusted_return,economic_subsector_peers,initiator_reversal,0.0014601256268319943,34,227
386,1,semiconductor_adjusted_return,economic_subsector_peers,convergence,-0.0015885768652578569,176,209
386,1,semiconductor_adjusted_return,economic_subsector_peers,peer_catchup,-0.0009771553728635393,176,209
386,1,semiconductor_adjusted_return,economic_subsector_peers,initiator_reversal,-0.0006114214923943183,176,209
386,3,semiconductor_adjusted_return,economic_subsector_peers,convergence,-0.003394974467128006,134,209
386,3,semiconductor_adjusted_return,economic_subsector_peers,peer_catchup,3.0418039604210383e-05,134,209
386,3,semiconductor_adjusted_return,economic_subsector_peers,initiator_reversal,-0.003425392506732216,134,209
386,5,semiconductor_adjusted_return,economic_subsector_peers,convergence,-0.008682966228918024,87,209
386,5,semiconductor_adjusted_return,economic_subsector_peers,peer_catchup,0.0009058382786964438,87,209
386,5,semiconductor_adjusted_return,economic_subsector_peers,initiator_reversal,-0.00958880450761447,87,209
386,10,semiconductor_adjusted_return,economic_subsector_peers,convergence,-0.01310478447919557,44,209
386,10,semiconductor_adjusted_return,economic_subsector_peers,peer_catchup,-0.001262377264255636,44,209
386,10,semiconductor_adjusted_return,economic_subsector_peers,initiator_reversal,-0.011842407214939937,44,209
387,1,semiconductor_adjusted_return,economic_subsector_peers,convergence,-0.0012137540009455323,194,228
387,1,semiconductor_adjusted_return,economic_subsector_peers,peer_catchup,-0.00047765058786561636,194,228
387,1,semiconductor_adjusted_return,economic_subsector_peers,initiator_reversal,-0.0007361034130799156,194,228
387,3,semiconductor_adjusted_return,economic_subsector_peers,convergence,-0.0020213390942153326,132,228
387,3,semiconductor_adjusted_return,economic_subsector_peers,peer_catchup,8.904087920095903e-05,132,228
387,3,semiconductor_adjusted_return,economic_subsector_peers,initiator_reversal,-0.002110379973416292,132,228
387,5,semiconductor_adjusted_return,economic_subsector_peers,convergence,0.000856338478471721,92,228
387,5,semiconductor_adjusted_return,economic_subsector_peers,peer_catchup,-0.003920897711192883,92,228
387,5,semiconductor_adjusted_return,economic_subsector_peers,initiator_reversal,0.004777236189664603,92,228
387,10,semiconductor_adjusted_return,economic_subsector_peers,convergence,-6.586427413459831e-05,41,228
387,10,semiconductor_adjusted_return,economic_subsector_peers,peer_catchup,-0.0048462982143446295,41,228
387,10,semiconductor_adjusted_return,economic_subsector_peers,initiator_reversal,0.004780433940210032,41,228
388,1,semiconductor_adjusted_return,economic_subsector_peers,convergence,5.268604481240162e-05,178,216
388,1,semiconductor_adjusted_return,economic_subsector_peers,peer_catchup,0.0004296910280563234,178,216
388,1,semiconductor_adjusted_return,economic_subsector_peers,initiator_reversal,-0.0003770049832439221,178,216
388,3,semiconductor_adjusted_return,economic_subsector_peers,convergence,0.00019398874860255963,133,216
388,3,semiconductor_adjusted_return,economic_subsector_peers,peer_catchup,0.0015438076786718398,133,216
388,3,semiconductor_adjusted_return,economic_subsector_peers,initiator_reversal,-0.0013498189300692799,133,216
388,5,semiconductor_adjusted_return,economic_subsector_peers,convergence,0.001940240406042582,84,216
388,5,semiconductor_adjusted_return,economic_subsector_peers,peer_catchup,0.002444842092443544,84,216
388,5,semiconductor_adjusted_return,economic_subsector_peers,initiator_reversal,-0.0005046016864009634,84,216
388,10,semiconductor_adjusted_return,economic_subsector_peers,convergence,-0.011505447994165925,30,216
388,10,semiconductor_adjusted_return,economic_subsector_peers,peer_catchup,-0.005365068205733147,30,216
388,10,semiconductor_adjusted_return,economic_subsector_peers,initiator_reversal,-0.006140379788432777,30,216
389,1,semiconductor_adjusted_return,economic_subsector_peers,convergence,-0.0013011719883686734,174,218
389,1,semiconductor_adjusted_return,economic_subsector_peers,peer_catchup,0.0009824632000007094,174,218
389,1,semiconductor_adjusted_return,economic_subsector_peers,initiator_reversal,-0.0022836351883693835,174,218
389,3,semiconductor_adjusted_return,economic_subsector_peers,convergence,-0.0027558521417315996,119,218
389,3,semiconductor_adjusted_return,economic_subsector_peers,peer_catchup,0.0006793923190899925,119,218
389,3,semiconductor_adjusted_return,economic_subsector_peers,initiator_reversal,-0.0034352444608215927,119,218
389,5,semiconductor_adjusted_return,economic_subsector_peers,convergence,-0.0030322760764875936,75,218
389,5,semiconductor_adjusted_return,economic_subsector_peers,peer_catchup,0.0015852871603521986,75,218
389,5,semiconductor_adjusted_return,economic_subsector_peers,initiator_reversal,-0.004617563236839793,75,218
389,10,semiconductor_adjusted_return,economic_subsector_peers,convergence,0.01632626335596872,18,218
389,10,semiconductor_adjusted_return,economic_subsector_peers,peer_catchup,0.01148796492216712,18,218
389,10,semiconductor_adjusted_return,economic_subsector_peers,initiator_reversal,0.004838298433801593,18,218
390,1,semiconductor_adjusted_return,economic_subsector_peers,convergence,-0.0011740860887511913,163,198
390,1,semiconductor_adjusted_return,economic_subsector_peers,peer_catchup,-6.972031372835226e-05,163,198
390,1,semiconductor_adjusted_return,economic_subsector_peers,initiator_reversal,-0.0011043657750228388,163,198
390,3,semiconductor_adjusted_return,economic_subsector_peers,convergence,-0.003494365697317291,117,198
390,3,semiconductor_adjusted_return,economic_subsector_peers,peer_catchup,-0.0009223916240259371,117,198
390,3,semiconductor_adjusted_return,economic_subsector_peers,initiator_reversal,-0.0025719740732913546,117,198
390,5,semiconductor_adjusted_return,economic_subsector_peers,convergence,-0.003761922496930173,74,198
390,5,semiconductor_adjusted_return,economic_subsector_peers,peer_catchup,-0.0007190420926686515,74,198
390,5,semiconductor_adjusted_return,economic_subsector_peers,initiator_reversal,-0.0030428804042615214,74,198
390,10,semiconductor_adjusted_return,economic_subsector_peers,convergence,-0.017213852494655225,28,198
390,10,semiconductor_adjusted_return,economic_subsector_peers,peer_catchup,-0.0041070722403021166,28,198
390,10,semiconductor_adjusted_return,economic_subsector_peers,initiator_reversal,-0.01310678025435311,28,198
391,1,semiconductor_adjusted_return,economic_subsector_peers,convergence,-0.0009663745681908469,186,223
391,1,semiconductor_adjusted_return,economic_subsector_peers,peer_catchup,-0.0006942981560581156,186,223
391,1,semiconductor_adjusted_return,economic_subsector_peers,initiator_reversal,-0.0002720764121327313,186,223
391,3,semiconductor_adjusted_return,economic_subsector_peers,convergence,0.001162783661288797,139,223
391,3,semiconductor_adjusted_return,economic_subsector_peers,peer_catchup,0.0017058669199452494,139,223
391,3,semiconductor_adjusted_return,economic_subsector_peers,initiator_reversal,-0.0005430832586564517,139,223
391,5,semiconductor_adjusted_return,economic_subsector_peers,convergence,0.001027360819041364,105,223
391,5,semiconductor_adjusted_return,economic_subsector_peers,peer_catchup,0.0008889142028482505,105,223
391,5,semiconductor_adjusted_return,economic_subsector_peers,initiator_reversal,0.00013844661619311267,105,223
391,10,semiconductor_adjusted_return,economic_subsector_peers,convergence,0.0005625919547595419,46,223
391,10,semiconductor_adjusted_return,economic_subsector_peers,peer_catchup,-0.0016943000443912267,46,223
391,10,semiconductor_adjusted_return,economic_subsector_peers,initiator_reversal,0.0022568919991507665,46,223
392,1,semiconductor_adjusted_return,economic_subsector_peers,convergence,-0.002051805515353821,163,211
392,1,semiconductor_adjusted_return,economic_subsector_peers,peer_catchup,-0.000580711892672688,163,211
392,1,semiconductor_adjusted_return,economic_subsector_peers,initiator_reversal,-0.001471093622681133,163,211
392,3,semiconductor_adjusted_return,economic_subsector_peers,convergence,-0.0017711726891540874,105,211
392,3,semiconductor_adjusted_return,economic_subsector_peers,peer_catchup,0.0002908588703645652,105,211
392,3,semiconductor_adjusted_return,economic_subsector_peers,initiator_reversal,-0.0020620315595186534,105,211
392,5,semiconductor_adjusted_return,economic_subsector_peers,convergence,-9.675483909360492e-05,67,211
392,5,semiconductor_adjusted_return,economic_subsector_peers,peer_catchup,0.0004042562716387596,67,211
392,5,semiconductor_adjusted_return,economic_subsector_peers,initiator_reversal,-0.000501011110732365,67,211
392,10,semiconductor_adjusted_return,economic_subsector_peers,convergence,-0.008709579829128851,24,211
392,10,semiconductor_adjusted_return,economic_subsector_peers,peer_catchup,-0.0012355992067874428,24,211
392,10,semiconductor_adjusted_return,economic_subsector_peers,initiator_reversal,-0.007473980622341407,24,211
393,1,semiconductor_adjusted_return,economic_subsector_peers,convergence,0.00014718555946115078,187,206
393,1,semiconductor_adjusted_return,economic_subsector_peers,peer_catchup,0.0006892063628956062,187,206
393,1,semiconductor_adjusted_return,economic_subsector_peers,initiator_reversal,-0.0005420208034344553,187,206
393,3,semiconductor_adjusted_return,economic_subsector_peers,convergence,0.0038365581082035263,132,206
393,3,semiconductor_adjusted_return,economic_subsector_peers,peer_catchup,-0.0016985125638350508,132,206
393,3,semiconductor_adjusted_return,economic_subsector_peers,initiator_reversal,0.005535070672038579,132,206
393,5,semiconductor_adjusted_return,economic_subsector_peers,convergence,0.006346958816397136,93,206
393,5,semiconductor_adjusted_return,economic_subsector_peers,peer_catchup,-0.0009968576169994416,93,206
393,5,semiconductor_adjusted_return,economic_subsector_peers,initiator_reversal,0.007343816433396576,93,206
393,10,semiconductor_adjusted_return,economic_subsector_peers,convergence,0.007778177991381324,34,206
393,10,semiconductor_adjusted_return,economic_subsector_peers,peer_catchup,0.0023809066778603216,34,206
393,10,semiconductor_adjusted_return,economic_subsector_peers,initiator_reversal,0.005397271313521003,34,206
394,1,semiconductor_adjusted_return,economic_subsector_peers,convergence,-0.0003762501365922931,160,204
394,1,semiconductor_adjusted_return,economic_subsector_peers,peer_catchup,0.001062721884721156,160,204
394,1,semiconductor_adjusted_return,economic_subsector_peers,initiator_reversal,-0.0014389720213134494,160,204
394,3,semiconductor_adjusted_return,economic_subsector_peers,convergence,-0.0011012763973247833,106,204
394,3,semiconductor_adjusted_return,economic_subsector_peers,peer_catchup,0.0018429179417257854,106,204
394,3,semiconductor_adjusted_return,economic_subsector_peers,initiator_reversal,-0.002944194339050569,106,204
394,5,semiconductor_adjusted_return,economic_subsector_peers,convergence,-0.006594013546452071,69,204
394,5,semiconductor_adjusted_return,economic_subsector_peers,peer_catchup,0.0022388668636738546,69,204
394,5,semiconductor_adjusted_return,economic_subsector_peers,initiator_reversal,-0.008832880410125926,69,204
394,10,semiconductor_adjusted_return,economic_subsector_peers,convergence,-0.020843763877739396,32,204
394,10,semiconductor_adjusted_return,economic_subsector_peers,peer_catchup,0.006516953659796689,32,204
394,10,semiconductor_adjusted_return,economic_subsector_peers,initiator_reversal,-0.027360717537536085,32,204
395,1,semiconductor_adjusted_return,economic_subsector_peers,convergence,-0.0009613392121231634,156,197
395,1,semiconductor_adjusted_return,economic_subsector_peers,peer_catchup,-0.0004001909122478162,156,197
395,1,semiconductor_adjusted_return,economic_subsector_peers,initiator_reversal,-0.0005611482998753475,156,197
395,3,semiconductor_adjusted_return,economic_subsector_peers,convergence,-0.0036691192475218396,108,197
395,3,semiconductor_adjusted_return,economic_subsector_peers,peer_catchup,-0.0011636206984186593,108,197
395,3,semiconductor_adjusted_return,economic_subsector_peers,initiator_reversal,-0.0025054985491031797,108,197
395,5,semiconductor_adjusted_return,economic_subsector_peers,convergence,-0.005690882245379364,65,197
395,5,semiconductor_adjusted_return,economic_subsector_peers,peer_catchup,0.0027306879457470036,65,197
395,5,semiconductor_adjusted_return,economic_subsector_peers,initiator_reversal,-0.008421570191126368,65,197
395,10,semiconductor_adjusted_return,economic_subsector_peers,convergence,-0.00020603204505447524,22,197
395,10,semiconductor_adjusted_return,economic_subsector_peers,peer_catchup,-0.0015026924339672579,22,197
395,10,semiconductor_adjusted_return,economic_subsector_peers,initiator_reversal,0.0012966603889127822,22,197
396,1,semiconductor_adjusted_return,economic_subsector_peers,convergence,0.0001260245021021913,208,236
396,1,semiconductor_adjusted_return,economic_subsector_peers,peer_catchup,-0.0007354165222912324,208,236
396,1,semiconductor_adjusted_return,economic_subsector_peers,initiator_reversal,0.0008614410243934236,208,236
396,3,semiconductor_adjusted_return,economic_subsector_peers,convergence,0.005324971352212721,142,236
396,3,semiconductor_adjusted_return,economic_subsector_peers,peer_catchup,-1.6261100286732683e-06,142,236
396,3,semiconductor_adjusted_return,economic_subsector_peers,initiator_reversal,0.005326597462241396,142,236
396,5,semiconductor_adjusted_return,economic_subsector_peers,convergence,0.005650565787841192,92,236
396,5,semiconductor_adjusted_return,economic_subsector_peers,peer_catchup,-4.710552625223973e-06,92,236
396,5,semiconductor_adjusted_return,economic_subsector_peers,initiator_reversal,0.005655276340466416,92,236
396,10,semiconductor_adjusted_return,economic_subsector_peers,convergence,0.0057243187236829,38,236
396,10,semiconductor_adjusted_return,economic_subsector_peers,peer_catchup,0.002628990586973466,38,236
396,10,semiconductor_adjusted_return,economic_subsector_peers,initiator_reversal,0.003095328136709435,38,236
397,1,semiconductor_adjusted_return,economic_subsector_peers,convergence,0.0008237176633785037,186,216
397,1,semiconductor_adjusted_return,economic_subsector_peers,peer_catchup,-0.00046141682678085464,186,216
397,1,semiconductor_adjusted_return,economic_subsector_peers,initiator_reversal,0.0012851344901593583,186,216
397,3,semiconductor_adjusted_return,economic_subsector_peers,convergence,-0.001376851148352775,126,216
397,3,semiconductor_adjusted_return,economic_subsector_peers,peer_catchup,-0.0007577642989007536,126,216
397,3,semiconductor_adjusted_return,economic_subsector_peers,initiator_reversal,-0.0006190868494520219,126,216
397,5,semiconductor_adjusted_return,economic_subsector_peers,convergence,-0.000951825649551706,87,216
397,5,semiconductor_adjusted_return,economic_subsector_peers,peer_catchup,0.0018920673637755861,87,216
397,5,semiconductor_adjusted_return,economic_subsector_peers,initiator_reversal,-0.002843893013327292,87,216
397,10,semiconductor_adjusted_return,economic_subsector_peers,convergence,0.00046258306820634885,42,216
397,10,semiconductor_adjusted_return,economic_subsector_peers,peer_catchup,0.004305894150811693,42,216
397,10,semiconductor_adjusted_return,economic_subsector_peers,initiator_reversal,-0.0038433110826053426,42,216
398,1,semiconductor_adjusted_return,economic_subsector_peers,convergence,-0.0009529060651560229,192,220
398,1,semiconductor_adjusted_return,economic_subsector_peers,peer_catchup,-0.0009551191410523769,192,220
398,1,semiconductor_adjusted_return,economic_subsector_peers,initiator_reversal,2.2130758963536602e-06,192,220
398,3,semiconductor_adjusted_return,economic_subsector_peers,convergence,-0.002742679434935632,139,220
398,3,semiconductor_adjusted_return,economic_subsector_peers,peer_catchup,0.00030856088980714923,139,220
398,3,semiconductor_adjusted_return,economic_subsector_peers,initiator_reversal,-0.0030512403247427806,139,220
398,5,semiconductor_adjusted_return,economic_subsector_peers,convergence,-0.006564576734535515,99,220
398,5,semiconductor_adjusted_return,economic_subsector_peers,peer_catchup,0.0006939999448202203,99,220
398,5,semiconductor_adjusted_return,economic_subsector_peers,initiator_reversal,-0.007258576679355734,99,220
398,10,semiconductor_adjusted_return,economic_subsector_peers,convergence,-0.0024432808264807484,38,220
398,10,semiconductor_adjusted_return,economic_subsector_peers,peer_catchup,0.007104038916265075,38,220
398,10,semiconductor_adjusted_return,economic_subsector_peers,initiator_reversal,-0.009547319742745822,38,220
399,1,semiconductor_adjusted_return,economic_subsector_peers,convergence,-0.0004410834034746997,178,210
399,1,semiconductor_adjusted_return,economic_subsector_peers,peer_catchup,-0.00022895685921163933,178,210
399,1,semiconductor_adjusted_return,economic_subsector_peers,initiator_reversal,-0.00021212654426306036,178,210
399,3,semiconductor_adjusted_return,economic_subsector_peers,convergence,0.0006157410881029214,128,210
399,3,semiconductor_adjusted_return,economic_subsector_peers,peer_catchup,-0.0017168231873835892,128,210
399,3,semiconductor_adjusted_return,economic_subsector_peers,initiator_reversal,0.00233256427548651,128,210
399,5,semiconductor_adjusted_return,economic_subsector_peers,convergence,0.00238690094249945,92,210
399,5,semiconductor_adjusted_return,economic_subsector_peers,peer_catchup,-0.0004165793461828645,92,210
399,5,semiconductor_adjusted_return,economic_subsector_peers,initiator_reversal,0.0028034802886823143,92,210
399,10,semiconductor_adjusted_return,economic_subsector_peers,convergence,-0.012870191457980025,25,210
399,10,semiconductor_adjusted_return,economic_subsector_peers,peer_catchup,-0.0012143569333832808,25,210
399,10,semiconductor_adjusted_return,economic_subsector_peers,initiator_reversal,-0.011655834524596745,25,210
400,1,semiconductor_adjusted_return,economic_subsector_peers,convergence,0.000530948222941465,155,187
400,1,semiconductor_adjusted_return,economic_subsector_peers,peer_catchup,-0.0005431151580148421,155,187
400,1,semiconductor_adjusted_return,economic_subsector_peers,initiator_reversal,0.0010740633809563078,155,187
400,3,semiconductor_adjusted_return,economic_subsector_peers,convergence,0.0032310775849816358,118,187
400,3,semiconductor_adjusted_return,economic_subsector_peers,peer_catchup,-0.001918866267661336,118,187
400,3,semiconductor_adjusted_return,economic_subsector_peers,initiator_reversal,0.0051499438526429716,118,187
400,5,semiconductor_adjusted_return,economic_subsector_peers,convergence,0.0030497977597830797,82,187
400,5,semiconductor_adjusted_return,economic_subsector_peers,peer_catchup,-0.00040727007772970857,82,187
400,5,semiconductor_adjusted_return,economic_subsector_peers,initiator_reversal,0.0034570678375127873,82,187
400,10,semiconductor_adjusted_return,economic_subsector_peers,convergence,0.0032008588691281063,33,187
400,10,semiconductor_adjusted_return,economic_subsector_peers,peer_catchup,-0.0003137250184170664,33,187
400,10,semiconductor_adjusted_return,economic_subsector_peers,initiator_reversal,0.003514583887545171,33,187
401,1,semiconductor_adjusted_return,economic_subsector_peers,convergence,0.00039576452113927214,171,210
401,1,semiconductor_adjusted_return,economic_subsector_peers,peer_catchup,0.00022330384846067411,171,210
401,1,semiconductor_adjusted_return,economic_subsector_peers,initiator_reversal,0.00017246067267859803,171,210
401,3,semiconductor_adjusted_return,economic_subsector_peers,convergence,0.0043329787137127845,110,210
401,3,semiconductor_adjusted_return,economic_subsector_peers,peer_catchup,-5.161776053677041e-05,110,210
401,3,semiconductor_adjusted_return,economic_subsector_peers,initiator_reversal,0.004384596474249555,110,210
401,5,semiconductor_adjusted_return,economic_subsector_peers,convergence,0.0025606854561673036,82,210
401,5,semiconductor_adjusted_return,economic_subsector_peers,peer_catchup,0.0008893864090882031,82,210
401,5,semiconductor_adjusted_return,economic_subsector_peers,initiator_reversal,0.0016712990470790995,82,210
401,10,semiconductor_adjusted_return,economic_subsector_peers,convergence,-0.009962809929826932,30,210
401,10,semiconductor_adjusted_return,economic_subsector_peers,peer_catchup,-0.0012825921328036489,30,210
401,10,semiconductor_adjusted_return,economic_subsector_peers,initiator_reversal,-0.008680217797023281,30,210
402,1,semiconductor_adjusted_return,economic_subsector_peers,convergence,-0.0015360776097202622,185,231
402,1,semiconductor_adjusted_return,economic_subsector_peers,peer_catchup,0.0007606169236877556,185,231
402,1,semiconductor_adjusted_return,economic_subsector_peers,initiator_reversal,-0.002296694533408018,185,231
402,3,semiconductor_adjusted_return,economic_subsector_peers,convergence,0.0015771368608546634,121,231
402,3,semiconductor_adjusted_return,economic_subsector_peers,peer_catchup,0.0016343855829968016,121,231
402,3,semiconductor_adjusted_return,economic_subsector_peers,initiator_reversal,-5.7248722142137854e-05,121,231
402,5,semiconductor_adjusted_return,economic_subsector_peers,convergence,-0.00011198595368603369,85,231
402,5,semiconductor_adjusted_return,economic_subsector_peers,peer_catchup,0.0019144526716156172,85,231
402,5,semiconductor_adjusted_return,economic_subsector_peers,initiator_reversal,-0.002026438625301651,85,231
402,10,semiconductor_adjusted_return,economic_subsector_peers,convergence,0.0046792863399975106,25,231
402,10,semiconductor_adjusted_return,economic_subsector_peers,peer_catchup,-0.0025579130566574593,25,231
402,10,semiconductor_adjusted_return,economic_subsector_peers,initiator_reversal,0.007237199396654972,25,231
403,1,semiconductor_adjusted_return,economic_subsector_peers,convergence,-0.0016220625358087488,175,222
403,1,semiconductor_adjusted_return,economic_subsector_peers,peer_catchup,-0.00040135239523466667,175,222
403,1,semiconductor_adjusted_return,economic_subsector_peers,initiator_reversal,-0.0012207101405740822,175,222
403,3,semiconductor_adjusted_return,economic_subsector_peers,convergence,0.001060259264976781,104,222
403,3,semiconductor_adjusted_return,economic_subsector_peers,peer_catchup,0.0003248291643163401,104,222
403,3,semiconductor_adjusted_return,economic_subsector_peers,initiator_reversal,0.0007354301006604404,104,222
403,5,semiconductor_adjusted_return,economic_subsector_peers,convergence,-0.001808093125063729,61,222
403,5,semiconductor_adjusted_return,economic_subsector_peers,peer_catchup,0.0012195313663334398,61,222
403,5,semiconductor_adjusted_return,economic_subsector_peers,initiator_reversal,-0.0030276244913971695,61,222
403,10,semiconductor_adjusted_return,economic_subsector_peers,convergence,-0.013154961720014059,20,222
403,10,semiconductor_adjusted_return,economic_subsector_peers,peer_catchup,-0.004925793493079434,20,222
403,10,semiconductor_adjusted_return,economic_subsector_peers,initiator_reversal,-0.008229168226934624,20,222
404,1,semiconductor_adjusted_return,economic_subsector_peers,convergence,-0.0010196254567902555,198,245
404,1,semiconductor_adjusted_return,economic_subsector_peers,peer_catchup,0.00010396172003793439,198,245
404,1,semiconductor_adjusted_return,economic_subsector_peers,initiator_reversal,-0.0011235871768281894,198,245
404,3,semiconductor_adjusted_return,economic_subsector_peers,convergence,-0.0001227012333103311,133,245
404,3,semiconductor_adjusted_return,economic_subsector_peers,peer_catchup,0.0004901441191764716,133,245
404,3,semiconductor_adjusted_return,economic_subsector_peers,initiator_reversal,-0.0006128453524868026,133,245
404,5,semiconductor_adjusted_return,economic_subsector_peers,convergence,-0.0018377232515234643,91,245
404,5,semiconductor_adjusted_return,economic_subsector_peers,peer_catchup,0.0034476673056315107,91,245
404,5,semiconductor_adjusted_return,economic_subsector_peers,initiator_reversal,-0.005285390557154976,91,245
404,10,semiconductor_adjusted_return,economic_subsector_peers,convergence,-0.006343651178454095,25,245
404,10,semiconductor_adjusted_return,economic_subsector_peers,peer_catchup,0.009492585151762835,25,245
404,10,semiconductor_adjusted_return,economic_subsector_peers,initiator_reversal,-0.015836236330216927,25,245
405,1,semiconductor_adjusted_return,economic_subsector_peers,convergence,-0.002504239748168508,165,207
405,1,semiconductor_adjusted_return,economic_subsector_peers,peer_catchup,9.743873047212112e-05,165,207
405,1,semiconductor_adjusted_return,economic_subsector_peers,initiator_reversal,-0.0026016784786406294,165,207
405,3,semiconductor_adjusted_return,economic_subsector_peers,convergence,-0.002053129771750634,99,207
405,3,semiconductor_adjusted_return,economic_subsector_peers,peer_catchup,-0.00017085711270985518,99,207
405,3,semiconductor_adjusted_return,economic_subsector_peers,initiator_reversal,-0.0018822726590407778,99,207
405,5,semiconductor_adjusted_return,economic_subsector_peers,convergence,-0.001240091640791905,63,207
405,5,semiconductor_adjusted_return,economic_subsector_peers,peer_catchup,0.002536224878431315,63,207
405,5,semiconductor_adjusted_return,economic_subsector_peers,initiator_reversal,-0.0037763165192232187,63,207
405,10,semiconductor_adjusted_return,economic_subsector_peers,convergence,-0.010075708092447412,14,207
405,10,semiconductor_adjusted_return,economic_subsector_peers,peer_catchup,-0.0075282438589662996,14,207
405,10,semiconductor_adjusted_return,economic_subsector_peers,initiator_reversal,-0.0025474642334811118,14,207
406,1,semiconductor_adjusted_return,economic_subsector_peers,convergence,-0.00024235590775194008,169,215
406,1,semiconductor_adjusted_return,economic_subsector_peers,peer_catchup,0.0004277863902456129,169,215
406,1,semiconductor_adjusted_return,economic_subsector_peers,initiator_reversal,-0.0006701422979975533,169,215
406,3,semiconductor_adjusted_return,economic_subsector_peers,convergence,0.00047865385413806534,112,215
406,3,semiconductor_adjusted_return,economic_subsector_peers,peer_catchup,0.0021597007129337486,112,215
406,3,semiconductor_adjusted_return,economic_subsector_peers,initiator_reversal,-0.0016810468587956828,112,215
406,5,semiconductor_adjusted_return,economic_subsector_peers,convergence,0.0002500557420460855,74,215
406,5,semiconductor_adjusted_return,economic_subsector_peers,peer_catchup,0.004133726144735476,74,215
406,5,semiconductor_adjusted_return,economic_subsector_peers,initiator_reversal,-0.003883670402689392,74,215
406,10,semiconductor_adjusted_return,economic_subsector_peers,convergence,-0.004483271376129882,22,215
406,10,semiconductor_adjusted_return,economic_subsector_peers,peer_catchup,0.007135416644502923,22,215
406,10,semiconductor_adjusted_return,economic_subsector_peers,initiator_reversal,-0.011618688020632805,22,215
407,1,semiconductor_adjusted_return,economic_subsector_peers,convergence,0.0010945677683744407,163,203
407,1,semiconductor_adjusted_return,economic_subsector_peers,peer_catchup,-0.0007989399993772241,163,203
407,1,semiconductor_adjusted_return,economic_subsector_peers,initiator_reversal,0.0018935077677516648,163,203
407,3,semiconductor_adjusted_return,economic_subsector_peers,convergence,0.0012599023662223994,110,203
407,3,semiconductor_adjusted_return,economic_subsector_peers,peer_catchup,-0.005047497848533506,110,203
407,3,semiconductor_adjusted_return,economic_subsector_peers,initiator_reversal,0.006307400214755905,110,203
407,5,semiconductor_adjusted_return,economic_subsector_peers,convergence,-0.0033122576380421264,78,203
407,5,semiconductor_adjusted_return,economic_subsector_peers,peer_catchup,-0.0046792972514430806,78,203
407,5,semiconductor_adjusted_return,economic_subsector_peers,initiator_reversal,0.0013670396134009527,78,203
407,10,semiconductor_adjusted_return,economic_subsector_peers,convergence,0.0015664753065489563,29,203
407,10,semiconductor_adjusted_return,economic_subsector_peers,peer_catchup,0.00033144324332553936,29,203
407,10,semiconductor_adjusted_return,economic_subsector_peers,initiator_reversal,0.0012350320632234168,29,203
408,1,semiconductor_adjusted_return,economic_subsector_peers,convergence,-0.0004139413876820735,183,219
408,1,semiconductor_adjusted_return,economic_subsector_peers,peer_catchup,-0.00018772666154968294,183,219
408,1,semiconductor_adjusted_return,economic_subsector_peers,initiator_reversal,-0.00022621472613239044,183,219
408,3,semiconductor_adjusted_return,economic_subsector_peers,convergence,0.0023237257385138915,118,219
408,3,semiconductor_adjusted_return,economic_subsector_peers,peer_catchup,-0.0011815423771853783,118,219
408,3,semiconductor_adjusted_return,economic_subsector_peers,initiator_reversal,0.0035052681156992694,118,219
408,5,semiconductor_adjusted_return,economic_subsector_peers,convergence,-0.003904856087211928,76,219
408,5,semiconductor_adjusted_return,economic_subsector_peers,peer_catchup,-0.003566413239683177,76,219
408,5,semiconductor_adjusted_return,economic_subsector_peers,initiator_reversal,-0.00033844284752875274,76,219
408,10,semiconductor_adjusted_return,economic_subsector_peers,convergence,0.002305343267801767,28,219
408,10,semiconductor_adjusted_return,economic_subsector_peers,peer_catchup,-0.005314700802238557,28,219
408,10,semiconductor_adjusted_return,economic_subsector_peers,initiator_reversal,0.0076200440700403245,28,219
409,1,semiconductor_adjusted_return,economic_subsector_peers,convergence,-0.0005192882147302614,171,208
409,1,semiconductor_adjusted_return,economic_subsector_peers,peer_catchup,-0.0002866048595036412,171,208
409,1,semiconductor_adjusted_return,economic_subsector_peers,initiator_reversal,-0.00023268335522662047,171,208
409,3,semiconductor_adjusted_return,economic_subsector_peers,convergence,0.002965534874816011,115,208
409,3,semiconductor_adjusted_return,economic_subsector_peers,peer_catchup,-0.0007049088208574413,115,208
409,3,semiconductor_adjusted_return,economic_subsector_peers,initiator_reversal,0.003670443695673453,115,208
409,5,semiconductor_adjusted_return,economic_subsector_peers,convergence,0.008251079316154914,69,208
409,5,semiconductor_adjusted_return,economic_subsector_peers,peer_catchup,-0.004086120849987336,69,208
409,5,semiconductor_adjusted_return,economic_subsector_peers,initiator_reversal,0.01233720016614225,69,208
409,10,semiconductor_adjusted_return,economic_subsector_peers,convergence,0.006452072513313023,30,208
409,10,semiconductor_adjusted_return,economic_subsector_peers,peer_catchup,-0.006526647790870962,30,208
409,10,semiconductor_adjusted_return,economic_subsector_peers,initiator_reversal,0.012978720304183986,30,208
410,1,semiconductor_adjusted_return,economic_subsector_peers,convergence,-0.0015031296614753937,195,233
410,1,semiconductor_adjusted_return,economic_subsector_peers,peer_catchup,-3.563070679594032e-05,195,233
410,1,semiconductor_adjusted_return,economic_subsector_peers,initiator_reversal,-0.0014674989546794536,195,233
410,3,semiconductor_adjusted_return,economic_subsector_peers,convergence,0.0004889183624484306,150,233
410,3,semiconductor_adjusted_return,economic_subsector_peers,peer_catchup,0.0006533753351075522,150,233
410,3,semiconductor_adjusted_return,economic_subsector_peers,initiator_reversal,-0.0001644569726591218,150,233
410,5,semiconductor_adjusted_return,economic_subsector_peers,convergence,0.0008951992318138357,99,233
410,5,semiconductor_adjusted_return,economic_subsector_peers,peer_catchup,-0.0008678412579916734,99,233
410,5,semiconductor_adjusted_return,economic_subsector_peers,initiator_reversal,0.0017630404898055093,99,233
410,10,semiconductor_adjusted_return,economic_subsector_peers,convergence,-0.007409406984165628,39,233
410,10,semiconductor_adjusted_return,economic_subsector_peers,peer_catchup,0.0018901181417031049,39,233
410,10,semiconductor_adjusted_return,economic_subsector_peers,initiator_reversal,-0.009299525125868735,39,233
411,1,semiconductor_adjusted_return,economic_subsector_peers,convergence,0.00044918350174153994,186,202
411,1,semiconductor_adjusted_return,economic_subsector_peers,peer_catchup,-0.0006183380331865431,186,202
411,1,semiconductor_adjusted_return,economic_subsector_peers,initiator_reversal,0.001067521534928083,186,202
411,3,semiconductor_adjusted_return,economic_subsector_peers,convergence,0.004399884981349588,114,202
411,3,semiconductor_adjusted_return,economic_subsector_peers,peer_catchup,0.0010047616922377854,114,202
411,3,semiconductor_adjusted_return,economic_subsector_peers,initiator_reversal,0.0033951232891118034,114,202
411,5,semiconductor_adjusted_return,economic_subsector_peers,convergence,0.008957251155029069,64,202
411,5,semiconductor_adjusted_return,economic_subsector_peers,peer_catchup,0.0015030206868200926,64,202
411,5,semiconductor_adjusted_return,economic_subsector_peers,initiator_reversal,0.007454230468208978,64,202
411,10,semiconductor_adjusted_return,economic_subsector_peers,convergence,-0.0057836222513908495,28,202
411,10,semiconductor_adjusted_return,economic_subsector_peers,peer_catchup,0.0011410272020003517,28,202
411,10,semiconductor_adjusted_return,economic_subsector_peers,initiator_reversal,-0.006924649453391203,28,202
412,1,semiconductor_adjusted_return,economic_subsector_peers,convergence,-0.0048536785332866554,180,212
412,1,semiconductor_adjusted_return,economic_subsector_peers,peer_catchup,-0.0006275669738667082,180,212
412,1,semiconductor_adjusted_return,economic_subsector_peers,initiator_reversal,-0.004226111559419946,180,212
412,3,semiconductor_adjusted_return,economic_subsector_peers,convergence,-0.003296729227544923,113,212
412,3,semiconductor_adjusted_return,economic_subsector_peers,peer_catchup,-0.000514738364884964,113,212
412,3,semiconductor_adjusted_return,economic_subsector_peers,initiator_reversal,-0.0027819908626599593,113,212
412,5,semiconductor_adjusted_return,economic_subsector_peers,convergence,-0.0067168823254292525,85,212
412,5,semiconductor_adjusted_return,economic_subsector_peers,peer_catchup,-0.003365011978377972,85,212
412,5,semiconductor_adjusted_return,economic_subsector_peers,initiator_reversal,-0.00335187034705128,85,212
412,10,semiconductor_adjusted_return,economic_subsector_peers,convergence,-0.04103053458568978,25,212
412,10,semiconductor_adjusted_return,economic_subsector_peers,peer_catchup,-0.0010428851945723102,25,212
412,10,semiconductor_adjusted_return,economic_subsector_peers,initiator_reversal,-0.03998764939111747,25,212
413,1,semiconductor_adjusted_return,economic_subsector_peers,convergence,0.0014595872600430507,178,226
413,1,semiconductor_adjusted_return,economic_subsector_peers,peer_catchup,-0.00010329293990738996,178,226
413,1,semiconductor_adjusted_return,economic_subsector_peers,initiator_reversal,0.0015628801999504414,178,226
413,3,semiconductor_adjusted_return,economic_subsector_peers,convergence,-0.0027361968864290116,133,226
413,3,semiconductor_adjusted_return,economic_subsector_peers,peer_catchup,-0.0012155466979358325,133,226
413,3,semiconductor_adjusted_return,economic_subsector_peers,initiator_reversal,-0.0015206501884931787,133,226
413,5,semiconductor_adjusted_return,economic_subsector_peers,convergence,-0.003590337588559197,91,226
413,5,semiconductor_adjusted_return,economic_subsector_peers,peer_catchup,0.0006172780710695338,91,226
413,5,semiconductor_adjusted_return,economic_subsector_peers,initiator_reversal,-0.0042076156596287315,91,226
413,10,semiconductor_adjusted_return,economic_subsector_peers,convergence,0.010050464960723947,40,226
413,10,semiconductor_adjusted_return,economic_subsector_peers,peer_catchup,-0.002430948700415301,40,226
413,10,semiconductor_adjusted_return,economic_subsector_peers,initiator_reversal,0.012481413661139246,40,226
414,1,semiconductor_adjusted_return,economic_subsector_peers,convergence,0.000417082887145036,186,228
414,1,semiconductor_adjusted_return,economic_subsector_peers,peer_catchup,0.0004199855796918478,186,228
414,1,semiconductor_adjusted_return,economic_subsector_peers,initiator_reversal,-2.902692546812017e-06,186,228
414,3,semiconductor_adjusted_return,economic_subsector_peers,convergence,0.0034542545886984,131,228
414,3,semiconductor_adjusted_return,economic_subsector_peers,peer_catchup,-0.0008378496154710563,131,228
414,3,semiconductor_adjusted_return,economic_subsector_peers,initiator_reversal,0.004292104204169457,131,228
414,5,semiconductor_adjusted_return,economic_subsector_peers,convergence,0.008668201944911623,85,228
414,5,semiconductor_adjusted_return,economic_subsector_peers,peer_catchup,-0.001974627983624296,85,228
414,5,semiconductor_adjusted_return,economic_subsector_peers,initiator_reversal,0.01064282992853592,85,228
414,10,semiconductor_adjusted_return,economic_subsector_peers,convergence,0.014622803310403071,35,228
414,10,semiconductor_adjusted_return,economic_subsector_peers,peer_catchup,-0.007428002716239839,35,228
414,10,semiconductor_adjusted_return,economic_subsector_peers,initiator_reversal,0.02205080602664291,35,228
415,1,semiconductor_adjusted_return,economic_subsector_peers,convergence,0.0005398781720767786,190,229
415,1,semiconductor_adjusted_return,economic_subsector_peers,peer_catchup,-4.5027249524662815e-05,190,229
415,1,semiconductor_adjusted_return,economic_subsector_peers,initiator_reversal,0.0005849054216014416,190,229
415,3,semiconductor_adjusted_return,economic_subsector_peers,convergence,0.0010688866812840615,136,229
415,3,semiconductor_adjusted_return,economic_subsector_peers,peer_catchup,3.932837474874167e-06,136,229
415,3,semiconductor_adjusted_return,economic_subsector_peers,initiator_reversal,0.0010649538438091868,136,229
415,5,semiconductor_adjusted_return,economic_subsector_peers,convergence,-0.003291080432512469,96,229
415,5,semiconductor_adjusted_return,economic_subsector_peers,peer_catchup,-0.0018934159067978198,96,229
415,5,semiconductor_adjusted_return,economic_subsector_peers,initiator_reversal,-0.0013976645257146487,96,229
415,10,semiconductor_adjusted_return,economic_subsector_peers,convergence,0.011136938931247347,48,229
415,10,semiconductor_adjusted_return,economic_subsector_peers,peer_catchup,0.004660068702808069,48,229
415,10,semiconductor_adjusted_return,economic_subsector_peers,initiator_reversal,0.006476870228439277,48,229
416,1,semiconductor_adjusted_return,economic_subsector_peers,convergence,0.0013475300700811345,164,203
416,1,semiconductor_adjusted_return,economic_subsector_peers,peer_catchup,-0.0010514962836935817,164,203
416,1,semiconductor_adjusted_return,economic_subsector_peers,initiator_reversal,0.002399026353774717,164,203
416,3,semiconductor_adjusted_return,economic_subsector_peers,convergence,0.004062185934270774,111,203
416,3,semiconductor_adjusted_return,economic_subsector_peers,peer_catchup,0.0010852992333252503,111,203
416,3,semiconductor_adjusted_return,economic_subsector_peers,initiator_reversal,0.0029768867009455258,111,203
416,5,semiconductor_adjusted_return,economic_subsector_peers,convergence,0.00424252474799543,75,203
416,5,semiconductor_adjusted_return,economic_subsector_peers,peer_catchup,-0.0001986981147279862,75,203
416,5,semiconductor_adjusted_return,economic_subsector_peers,initiator_reversal,0.004441222862723415,75,203
416,10,semiconductor_adjusted_return,economic_subsector_peers,convergence,0.01017966337108569,29,203
416,10,semiconductor_adjusted_return,economic_subsector_peers,peer_catchup,0.0023428909468288,29,203
416,10,semiconductor_adjusted_return,economic_subsector_peers,initiator_reversal,0.007836772424256892,29,203
417,1,semiconductor_adjusted_return,economic_subsector_peers,convergence,-0.0010436951409510333,171,217
417,1,semiconductor_adjusted_return,economic_subsector_peers,peer_catchup,0.00037759422035479797,171,217
417,1,semiconductor_adjusted_return,economic_subsector_peers,initiator_reversal,-0.001421289361305831,171,217
417,3,semiconductor_adjusted_return,economic_subsector_peers,convergence,-0.0012933389384782589,112,217
417,3,semiconductor_adjusted_return,economic_subsector_peers,peer_catchup,0.002193063986413425,112,217
417,3,semiconductor_adjusted_return,economic_subsector_peers,initiator_reversal,-0.0034864029248916845,112,217
417,5,semiconductor_adjusted_return,economic_subsector_peers,convergence,-0.006734779494951106,72,217
417,5,semiconductor_adjusted_return,economic_subsector_peers,peer_catchup,0.003222177639127849,72,217
417,5,semiconductor_adjusted_return,economic_subsector_peers,initiator_reversal,-0.009956957134078955,72,217
417,10,semiconductor_adjusted_return,economic_subsector_peers,convergence,-0.0014090404720650026,34,217
417,10,semiconductor_adjusted_return,economic_subsector_peers,peer_catchup,0.006778806471205759,34,217
417,10,semiconductor_adjusted_return,economic_subsector_peers,initiator_reversal,-0.008187846943270759,34,217
418,1,semiconductor_adjusted_return,economic_subsector_peers,convergence,0.00014498392412239978,173,202
418,1,semiconductor_adjusted_return,economic_subsector_peers,peer_catchup,0.0015277835334435235,173,202
418,1,semiconductor_adjusted_return,economic_subsector_peers,initiator_reversal,-0.0013827996093211225,173,202
418,3,semiconductor_adjusted_return,economic_subsector_peers,convergence,0.00029257379008947704,102,202
418,3,semiconductor_adjusted_return,economic_subsector_peers,peer_catchup,0.003038863569955816,102,202
418,3,semiconductor_adjusted_return,economic_subsector_peers,initiator_reversal,-0.002746289779866339,102,202
418,5,semiconductor_adjusted_return,economic_subsector_peers,convergence,-0.0036185466995957627,64,202
418,5,semiconductor_adjusted_return,economic_subsector_peers,peer_catchup,0.0018546412652522743,64,202
418,5,semiconductor_adjusted_return,economic_subsector_peers,initiator_reversal,-0.005473187964848036,64,202
418,10,semiconductor_adjusted_return,economic_subsector_peers,convergence,-0.0020272578412022842,25,202
418,10,semiconductor_adjusted_return,economic_subsector_peers,peer_catchup,0.0032086628030773352,25,202
418,10,semiconductor_adjusted_return,economic_subsector_peers,initiator_reversal,-0.005235920644279619,25,202
419,1,semiconductor_adjusted_return,economic_subsector_peers,convergence,2.7605277649534028e-05,180,222
419,1,semiconductor_adjusted_return,economic_subsector_peers,peer_catchup,-0.00012735472052519895,180,222
419,1,semiconductor_adjusted_return,economic_subsector_peers,initiator_reversal,0.00015495999817473287,180,222
419,3,semiconductor_adjusted_return,economic_subsector_peers,convergence,0.003883188849440043,128,222
419,3,semiconductor_adjusted_return,economic_subsector_peers,peer_catchup,-0.0016184751789224414,128,222
419,3,semiconductor_adjusted_return,economic_subsector_peers,initiator_reversal,0.005501664028362485,128,222
419,5,semiconductor_adjusted_return,economic_subsector_peers,convergence,-0.004019787875736024,87,222
419,5,semiconductor_adjusted_return,economic_subsector_peers,peer_catchup,-0.0024807079349248823,87,222
419,5,semiconductor_adjusted_return,economic_subsector_peers,initiator_reversal,-0.0015390799408111406,87,222
419,10,semiconductor_adjusted_return,economic_subsector_peers,convergence,0.011596864794636818,36,222
419,10,semiconductor_adjusted_return,economic_subsector_peers,peer_catchup,-0.004975123519711338,36,222
419,10,semiconductor_adjusted_return,economic_subsector_peers,initiator_reversal,0.016571988314348154,36,222
420,1,semiconductor_adjusted_return,economic_subsector_peers,convergence,-0.0005813866506119494,157,200
420,1,semiconductor_adjusted_return,economic_subsector_peers,peer_catchup,-0.00020382334925172834,157,200
420,1,semiconductor_adjusted_return,economic_subsector_peers,initiator_reversal,-0.000377563301360221,157,200
420,3,semiconductor_adjusted_return,economic_subsector_peers,convergence,-0.0022258458731580625,99,200
420,3,semiconductor_adjusted_return,economic_subsector_peers,peer_catchup,-0.0014445097508792725,99,200
420,3,semiconductor_adjusted_return,economic_subsector_peers,initiator_reversal,-0.0007813361222787909,99,200
420,5,semiconductor_adjusted_return,economic_subsector_peers,convergence,0.003783869384968116,72,200
420,5,semiconductor_adjusted_return,economic_subsector_peers,peer_catchup,-0.0014057291939580864,72,200
420,5,semiconductor_adjusted_return,economic_subsector_peers,initiator_reversal,0.005189598578926204,72,200
420,10,semiconductor_adjusted_return,economic_subsector_peers,convergence,0.008988069934645725,34,200
420,10,semiconductor_adjusted_return,economic_subsector_peers,peer_catchup,0.0004103372288458232,34,200
420,10,semiconductor_adjusted_return,economic_subsector_peers,initiator_reversal,0.008577732705799902,34,200
421,1,semiconductor_adjusted_return,economic_subsector_peers,convergence,0.0006665050919489768,175,210
421,1,semiconductor_adjusted_return,economic_subsector_peers,peer_catchup,0.0004673899953731601,175,210
421,1,semiconductor_adjusted_return,economic_subsector_peers,initiator_reversal,0.00019911509657581704,175,210
421,3,semiconductor_adjusted_return,economic_subsector_peers,convergence,0.0007834928634932554,113,210
421,3,semiconductor_adjusted_return,economic_subsector_peers,peer_catchup,0.0018194828189847302,113,210
421,3,semiconductor_adjusted_return,economic_subsector_peers,initiator_reversal,-0.0010359899554914745,113,210
421,5,semiconductor_adjusted_return,economic_subsector_peers,convergence,-0.0037336204556452013,73,210
421,5,semiconductor_adjusted_return,economic_subsector_peers,peer_catchup,0.003315218376392106,73,210
421,5,semiconductor_adjusted_return,economic_subsector_peers,initiator_reversal,-0.007048838832037307,73,210
421,10,semiconductor_adjusted_return,economic_subsector_peers,convergence,-0.012497578511023863,27,210
421,10,semiconductor_adjusted_return,economic_subsector_peers,peer_catchup,0.0024645342773068016,27,210
421,10,semiconductor_adjusted_return,economic_subsector_peers,initiator_reversal,-0.014962112788330666,27,210
422,1,semiconductor_adjusted_return,economic_subsector_peers,convergence,0.00012228213953935894,170,217
422,1,semiconductor_adjusted_return,economic_subsector_peers,peer_catchup,-0.00018735235854160215,170,217
422,1,semiconductor_adjusted_return,economic_subsector_peers,initiator_reversal,0.0003096344980809615,170,217
422,3,semiconductor_adjusted_return,economic_subsector_peers,convergence,-0.00442512058368231,108,217
422,3,semiconductor_adjusted_return,economic_subsector_peers,peer_catchup,-0.0003413144251971831,108,217
422,3,semiconductor_adjusted_return,economic_subsector_peers,initiator_reversal,-0.0040838061584851275,108,217
422,5,semiconductor_adjusted_return,economic_subsector_peers,convergence,-0.004718878303881953,67,217
422,5,semiconductor_adjusted_return,economic_subsector_peers,peer_catchup,-0.0010574545890326226,67,217
422,5,semiconductor_adjusted_return,economic_subsector_peers,initiator_reversal,-0.003661423714849332,67,217
422,10,semiconductor_adjusted_return,economic_subsector_peers,convergence,-0.009400238858847308,28,217
422,10,semiconductor_adjusted_return,economic_subsector_peers,peer_catchup,-0.0018718654622522767,28,217
422,10,semiconductor_adjusted_return,economic_subsector_peers,initiator_reversal,-0.007528373396595032,28,217
423,1,semiconductor_adjusted_return,economic_subsector_peers,convergence,-0.0007425025554600997,199,246
423,1,semiconductor_adjusted_return,economic_subsector_peers,peer_catchup,0.00015654874233529388,199,246
423,1,semiconductor_adjusted_return,economic_subsector_peers,initiator_reversal,-0.0008990512977953938,199,246
423,3,semiconductor_adjusted_return,economic_subsector_peers,convergence,-0.0024735684515895793,153,246
423,3,semiconductor_adjusted_return,economic_subsector_peers,peer_catchup,0.00018042422586978784,153,246
423,3,semiconductor_adjusted_return,economic_subsector_peers,initiator_reversal,-0.0026539926774593677,153,246
423,5,semiconductor_adjusted_return,economic_subsector_peers,convergence,-0.0004055313110236411,101,246
423,5,semiconductor_adjusted_return,economic_subsector_peers,peer_catchup,-0.001130719087754695,101,246
423,5,semiconductor_adjusted_return,economic_subsector_peers,initiator_reversal,0.0007251877767310535,101,246
423,10,semiconductor_adjusted_return,economic_subsector_peers,convergence,0.004446415974374396,32,246
423,10,semiconductor_adjusted_return,economic_subsector_peers,peer_catchup,-0.003093806547947564,32,246
423,10,semiconductor_adjusted_return,economic_subsector_peers,initiator_reversal,0.00754022252232196,32,246
424,1,semiconductor_adjusted_return,economic_subsector_peers,convergence,0.000382582467694356,160,192
424,1,semiconductor_adjusted_return,economic_subsector_peers,peer_catchup,-0.0006023718579616365,160,192
424,1,semiconductor_adjusted_return,economic_subsector_peers,initiator_reversal,0.0009849543256559925,160,192
424,3,semiconductor_adjusted_return,economic_subsector_peers,convergence,0.002412550993155341,102,192
424,3,semiconductor_adjusted_return,economic_subsector_peers,peer_catchup,-0.00014607363096436654,102,192
424,3,semiconductor_adjusted_return,economic_subsector_peers,initiator_reversal,0.002558624624119708,102,192
424,5,semiconductor_adjusted_return,economic_subsector_peers,convergence,0.0010524298434691265,62,192
424,5,semiconductor_adjusted_return,economic_subsector_peers,peer_catchup,-0.001891990791279369,62,192
424,5,semiconductor_adjusted_return,economic_subsector_peers,initiator_reversal,0.002944420634748495,62,192
424,10,semiconductor_adjusted_return,economic_subsector_peers,convergence,0.010664615776447839,20,192
424,10,semiconductor_adjusted_return,economic_subsector_peers,peer_catchup,-0.003847553856796696,20,192
424,10,semiconductor_adjusted_return,economic_subsector_peers,initiator_reversal,0.014512169633244532,20,192
425,1,semiconductor_adjusted_return,economic_subsector_peers,convergence,-0.000747063118322383,196,231
425,1,semiconductor_adjusted_return,economic_subsector_peers,peer_catchup,-0.0001911543479267525,196,231
425,1,semiconductor_adjusted_return,economic_subsector_peers,initiator_reversal,-0.0005559087703956308,196,231
425,3,semiconductor_adjusted_return,economic_subsector_peers,convergence,-0.005796744205850042,122,231
425,3,semiconductor_adjusted_return,economic_subsector_peers,peer_catchup,-0.0028829456389020823,122,231
425,3,semiconductor_adjusted_return,economic_subsector_peers,initiator_reversal,-0.00291379856694796,122,231
425,5,semiconductor_adjusted_return,economic_subsector_peers,convergence,-0.0015738672214036513,92,231
425,5,semiconductor_adjusted_return,economic_subsector_peers,peer_catchup,-0.0018777528167250484,92,231
425,5,semiconductor_adjusted_return,economic_subsector_peers,initiator_reversal,0.00030388559532139775,92,231
425,10,semiconductor_adjusted_return,economic_subsector_peers,convergence,-0.0028301764112432987,42,231
425,10,semiconductor_adjusted_return,economic_subsector_peers,peer_catchup,-0.0034032968044993275,42,231
425,10,semiconductor_adjusted_return,economic_subsector_peers,initiator_reversal,0.0005731203932560296,42,231
426,1,semiconductor_adjusted_return,economic_subsector_peers,convergence,0.0003112253857437369,186,242
426,1,semiconductor_adjusted_return,economic_subsector_peers,peer_catchup,-0.0001055918073921027,186,242
426,1,semiconductor_adjusted_return,economic_subsector_peers,initiator_reversal,0.0004168171931358402,186,242
426,3,semiconductor_adjusted_return,economic_subsector_peers,convergence,0.0008787499352982979,124,242
426,3,semiconductor_adjusted_return,economic_subsector_peers,peer_catchup,-0.0003058552177242541,124,242
426,3,semiconductor_adjusted_return,economic_subsector_peers,initiator_reversal,0.0011846051530225532,124,242
426,5,semiconductor_adjusted_return,economic_subsector_peers,convergence,0.000699551422657383,89,242
426,5,semiconductor_adjusted_return,economic_subsector_peers,peer_catchup,-0.0015307996057247605,89,242
426,5,semiconductor_adjusted_return,economic_subsector_peers,initiator_reversal,0.0022303510283821436,89,242
426,10,semiconductor_adjusted_return,economic_subsector_peers,convergence,-0.00717053133815192,38,242
426,10,semiconductor_adjusted_return,economic_subsector_peers,peer_catchup,-0.0012093776391876882,38,242
426,10,semiconductor_adjusted_return,economic_subsector_peers,initiator_reversal,-0.0059611536989642305,38,242
427,1,semiconductor_adjusted_return,economic_subsector_peers,convergence,-0.0022883225628247067,205,234
427,1,semiconductor_adjusted_return,economic_subsector_peers,peer_catchup,0.0006956477154380749,205,234
427,1,semiconductor_adjusted_return,economic_subsector_peers,initiator_reversal,-0.0029839702782627816,205,234
427,3,semiconductor_adjusted_return,economic_subsector_peers,convergence,-0.0016627105142404488,147,234
427,3,semiconductor_adjusted_return,economic_subsector_peers,peer_catchup,-0.0010996379672892956,147,234
427,3,semiconductor_adjusted_return,economic_subsector_peers,initiator_reversal,-0.0005630725469511537,147,234
427,5,semiconductor_adjusted_return,economic_subsector_peers,convergence,-0.0007478369819702516,105,234
427,5,semiconductor_adjusted_return,economic_subsector_peers,peer_catchup,0.0007433947961936829,105,234
427,5,semiconductor_adjusted_return,economic_subsector_peers,initiator_reversal,-0.0014912317781639345,105,234
427,10,semiconductor_adjusted_return,economic_subsector_peers,convergence,-0.0010400349604998158,41,234
427,10,semiconductor_adjusted_return,economic_subsector_peers,peer_catchup,0.0037594306379942054,41,234
427,10,semiconductor_adjusted_return,economic_subsector_peers,initiator_reversal,-0.004799465598494022,41,234
428,1,semiconductor_adjusted_return,economic_subsector_peers,convergence,-0.0002875316894722463,161,194
428,1,semiconductor_adjusted_return,economic_subsector_peers,peer_catchup,0.0004832717277014383,161,194
428,1,semiconductor_adjusted_return,economic_subsector_peers,initiator_reversal,-0.0007708034171736846,161,194
428,3,semiconductor_adjusted_return,economic_subsector_peers,convergence,-0.002281676021499449,106,194
428,3,semiconductor_adjusted_return,economic_subsector_peers,peer_catchup,0.0018016306400084445,106,194
428,3,semiconductor_adjusted_return,economic_subsector_peers,initiator_reversal,-0.004083306661507894,106,194
428,5,semiconductor_adjusted_return,economic_subsector_peers,convergence,0.0007247708136613862,69,194
428,5,semiconductor_adjusted_return,economic_subsector_peers,peer_catchup,0.004473425522756145,69,194
428,5,semiconductor_adjusted_return,economic_subsector_peers,initiator_reversal,-0.0037486547090947605,69,194
428,10,semiconductor_adjusted_return,economic_subsector_peers,convergence,-0.010805872813770073,26,194
428,10,semiconductor_adjusted_return,economic_subsector_peers,peer_catchup,0.008900970088825799,26,194
428,10,semiconductor_adjusted_return,economic_subsector_peers,initiator_reversal,-0.019706842902595872,26,194
429,1,semiconductor_adjusted_return,economic_subsector_peers,convergence,0.0002701487651028845,169,198
429,1,semiconductor_adjusted_return,economic_subsector_peers,peer_catchup,0.0006722681316353246,169,198
429,1,semiconductor_adjusted_return,economic_subsector_peers,initiator_reversal,-0.0004021193665324404,169,198
429,3,semiconductor_adjusted_return,economic_subsector_peers,convergence,-0.0007077053156624667,128,198
429,3,semiconductor_adjusted_return,economic_subsector_peers,peer_catchup,0.0014534032895127304,128,198
429,3,semiconductor_adjusted_return,economic_subsector_peers,initiator_reversal,-0.0021611086051751965,128,198
429,5,semiconductor_adjusted_return,economic_subsector_peers,convergence,0.0010828045038600766,92,198
429,5,semiconductor_adjusted_return,economic_subsector_peers,peer_catchup,0.0018951025694522988,92,198
429,5,semiconductor_adjusted_return,economic_subsector_peers,initiator_reversal,-0.0008122980655922218,92,198
429,10,semiconductor_adjusted_return,economic_subsector_peers,convergence,0.009588499309340106,30,198
429,10,semiconductor_adjusted_return,economic_subsector_peers,peer_catchup,0.0009713560969886816,30,198
429,10,semiconductor_adjusted_return,economic_subsector_peers,initiator_reversal,0.008617143212351424,30,198
430,1,semiconductor_adjusted_return,economic_subsector_peers,convergence,0.001565552632553628,167,209
430,1,semiconductor_adjusted_return,economic_subsector_peers,peer_catchup,0.0002192318665062974,167,209
430,1,semiconductor_adjusted_return,economic_subsector_peers,initiator_reversal,0.0013463207660473306,167,209
430,3,semiconductor_adjusted_return,economic_subsector_peers,convergence,-0.0024936874164619,107,209
430,3,semiconductor_adjusted_return,economic_subsector_peers,peer_catchup,-1.415450685448954e-05,107,209
430,3,semiconductor_adjusted_return,economic_subsector_peers,initiator_reversal,-0.002479532909607412,107,209
430,5,semiconductor_adjusted_return,economic_subsector_peers,convergence,-0.002653810795698383,73,209
430,5,semiconductor_adjusted_return,economic_subsector_peers,peer_catchup,0.0012793500883797873,73,209
430,5,semiconductor_adjusted_return,economic_subsector_peers,initiator_reversal,-0.00393316088407817,73,209
430,10,semiconductor_adjusted_return,economic_subsector_peers,convergence,-0.015506304528766996,20,209
430,10,semiconductor_adjusted_return,economic_subsector_peers,peer_catchup,0.004150679934485112,20,209
430,10,semiconductor_adjusted_return,economic_subsector_peers,initiator_reversal,-0.01965698446325211,20,209
431,1,semiconductor_adjusted_return,economic_subsector_peers,convergence,0.0005678895616712566,169,198
431,1,semiconductor_adjusted_return,economic_subsector_peers,peer_catchup,0.00019215418801963726,169,198
431,1,semiconductor_adjusted_return,economic_subsector_peers,initiator_reversal,0.0003757353736516192,169,198
431,3,semiconductor_adjusted_return,economic_subsector_peers,convergence,-0.0012249860611843236,101,198
431,3,semiconductor_adjusted_return,economic_subsector_peers,peer_catchup,-3.4760142329013503e-05,101,198
431,3,semiconductor_adjusted_return,economic_subsector_peers,initiator_reversal,-0.0011902259188553111,101,198
431,5,semiconductor_adjusted_return,economic_subsector_peers,convergence,-0.0035077433047621173,72,198
431,5,semiconductor_adjusted_return,economic_subsector_peers,peer_catchup,0.0009942853734408756,72,198
431,5,semiconductor_adjusted_return,economic_subsector_peers,initiator_reversal,-0.0045020286782029946,72,198
431,10,semiconductor_adjusted_return,economic_subsector_peers,convergence,0.001106411671573947,35,198
431,10,semiconductor_adjusted_return,economic_subsector_peers,peer_catchup,-0.0001687944907235699,35,198
431,10,semiconductor_adjusted_return,economic_subsector_peers,initiator_reversal,0.0012752061622975177,35,198
432,1,semiconductor_adjusted_return,economic_subsector_peers,convergence,-0.00010256612179105392,160,191
432,1,semiconductor_adjusted_return,economic_subsector_peers,peer_catchup,0.0011634549203212434,160,191
432,1,semiconductor_adjusted_return,economic_subsector_peers,initiator_reversal,-0.0012660210421122976,160,191
432,3,semiconductor_adjusted_return,economic_subsector_peers,convergence,-0.003496665250313108,110,191
432,3,semiconductor_adjusted_return,economic_subsector_peers,peer_catchup,0.0011188698510027268,110,191
432,3,semiconductor_adjusted_return,economic_subsector_peers,initiator_reversal,-0.004615535101315832,110,191
432,5,semiconductor_adjusted_return,economic_subsector_peers,convergence,-0.0033278697409052523,79,191
432,5,semiconductor_adjusted_return,economic_subsector_peers,peer_catchup,0.002551120338344007,79,191
432,5,semiconductor_adjusted_return,economic_subsector_peers,initiator_reversal,-0.00587899007924926,79,191
432,10,semiconductor_adjusted_return,economic_subsector_peers,convergence,-1.1899366241967044e-05,30,191
432,10,semiconductor_adjusted_return,economic_subsector_peers,peer_catchup,0.005846142977519481,30,191
432,10,semiconductor_adjusted_return,economic_subsector_peers,initiator_reversal,-0.005858042343761448,30,191
433,1,semiconductor_adjusted_return,economic_subsector_peers,convergence,-0.0006304537509028797,171,218
433,1,semiconductor_adjusted_return,economic_subsector_peers,peer_catchup,-0.00021983666843621198,171,218
433,1,semiconductor_adjusted_return,economic_subsector_peers,initiator_reversal,-0.0004106170824666674,171,218
433,3,semiconductor_adjusted_return,economic_subsector_peers,convergence,-0.0002635843130119051,115,218
433,3,semiconductor_adjusted_return,economic_subsector_peers,peer_catchup,0.0019017827027293255,115,218
433,3,semiconductor_adjusted_return,economic_subsector_peers,initiator_reversal,-0.0021653670157412313,115,218
433,5,semiconductor_adjusted_return,economic_subsector_peers,convergence,-0.0015140548756641269,79,218
433,5,semiconductor_adjusted_return,economic_subsector_peers,peer_catchup,0.0036878660041856906,79,218
433,5,semiconductor_adjusted_return,economic_subsector_peers,initiator_reversal,-0.005201920879849819,79,218
433,10,semiconductor_adjusted_return,economic_subsector_peers,convergence,0.0021009530287494837,32,218
433,10,semiconductor_adjusted_return,economic_subsector_peers,peer_catchup,0.009184091679640382,32,218
433,10,semiconductor_adjusted_return,economic_subsector_peers,initiator_reversal,-0.007083138650890898,32,218
434,1,semiconductor_adjusted_return,economic_subsector_peers,convergence,-0.0020363579856851246,151,195
434,1,semiconductor_adjusted_return,economic_subsector_peers,peer_catchup,0.00011663524816412205,151,195
434,1,semiconductor_adjusted_return,economic_subsector_peers,initiator_reversal,-0.002152993233849247,151,195
434,3,semiconductor_adjusted_return,economic_subsector_peers,convergence,-0.002508057487668469,104,195
434,3,semiconductor_adjusted_return,economic_subsector_peers,peer_catchup,0.0005837397044345641,104,195
434,3,semiconductor_adjusted_return,economic_subsector_peers,initiator_reversal,-0.003091797192103033,104,195
434,5,semiconductor_adjusted_return,economic_subsector_peers,convergence,-0.009803963036548907,70,195
434,5,semiconductor_adjusted_return,economic_subsector_peers,peer_catchup,0.00017803284528990576,70,195
434,5,semiconductor_adjusted_return,economic_subsector_peers,initiator_reversal,-0.009981995881838814,70,195
434,10,semiconductor_adjusted_return,economic_subsector_peers,convergence,-0.006645362858125378,24,195
434,10,semiconductor_adjusted_return,economic_subsector_peers,peer_catchup,0.00501415911984404,24,195
434,10,semiconductor_adjusted_return,economic_subsector_peers,initiator_reversal,-0.011659521977969422,24,195
435,1,semiconductor_adjusted_return,economic_subsector_peers,convergence,-0.0008761256851222646,172,209
435,1,semiconductor_adjusted_return,economic_subsector_peers,peer_catchup,0.000902276775669992,172,209
435,1,semiconductor_adjusted_return,economic_subsector_peers,initiator_reversal,-0.0017784024607922573,172,209
435,3,semiconductor_adjusted_return,economic_subsector_peers,convergence,0.0001592871259584734,127,209
435,3,semiconductor_adjusted_return,economic_subsector_peers,peer_catchup,0.0015863844570107508,127,209
435,3,semiconductor_adjusted_return,economic_subsector_peers,initiator_reversal,-0.0014270973310522778,127,209
435,5,semiconductor_adjusted_return,economic_subsector_peers,convergence,0.001540925021949125,82,209
435,5,semiconductor_adjusted_return,economic_subsector_peers,peer_catchup,0.001077593364953259,82,209
435,5,semiconductor_adjusted_return,economic_subsector_peers,initiator_reversal,0.00046333165699586395,82,209
435,10,semiconductor_adjusted_return,economic_subsector_peers,convergence,-0.0034632893923590598,27,209
435,10,semiconductor_adjusted_return,economic_subsector_peers,peer_catchup,3.9784840978811936e-05,27,209
435,10,semiconductor_adjusted_return,economic_subsector_peers,initiator_reversal,-0.0035030742333378726,27,209
436,1,semiconductor_adjusted_return,economic_subsector_peers,convergence,0.0006504686871639381,200,255
436,1,semiconductor_adjusted_return,economic_subsector_peers,peer_catchup,0.0005599357341238396,200,255
436,1,semiconductor_adjusted_return,economic_subsector_peers,initiator_reversal,9.053295304009834e-05,200,255
436,3,semiconductor_adjusted_return,economic_subsector_peers,convergence,-0.0019030389911984936,140,255
436,3,semiconductor_adjusted_return,economic_subsector_peers,peer_catchup,-0.000473409202284578,140,255
436,3,semiconductor_adjusted_return,economic_subsector_peers,initiator_reversal,-0.0014296297889139164,140,255
436,5,semiconductor_adjusted_return,economic_subsector_peers,convergence,-0.00018594371248109763,95,255
436,5,semiconductor_adjusted_return,economic_subsector_peers,peer_catchup,0.0017323556123542518,95,255
436,5,semiconductor_adjusted_return,economic_subsector_peers,initiator_reversal,-0.0019182993248353494,95,255
436,10,semiconductor_adjusted_return,economic_subsector_peers,convergence,0.005597886834790535,44,255
436,10,semiconductor_adjusted_return,economic_subsector_peers,peer_catchup,0.0025937503395523616,44,255
436,10,semiconductor_adjusted_return,economic_subsector_peers,initiator_reversal,0.003004136495238174,44,255
437,1,semiconductor_adjusted_return,economic_subsector_peers,convergence,-0.0008157772310075635,207,243
437,1,semiconductor_adjusted_return,economic_subsector_peers,peer_catchup,-0.00014787497676712304,207,243
437,1,semiconductor_adjusted_return,economic_subsector_peers,initiator_reversal,-0.0006679022542404407,207,243
437,3,semiconductor_adjusted_return,economic_subsector_peers,convergence,0.0017268779619727785,144,243
437,3,semiconductor_adjusted_return,economic_subsector_peers,peer_catchup,0.001148788490681954,144,243
437,3,semiconductor_adjusted_return,economic_subsector_peers,initiator_reversal,0.0005780894712908247,144,243
437,5,semiconductor_adjusted_return,economic_subsector_peers,convergence,0.0014339182451282174,99,243
437,5,semiconductor_adjusted_return,economic_subsector_peers,peer_catchup,0.003008161823105164,99,243
437,5,semiconductor_adjusted_return,economic_subsector_peers,initiator_reversal,-0.001574243577976945,99,243
437,10,semiconductor_adjusted_return,economic_subsector_peers,convergence,0.006998234889617575,40,243
437,10,semiconductor_adjusted_return,economic_subsector_peers,peer_catchup,0.008509078845772369,40,243
437,10,semiconductor_adjusted_return,economic_subsector_peers,initiator_reversal,-0.0015108439561547949,40,243
438,1,semiconductor_adjusted_return,economic_subsector_peers,convergence,-0.001141190252905813,192,235
438,1,semiconductor_adjusted_return,economic_subsector_peers,peer_catchup,-0.0009374313317084415,192,235
438,1,semiconductor_adjusted_return,economic_subsector_peers,initiator_reversal,-0.00020375892119737173,192,235
438,3,semiconductor_adjusted_return,economic_subsector_peers,convergence,0.00029178541887676853,133,235
438,3,semiconductor_adjusted_return,economic_subsector_peers,peer_catchup,-0.0010995680327114431,133,235
438,3,semiconductor_adjusted_return,economic_subsector_peers,initiator_reversal,0.0013913534515882114,133,235
438,5,semiconductor_adjusted_return,economic_subsector_peers,convergence,0.002147908646087292,92,235
438,5,semiconductor_adjusted_return,economic_subsector_peers,peer_catchup,0.000978992030922058,92,235
438,5,semiconductor_adjusted_return,economic_subsector_peers,initiator_reversal,0.0011689166151652342,92,235
438,10,semiconductor_adjusted_return,economic_subsector_peers,convergence,0.013010129898472231,27,235
438,10,semiconductor_adjusted_return,economic_subsector_peers,peer_catchup,0.0049105593894790125,27,235
438,10,semiconductor_adjusted_return,economic_subsector_peers,initiator_reversal,0.008099570508993216,27,235
439,1,semiconductor_adjusted_return,economic_subsector_peers,convergence,-0.00043045750805939645,208,237
439,1,semiconductor_adjusted_return,economic_subsector_peers,peer_catchup,0.0010606523651000943,208,237
439,1,semiconductor_adjusted_return,economic_subsector_peers,initiator_reversal,-0.001491109873159491,208,237
439,3,semiconductor_adjusted_return,economic_subsector_peers,convergence,-0.0011422014879361212,136,237
439,3,semiconductor_adjusted_return,economic_subsector_peers,peer_catchup,0.0005733076957632285,136,237
439,3,semiconductor_adjusted_return,economic_subsector_peers,initiator_reversal,-0.00171550918369935,136,237
439,5,semiconductor_adjusted_return,economic_subsector_peers,convergence,-0.0035273985438448955,83,237
439,5,semiconductor_adjusted_return,economic_subsector_peers,peer_catchup,0.0010774492636518175,83,237
439,5,semiconductor_adjusted_return,economic_subsector_peers,initiator_reversal,-0.004604847807496714,83,237
439,10,semiconductor_adjusted_return,economic_subsector_peers,convergence,-0.003795573589619795,38,237
439,10,semiconductor_adjusted_return,economic_subsector_peers,peer_catchup,0.0007574699746949341,38,237
439,10,semiconductor_adjusted_return,economic_subsector_peers,initiator_reversal,-0.004553043564314729,38,237
440,1,semiconductor_adjusted_return,economic_subsector_peers,convergence,-1.1092765161722538e-05,183,219
440,1,semiconductor_adjusted_return,economic_subsector_peers,peer_catchup,-2.3811832396635174e-05,183,219
440,1,semiconductor_adjusted_return,economic_subsector_peers,initiator_reversal,1.2719067234912522e-05,183,219
440,3,semiconductor_adjusted_return,economic_subsector_peers,convergence,0.0054991133147884765,130,219
440,3,semiconductor_adjusted_return,economic_subsector_peers,peer_catchup,-0.000287670012721313,130,219
440,3,semiconductor_adjusted_return,economic_subsector_peers,initiator_reversal,0.005786783327509789,130,219
440,5,semiconductor_adjusted_return,economic_subsector_peers,convergence,-0.00022984946703424696,100,219
440,5,semiconductor_adjusted_return,economic_subsector_peers,peer_catchup,-0.003933479481079489,100,219
440,5,semiconductor_adjusted_return,economic_subsector_peers,initiator_reversal,0.003703630014045243,100,219
440,10,semiconductor_adjusted_return,economic_subsector_peers,convergence,-0.014712716159754086,40,219
440,10,semiconductor_adjusted_return,economic_subsector_peers,peer_catchup,-0.003327610569781269,40,219
440,10,semiconductor_adjusted_return,economic_subsector_peers,initiator_reversal,-0.011385105589972815,40,219
441,1,semiconductor_adjusted_return,economic_subsector_peers,convergence,-0.0004965243362270604,184,221
441,1,semiconductor_adjusted_return,economic_subsector_peers,peer_catchup,0.0003694742537092527,184,221
441,1,semiconductor_adjusted_return,economic_subsector_peers,initiator_reversal,-0.000865998589936313,184,221
441,3,semiconductor_adjusted_return,economic_subsector_peers,convergence,0.0016271064151981997,134,221
441,3,semiconductor_adjusted_return,economic_subsector_peers,peer_catchup,0.0032630249567177326,134,221
441,3,semiconductor_adjusted_return,economic_subsector_peers,initiator_reversal,-0.0016359185415195327,134,221
441,5,semiconductor_adjusted_return,economic_subsector_peers,convergence,0.002280685852677168,91,221
441,5,semiconductor_adjusted_return,economic_subsector_peers,peer_catchup,0.001168446052581689,91,221
441,5,semiconductor_adjusted_return,economic_subsector_peers,initiator_reversal,0.0011122398000954783,91,221
441,10,semiconductor_adjusted_return,economic_subsector_peers,convergence,-0.00016845011221615222,33,221
441,10,semiconductor_adjusted_return,economic_subsector_peers,peer_catchup,0.007524060912223563,33,221
441,10,semiconductor_adjusted_return,economic_subsector_peers,initiator_reversal,-0.007692511024439718,33,221
442,1,semiconductor_adjusted_return,economic_subsector_peers,convergence,0.0008785919497423535,178,217
442,1,semiconductor_adjusted_return,economic_subsector_peers,peer_catchup,0.0003916679616692705,178,217
442,1,semiconductor_adjusted_return,economic_subsector_peers,initiator_reversal,0.00048692398807308255,178,217
442,3,semiconductor_adjusted_return,economic_subsector_peers,convergence,0.002365043102286212,110,217
442,3,semiconductor_adjusted_return,economic_subsector_peers,peer_catchup,0.0008529695090428854,110,217
442,3,semiconductor_adjusted_return,economic_subsector_peers,initiator_reversal,0.001512073593243327,110,217
442,5,semiconductor_adjusted_return,economic_subsector_peers,convergence,-0.0021325459298801946,70,217
442,5,semiconductor_adjusted_return,economic_subsector_peers,peer_catchup,0.002375961297872188,70,217
442,5,semiconductor_adjusted_return,economic_subsector_peers,initiator_reversal,-0.004508507227752383,70,217
442,10,semiconductor_adjusted_return,economic_subsector_peers,convergence,-0.0010250659047377052,34,217
442,10,semiconductor_adjusted_return,economic_subsector_peers,peer_catchup,0.009176414728351318,34,217
442,10,semiconductor_adjusted_return,economic_subsector_peers,initiator_reversal,-0.010201480633089023,34,217
443,1,semiconductor_adjusted_return,economic_subsector_peers,convergence,0.00017373717626349605,194,227
443,1,semiconductor_adjusted_return,economic_subsector_peers,peer_catchup,0.000355384276419724,194,227
443,1,semiconductor_adjusted_return,economic_subsector_peers,initiator_reversal,-0.00018164710015622801,194,227
443,3,semiconductor_adjusted_return,economic_subsector_peers,convergence,0.0030098123490113968,142,227
443,3,semiconductor_adjusted_return,economic_subsector_peers,peer_catchup,-0.0017416677677995287,142,227
443,3,semiconductor_adjusted_return,economic_subsector_peers,initiator_reversal,0.004751480116810924,142,227
443,5,semiconductor_adjusted_return,economic_subsector_peers,convergence,0.0006376249464246753,90,227
443,5,semiconductor_adjusted_return,economic_subsector_peers,peer_catchup,-0.0019615442344663348,90,227
443,5,semiconductor_adjusted_return,economic_subsector_peers,initiator_reversal,0.00259916918089101,90,227
443,10,semiconductor_adjusted_return,economic_subsector_peers,convergence,0.00902872184803501,28,227
443,10,semiconductor_adjusted_return,economic_subsector_peers,peer_catchup,0.0018068434795422935,28,227
443,10,semiconductor_adjusted_return,economic_subsector_peers,initiator_reversal,0.007221878368492719,28,227
444,1,semiconductor_adjusted_return,economic_subsector_peers,convergence,-0.0003822341783471653,152,180
444,1,semiconductor_adjusted_return,economic_subsector_peers,peer_catchup,-0.0011350944351748223,152,180
444,1,semiconductor_adjusted_return,economic_subsector_peers,initiator_reversal,0.0007528602568276569,152,180
444,3,semiconductor_adjusted_return,economic_subsector_peers,convergence,-6.513501446829182e-05,94,180
444,3,semiconductor_adjusted_return,economic_subsector_peers,peer_catchup,-0.0019175991225051036,94,180
444,3,semiconductor_adjusted_return,economic_subsector_peers,initiator_reversal,0.0018524641080368115,94,180
444,5,semiconductor_adjusted_return,economic_subsector_peers,convergence,-0.0016024777171386978,67,180
444,5,semiconductor_adjusted_return,economic_subsector_peers,peer_catchup,-0.0037949751423564256,67,180
444,5,semiconductor_adjusted_return,economic_subsector_peers,initiator_reversal,0.00219249742521773,67,180
444,10,semiconductor_adjusted_return,economic_subsector_peers,convergence,-0.02835052000082352,22,180
444,10,semiconductor_adjusted_return,economic_subsector_peers,peer_catchup,-0.007978432340176615,22,180
444,10,semiconductor_adjusted_return,economic_subsector_peers,initiator_reversal,-0.0203720876606469,22,180
445,1,semiconductor_adjusted_return,economic_subsector_peers,convergence,0.0011267875603949422,187,219
445,1,semiconductor_adjusted_return,economic_subsector_peers,peer_catchup,-0.00010381449066998775,187,219
445,1,semiconductor_adjusted_return,economic_subsector_peers,initiator_reversal,0.0012306020510649295,187,219
445,3,semiconductor_adjusted_return,economic_subsector_peers,convergence,-0.001813910492698654,121,219
445,3,semiconductor_adjusted_return,economic_subsector_peers,peer_catchup,0.0006083464757993149,121,219
445,3,semiconductor_adjusted_return,economic_subsector_peers,initiator_reversal,-0.002422256968497968,121,219
445,5,semiconductor_adjusted_return,economic_subsector_peers,convergence,-0.0048025060956430115,85,219
445,5,semiconductor_adjusted_return,economic_subsector_peers,peer_catchup,-9.786109733305121e-05,85,219
445,5,semiconductor_adjusted_return,economic_subsector_peers,initiator_reversal,-0.004704644998309959,85,219
445,10,semiconductor_adjusted_return,economic_subsector_peers,convergence,0.0003265263503171616,33,219
445,10,semiconductor_adjusted_return,economic_subsector_peers,peer_catchup,0.0019046269062523342,33,219
445,10,semiconductor_adjusted_return,economic_subsector_peers,initiator_reversal,-0.0015781005559351742,33,219
446,1,semiconductor_adjusted_return,economic_subsector_peers,convergence,9.685150143568177e-05,182,207
446,1,semiconductor_adjusted_return,economic_subsector_peers,peer_catchup,-0.0003979401240394011,182,207
446,1,semiconductor_adjusted_return,economic_subsector_peers,initiator_reversal,0.0004947916254750823,182,207
446,3,semiconductor_adjusted_return,economic_subsector_peers,convergence,-0.0015879601347372012,120,207
446,3,semiconductor_adjusted_return,economic_subsector_peers,peer_catchup,-0.0034814581022180003,120,207
446,3,semiconductor_adjusted_return,economic_subsector_peers,initiator_reversal,0.0018934979674807987,120,207
446,5,semiconductor_adjusted_return,economic_subsector_peers,convergence,-0.003319959172490068,79,207
446,5,semiconductor_adjusted_return,economic_subsector_peers,peer_catchup,-0.0020646356449509273,79,207
446,5,semiconductor_adjusted_return,economic_subsector_peers,initiator_reversal,-0.0012553235275391415,79,207
446,10,semiconductor_adjusted_return,economic_subsector_peers,convergence,0.01114061925945032,16,207
446,10,semiconductor_adjusted_return,economic_subsector_peers,peer_catchup,-0.007446639046257735,16,207
446,10,semiconductor_adjusted_return,economic_subsector_peers,initiator_reversal,0.018587258305708055,16,207
447,1,semiconductor_adjusted_return,economic_subsector_peers,convergence,0.0011548833927996335,158,192
447,1,semiconductor_adjusted_return,economic_subsector_peers,peer_catchup,0.0013137081389934147,158,192
447,1,semiconductor_adjusted_return,economic_subsector_peers,initiator_reversal,-0.00015882474619378039,158,192
447,3,semiconductor_adjusted_return,economic_subsector_peers,convergence,-0.0017815716780302882,108,192
447,3,semiconductor_adjusted_return,economic_subsector_peers,peer_catchup,0.0011393747940806702,108,192
447,3,semiconductor_adjusted_return,economic_subsector_peers,initiator_reversal,-0.0029209464721109586,108,192
447,5,semiconductor_adjusted_return,economic_subsector_peers,convergence,-0.00332723253202686,77,192
447,5,semiconductor_adjusted_return,economic_subsector_peers,peer_catchup,0.001216154085527045,77,192
447,5,semiconductor_adjusted_return,economic_subsector_peers,initiator_reversal,-0.004543386617553905,77,192
447,10,semiconductor_adjusted_return,economic_subsector_peers,convergence,-0.004852146326641112,31,192
447,10,semiconductor_adjusted_return,economic_subsector_peers,peer_catchup,0.0066627692473603065,31,192
447,10,semiconductor_adjusted_return,economic_subsector_peers,initiator_reversal,-0.011514915574001415,31,192
448,1,semiconductor_adjusted_return,economic_subsector_peers,convergence,-0.0021040303992506085,168,208
448,1,semiconductor_adjusted_return,economic_subsector_peers,peer_catchup,-0.0007864013601226883,168,208
448,1,semiconductor_adjusted_return,economic_subsector_peers,initiator_reversal,-0.0013176290391279197,168,208
448,3,semiconductor_adjusted_return,economic_subsector_peers,convergence,-0.0014267451135336446,122,208
448,3,semiconductor_adjusted_return,economic_subsector_peers,peer_catchup,-0.00020951347666541107,122,208
448,3,semiconductor_adjusted_return,economic_subsector_peers,initiator_reversal,-0.0012172316368682333,122,208
448,5,semiconductor_adjusted_return,economic_subsector_peers,convergence,-0.0034680061978539295,81,208
448,5,semiconductor_adjusted_return,economic_subsector_peers,peer_catchup,0.0014988668086857984,81,208
448,5,semiconductor_adjusted_return,economic_subsector_peers,initiator_reversal,-0.004966873006539727,81,208
448,10,semiconductor_adjusted_return,economic_subsector_peers,convergence,-0.016592886240554213,39,208
448,10,semiconductor_adjusted_return,economic_subsector_peers,peer_catchup,-0.003946496359764843,39,208
448,10,semiconductor_adjusted_return,economic_subsector_peers,initiator_reversal,-0.012646389880789364,39,208
449,1,semiconductor_adjusted_return,economic_subsector_peers,convergence,0.0006176877251055765,198,223
449,1,semiconductor_adjusted_return,economic_subsector_peers,peer_catchup,5.212835694591234e-05,198,223
449,1,semiconductor_adjusted_return,economic_subsector_peers,initiator_reversal,0.0005655593681596642,198,223
449,3,semiconductor_adjusted_return,economic_subsector_peers,convergence,-0.001999862777800793,142,223
449,3,semiconductor_adjusted_return,economic_subsector_peers,peer_catchup,0.0003973971163242137,142,223
449,3,semiconductor_adjusted_return,economic_subsector_peers,initiator_reversal,-0.0023972598941250063,142,223
449,5,semiconductor_adjusted_return,economic_subsector_peers,convergence,-0.0015127923178645743,99,223
449,5,semiconductor_adjusted_return,economic_subsector_peers,peer_catchup,0.0011121957748552163,99,223
449,5,semiconductor_adjusted_return,economic_subsector_peers,initiator_reversal,-0.0026249880927197906,99,223
449,10,semiconductor_adjusted_return,economic_subsector_peers,convergence,-0.009332484293118152,50,223
449,10,semiconductor_adjusted_return,economic_subsector_peers,peer_catchup,-0.002198222130801652,50,223
449,10,semiconductor_adjusted_return,economic_subsector_peers,initiator_reversal,-0.007134262162316499,50,223
450,1,semiconductor_adjusted_return,economic_subsector_peers,convergence,-0.00019692794550032913,188,220
450,1,semiconductor_adjusted_return,economic_subsector_peers,peer_catchup,0.0004456853851711488,188,220
450,1,semiconductor_adjusted_return,economic_subsector_peers,initiator_reversal,-0.0006426133306714787,188,220
450,3,semiconductor_adjusted_return,economic_subsector_peers,convergence,0.004505929199290369,134,220
450,3,semiconductor_adjusted_return,economic_subsector_peers,peer_catchup,0.0014116959146652371,134,220
450,3,semiconductor_adjusted_return,economic_subsector_peers,initiator_reversal,0.003094233284625132,134,220
450,5,semiconductor_adjusted_return,economic_subsector_peers,convergence,0.008672901690928199,97,220
450,5,semiconductor_adjusted_return,economic_subsector_peers,peer_catchup,0.0018724147997405387,97,220
450,5,semiconductor_adjusted_return,economic_subsector_peers,initiator_reversal,0.006800486891187658,97,220
450,10,semiconductor_adjusted_return,economic_subsector_peers,convergence,0.0067458591069003305,37,220
450,10,semiconductor_adjusted_return,economic_subsector_peers,peer_catchup,0.003132330340137931,37,220
450,10,semiconductor_adjusted_return,economic_subsector_peers,initiator_reversal,0.003613528766762399,37,220
451,1,semiconductor_adjusted_return,economic_subsector_peers,convergence,-0.0005113289534923561,180,227
451,1,semiconductor_adjusted_return,economic_subsector_peers,peer_catchup,-0.00033252358178800545,180,227
451,1,semiconductor_adjusted_return,economic_subsector_peers,initiator_reversal,-0.00017880537170435057,180,227
451,3,semiconductor_adjusted_return,economic_subsector_peers,convergence,-0.0007493322462624298,128,227
451,3,semiconductor_adjusted_return,economic_subsector_peers,peer_catchup,-0.002334998377025858,128,227
451,3,semiconductor_adjusted_return,economic_subsector_peers,initiator_reversal,0.0015856661307634278,128,227
451,5,semiconductor_adjusted_return,economic_subsector_peers,convergence,-9.017013941259502e-05,91,227
451,5,semiconductor_adjusted_return,economic_subsector_peers,peer_catchup,-0.0004890003239133616,91,227
451,5,semiconductor_adjusted_return,economic_subsector_peers,initiator_reversal,0.0003988301845007667,91,227
451,10,semiconductor_adjusted_return,economic_subsector_peers,convergence,-0.0013271105926736723,35,227
451,10,semiconductor_adjusted_return,economic_subsector_peers,peer_catchup,0.000564515853283724,35,227
451,10,semiconductor_adjusted_return,economic_subsector_peers,initiator_reversal,-0.0018916264459573962,35,227
452,1,semiconductor_adjusted_return,economic_subsector_peers,convergence,0.00020839553524327914,194,243
452,1,semiconductor_adjusted_return,economic_subsector_peers,peer_catchup,-0.00020669304608382155,194,243
452,1,semiconductor_adjusted_return,economic_subsector_peers,initiator_reversal,0.0004150885813271005,194,243
452,3,semiconductor_adjusted_return,economic_subsector_peers,convergence,0.0010692486543020093,129,243
452,3,semiconductor_adjusted_return,economic_subsector_peers,peer_catchup,0.0013044170676422759,129,243
452,3,semiconductor_adjusted_return,economic_subsector_peers,initiator_reversal,-0.0002351684133402668,129,243
452,5,semiconductor_adjusted_return,economic_subsector_peers,convergence,0.00400913700688578,89,243
452,5,semiconductor_adjusted_return,economic_subsector_peers,peer_catchup,0.001092331668105013,89,243
452,5,semiconductor_adjusted_return,economic_subsector_peers,initiator_reversal,0.0029168053387807675,89,243
452,10,semiconductor_adjusted_return,economic_subsector_peers,convergence,0.01185971592548627,36,243
452,10,semiconductor_adjusted_return,economic_subsector_peers,peer_catchup,0.0033618756081195307,36,243
452,10,semiconductor_adjusted_return,economic_subsector_peers,initiator_reversal,0.008497840317366742,36,243
453,1,semiconductor_adjusted_return,economic_subsector_peers,convergence,0.001681861784831351,162,204
453,1,semiconductor_adjusted_return,economic_subsector_peers,peer_catchup,0.0009794697354287415,162,204
453,1,semiconductor_adjusted_return,economic_subsector_peers,initiator_reversal,0.0007023920494026096,162,204
453,3,semiconductor_adjusted_return,economic_subsector_peers,convergence,0.001204462472043037,106,204
453,3,semiconductor_adjusted_return,economic_subsector_peers,peer_catchup,0.0010155243486817216,106,204
453,3,semiconductor_adjusted_return,economic_subsector_peers,initiator_reversal,0.00018893812336131578,106,204
453,5,semiconductor_adjusted_return,economic_subsector_peers,convergence,0.00401486055269407,75,204
453,5,semiconductor_adjusted_return,economic_subsector_peers,peer_catchup,0.0021110279146906077,75,204
453,5,semiconductor_adjusted_return,economic_subsector_peers,initiator_reversal,0.0019038326380034628,75,204
453,10,semiconductor_adjusted_return,economic_subsector_peers,convergence,0.0067644975108111455,30,204
453,10,semiconductor_adjusted_return,economic_subsector_peers,peer_catchup,0.0025016256911424522,30,204
453,10,semiconductor_adjusted_return,economic_subsector_peers,initiator_reversal,0.004262871819668691,30,204
454,1,semiconductor_adjusted_return,economic_subsector_peers,convergence,0.0005717795643264521,178,217
454,1,semiconductor_adjusted_return,economic_subsector_peers,peer_catchup,3.4846237689622404e-05,178,217
454,1,semiconductor_adjusted_return,economic_subsector_peers,initiator_reversal,0.0005369333266368302,178,217
454,3,semiconductor_adjusted_return,economic_subsector_peers,convergence,0.0008898234183565508,113,217
454,3,semiconductor_adjusted_return,economic_subsector_peers,peer_catchup,-0.0012824185766841859,113,217
454,3,semiconductor_adjusted_return,economic_subsector_peers,initiator_reversal,0.002172241995040736,113,217
454,5,semiconductor_adjusted_return,economic_subsector_peers,convergence,-0.0006805531140790653,71,217
454,5,semiconductor_adjusted_return,economic_subsector_peers,peer_catchup,0.0006013680979890361,71,217
454,5,semiconductor_adjusted_return,economic_subsector_peers,initiator_reversal,-0.001281921212068101,71,217
454,10,semiconductor_adjusted_return,economic_subsector_peers,convergence,0.009182732811168192,30,217
454,10,semiconductor_adjusted_return,economic_subsector_peers,peer_catchup,0.003410814416144232,30,217
454,10,semiconductor_adjusted_return,economic_subsector_peers,initiator_reversal,0.005771918395023959,30,217
455,1,semiconductor_adjusted_return,economic_subsector_peers,convergence,-0.000986714889578192,172,220
455,1,semiconductor_adjusted_return,economic_subsector_peers,peer_catchup,0.00040818823634798115,172,220
455,1,semiconductor_adjusted_return,economic_subsector_peers,initiator_reversal,-0.0013949031259261732,172,220
455,3,semiconductor_adjusted_return,economic_subsector_peers,convergence,0.0004936092199221477,94,220
455,3,semiconductor_adjusted_return,economic_subsector_peers,peer_catchup,0.0029633657042796658,94,220
455,3,semiconductor_adjusted_return,economic_subsector_peers,initiator_reversal,-0.002469756484357518,94,220
455,5,semiconductor_adjusted_return,economic_subsector_peers,convergence,0.0005759873455033397,74,220
455,5,semiconductor_adjusted_return,economic_subsector_peers,peer_catchup,0.003989732178685773,74,220
455,5,semiconductor_adjusted_return,economic_subsector_peers,initiator_reversal,-0.003413744833182434,74,220
455,10,semiconductor_adjusted_return,economic_subsector_peers,convergence,-0.006551060805657932,28,220
455,10,semiconductor_adjusted_return,economic_subsector_peers,peer_catchup,0.001273825337868945,28,220
455,10,semiconductor_adjusted_return,economic_subsector_peers,initiator_reversal,-0.007824886143526876,28,220
456,1,semiconductor_adjusted_return,economic_subsector_peers,convergence,-0.0006697668736212853,162,204
456,1,semiconductor_adjusted_return,economic_subsector_peers,peer_catchup,0.0008553532505880596,162,204
456,1,semiconductor_adjusted_return,economic_subsector_peers,initiator_reversal,-0.001525120124209345,162,204
456,3,semiconductor_adjusted_return,economic_subsector_peers,convergence,-0.0028922080382732763,123,204
456,3,semiconductor_adjusted_return,economic_subsector_peers,peer_catchup,0.00025918045798034887,123,204
456,3,semiconductor_adjusted_return,economic_subsector_peers,initiator_reversal,-0.0031513884962536248,123,204
456,5,semiconductor_adjusted_return,economic_subsector_peers,convergence,-0.000744235160046823,91,204
456,5,semiconductor_adjusted_return,economic_subsector_peers,peer_catchup,0.0005483479504747295,91,204
456,5,semiconductor_adjusted_return,economic_subsector_peers,initiator_reversal,-0.0012925831105215515,91,204
456,10,semiconductor_adjusted_return,economic_subsector_peers,convergence,-0.006119711890693052,40,204
456,10,semiconductor_adjusted_return,economic_subsector_peers,peer_catchup,-0.0003003415206949852,40,204
456,10,semiconductor_adjusted_return,economic_subsector_peers,initiator_reversal,-0.005819370369998064,40,204
457,1,semiconductor_adjusted_return,economic_subsector_peers,convergence,0.0005601372317714192,183,223
457,1,semiconductor_adjusted_return,economic_subsector_peers,peer_catchup,0.0010200499247590789,183,223
457,1,semiconductor_adjusted_return,economic_subsector_peers,initiator_reversal,-0.0004599126929876596,183,223
457,3,semiconductor_adjusted_return,economic_subsector_peers,convergence,-0.00398153059174782,123,223
457,3,semiconductor_adjusted_return,economic_subsector_peers,peer_catchup,0.0010370649956834787,123,223
457,3,semiconductor_adjusted_return,economic_subsector_peers,initiator_reversal,-0.005018595587431299,123,223
457,5,semiconductor_adjusted_return,economic_subsector_peers,convergence,0.000946860317084904,84,223
457,5,semiconductor_adjusted_return,economic_subsector_peers,peer_catchup,0.004469638448168168,84,223
457,5,semiconductor_adjusted_return,economic_subsector_peers,initiator_reversal,-0.003522778131083262,84,223
457,10,semiconductor_adjusted_return,economic_subsector_peers,convergence,0.0018854328383820073,31,223
457,10,semiconductor_adjusted_return,economic_subsector_peers,peer_catchup,0.010850720594886107,31,223
457,10,semiconductor_adjusted_return,economic_subsector_peers,initiator_reversal,-0.008965287756504094,31,223
458,1,semiconductor_adjusted_return,economic_subsector_peers,convergence,0.001566271378119946,175,213
458,1,semiconductor_adjusted_return,economic_subsector_peers,peer_catchup,-0.00015987603943899738,175,213
458,1,semiconductor_adjusted_return,economic_subsector_peers,initiator_reversal,0.0017261474175589437,175,213
458,3,semiconductor_adjusted_return,economic_subsector_peers,convergence,-0.0005368096352709825,118,213
458,3,semiconductor_adjusted_return,economic_subsector_peers,peer_catchup,-0.0011711917639463413,118,213
458,3,semiconductor_adjusted_return,economic_subsector_peers,initiator_reversal,0.0006343821286753587,118,213
458,5,semiconductor_adjusted_return,economic_subsector_peers,convergence,0.0031567767786390756,72,213
458,5,semiconductor_adjusted_return,economic_subsector_peers,peer_catchup,-0.003927160067435649,72,213
458,5,semiconductor_adjusted_return,economic_subsector_peers,initiator_reversal,0.007083936846074723,72,213
458,10,semiconductor_adjusted_return,economic_subsector_peers,convergence,-0.0037532891937006522,27,213
458,10,semiconductor_adjusted_return,economic_subsector_peers,peer_catchup,-0.00621587580420538,27,213
458,10,semiconductor_adjusted_return,economic_subsector_peers,initiator_reversal,0.0024625866105047246,27,213
459,1,semiconductor_adjusted_return,economic_subsector_peers,convergence,-0.001890810682398657,168,214
459,1,semiconductor_adjusted_return,economic_subsector_peers,peer_catchup,-5.4748401446159143e-05,168,214
459,1,semiconductor_adjusted_return,economic_subsector_peers,initiator_reversal,-0.001836062280952498,168,214
459,3,semiconductor_adjusted_return,economic_subsector_peers,convergence,0.0028948174064450834,119,214
459,3,semiconductor_adjusted_return,economic_subsector_peers,peer_catchup,-0.0008292086110172097,119,214
459,3,semiconductor_adjusted_return,economic_subsector_peers,initiator_reversal,0.003724026017462294,119,214
459,5,semiconductor_adjusted_return,economic_subsector_peers,convergence,-0.0011977186994975898,81,214
459,5,semiconductor_adjusted_return,economic_subsector_peers,peer_catchup,-0.0003299552966506039,81,214
459,5,semiconductor_adjusted_return,economic_subsector_peers,initiator_reversal,-0.0008677634028469865,81,214
459,10,semiconductor_adjusted_return,economic_subsector_peers,convergence,-0.004448199961458591,48,214
459,10,semiconductor_adjusted_return,economic_subsector_peers,peer_catchup,-0.0021252420784543292,48,214
459,10,semiconductor_adjusted_return,economic_subsector_peers,initiator_reversal,-0.0023229578830042618,48,214
460,1,semiconductor_adjusted_return,economic_subsector_peers,convergence,-0.0006361362632973544,173,207
460,1,semiconductor_adjusted_return,economic_subsector_peers,peer_catchup,0.0009415902295961285,173,207
460,1,semiconductor_adjusted_return,economic_subsector_peers,initiator_reversal,-0.0015777264928934832,173,207
460,3,semiconductor_adjusted_return,economic_subsector_peers,convergence,-0.00304976023306248,115,207
460,3,semiconductor_adjusted_return,economic_subsector_peers,peer_catchup,0.0011348900326293633,115,207
460,3,semiconductor_adjusted_return,economic_subsector_peers,initiator_reversal,-0.004184650265691844,115,207
460,5,semiconductor_adjusted_return,economic_subsector_peers,convergence,-0.007754018150542096,72,207
460,5,semiconductor_adjusted_return,economic_subsector_peers,peer_catchup,-0.0009620514530849195,72,207
460,5,semiconductor_adjusted_return,economic_subsector_peers,initiator_reversal,-0.006791966697457176,72,207
460,10,semiconductor_adjusted_return,economic_subsector_peers,convergence,-0.00423846982714669,29,207
460,10,semiconductor_adjusted_return,economic_subsector_peers,peer_catchup,0.005546796184296144,29,207
460,10,semiconductor_adjusted_return,economic_subsector_peers,initiator_reversal,-0.009785266011442837,29,207
461,1,semiconductor_adjusted_return,economic_subsector_peers,convergence,-0.0025811259045978446,160,195
461,1,semiconductor_adjusted_return,economic_subsector_peers,peer_catchup,0.0005120122631896029,160,195
461,1,semiconductor_adjusted_return,economic_subsector_peers,initiator_reversal,-0.003093138167787447,160,195
461,3,semiconductor_adjusted_return,economic_subsector_peers,convergence,-0.004940296633541851,115,195
461,3,semiconductor_adjusted_return,economic_subsector_peers,peer_catchup,0.0013454575333050694,115,195
461,3,semiconductor_adjusted_return,economic_subsector_peers,initiator_reversal,-0.00628575416684692,115,195
461,5,semiconductor_adjusted_return,economic_subsector_peers,convergence,-0.0030651440582458826,76,195
461,5,semiconductor_adjusted_return,economic_subsector_peers,peer_catchup,0.0005188315876266006,76,195
461,5,semiconductor_adjusted_return,economic_subsector_peers,initiator_reversal,-0.0035839756458724828,76,195
461,10,semiconductor_adjusted_return,economic_subsector_peers,convergence,-0.0008103901023411514,32,195
461,10,semiconductor_adjusted_return,economic_subsector_peers,peer_catchup,0.0010348921800234642,32,195
461,10,semiconductor_adjusted_return,economic_subsector_peers,initiator_reversal,-0.0018452822823646162,32,195
462,1,semiconductor_adjusted_return,economic_subsector_peers,convergence,-6.755615284031874e-05,176,217
462,1,semiconductor_adjusted_return,economic_subsector_peers,peer_catchup,0.0004616120826308918,176,217
462,1,semiconductor_adjusted_return,economic_subsector_peers,initiator_reversal,-0.0005291682354712107,176,217
462,3,semiconductor_adjusted_return,economic_subsector_peers,convergence,-0.0027813882652844776,121,217
462,3,semiconductor_adjusted_return,economic_subsector_peers,peer_catchup,0.001170844794941053,121,217
462,3,semiconductor_adjusted_return,economic_subsector_peers,initiator_reversal,-0.003952233060225531,121,217
462,5,semiconductor_adjusted_return,economic_subsector_peers,convergence,-0.0009213295183310937,92,217
462,5,semiconductor_adjusted_return,economic_subsector_peers,peer_catchup,0.00012302610364325425,92,217
462,5,semiconductor_adjusted_return,economic_subsector_peers,initiator_reversal,-0.0010443556219743486,92,217
462,10,semiconductor_adjusted_return,economic_subsector_peers,convergence,0.005702346381542688,40,217
462,10,semiconductor_adjusted_return,economic_subsector_peers,peer_catchup,0.005770173718679263,40,217
462,10,semiconductor_adjusted_return,economic_subsector_peers,initiator_reversal,-6.782733713657612e-05,40,217
463,1,semiconductor_adjusted_return,economic_subsector_peers,convergence,-0.0004016392321239104,180,217
463,1,semiconductor_adjusted_return,economic_subsector_peers,peer_catchup,0.0004916679071877374,180,217
463,1,semiconductor_adjusted_return,economic_subsector_peers,initiator_reversal,-0.0008933071393116474,180,217
463,3,semiconductor_adjusted_return,economic_subsector_peers,convergence,0.0010928100813586397,140,217
463,3,semiconductor_adjusted_return,economic_subsector_peers,peer_catchup,-0.0008292066560180478,140,217
463,3,semiconductor_adjusted_return,economic_subsector_peers,initiator_reversal,0.001922016737376687,140,217
463,5,semiconductor_adjusted_return,economic_subsector_peers,convergence,0.001151426274934789,97,217
463,5,semiconductor_adjusted_return,economic_subsector_peers,peer_catchup,-0.0013139435934969776,97,217
463,5,semiconductor_adjusted_return,economic_subsector_peers,initiator_reversal,0.0024653698684317686,97,217
463,10,semiconductor_adjusted_return,economic_subsector_peers,convergence,-0.002615657464157421,45,217
463,10,semiconductor_adjusted_return,economic_subsector_peers,peer_catchup,-0.0012630159158407693,45,217
463,10,semiconductor_adjusted_return,economic_subsector_peers,initiator_reversal,-0.0013526415483166505,45,217
464,1,semiconductor_adjusted_return,economic_subsector_peers,convergence,2.1062492315636272e-05,202,241
464,1,semiconductor_adjusted_return,economic_subsector_peers,peer_catchup,-0.00038964002357133625,202,241
464,1,semiconductor_adjusted_return,economic_subsector_peers,initiator_reversal,0.00041070251588697267,202,241
464,3,semiconductor_adjusted_return,economic_subsector_peers,convergence,-0.00022705736564190027,137,241
464,3,semiconductor_adjusted_return,economic_subsector_peers,peer_catchup,-0.00014773572576814997,137,241
464,3,semiconductor_adjusted_return,economic_subsector_peers,initiator_reversal,-7.932163987374968e-05,137,241
464,5,semiconductor_adjusted_return,economic_subsector_peers,convergence,0.001884398162975169,98,241
464,5,semiconductor_adjusted_return,economic_subsector_peers,peer_catchup,-0.0011136701896529177,98,241
464,5,semiconductor_adjusted_return,economic_subsector_peers,initiator_reversal,0.0029980683526280865,98,241
464,10,semiconductor_adjusted_return,economic_subsector_peers,convergence,-0.016770678879346426,31,241
464,10,semiconductor_adjusted_return,economic_subsector_peers,peer_catchup,-0.0027870798455462047,31,241
464,10,semiconductor_adjusted_return,economic_subsector_peers,initiator_reversal,-0.013983599033800222,31,241
465,1,semiconductor_adjusted_return,economic_subsector_peers,convergence,0.0007530561503334453,198,229
465,1,semiconductor_adjusted_return,economic_subsector_peers,peer_catchup,0.00047797735176130176,198,229
465,1,semiconductor_adjusted_return,economic_subsector_peers,initiator_reversal,0.00027507879857214336,198,229
465,3,semiconductor_adjusted_return,economic_subsector_peers,convergence,0.0026540195187523086,138,229
465,3,semiconductor_adjusted_return,economic_subsector_peers,peer_catchup,0.0014882254124639084,138,229
465,3,semiconductor_adjusted_return,economic_subsector_peers,initiator_reversal,0.0011657941062884006,138,229
465,5,semiconductor_adjusted_return,economic_subsector_peers,convergence,-0.000601832311296605,107,229
465,5,semiconductor_adjusted_return,economic_subsector_peers,peer_catchup,0.002712060500231487,107,229
465,5,semiconductor_adjusted_return,economic_subsector_peers,initiator_reversal,-0.0033138928115280944,107,229
465,10,semiconductor_adjusted_return,economic_subsector_peers,convergence,0.003869982861742933,43,229
465,10,semiconductor_adjusted_return,economic_subsector_peers,peer_catchup,-4.465671141365924e-05,43,229
465,10,semiconductor_adjusted_return,economic_subsector_peers,initiator_reversal,0.003914639573156592,43,229
466,1,semiconductor_adjusted_return,economic_subsector_peers,convergence,-2.5055708822112536e-05,178,219
466,1,semiconductor_adjusted_return,economic_subsector_peers,peer_catchup,-0.0005808294496297684,178,219
466,1,semiconductor_adjusted_return,economic_subsector_peers,initiator_reversal,0.0005557737408076557,178,219
466,3,semiconductor_adjusted_return,economic_subsector_peers,convergence,-0.002456070870022066,119,219
466,3,semiconductor_adjusted_return,economic_subsector_peers,peer_catchup,0.0008087944705215757,119,219
466,3,semiconductor_adjusted_return,economic_subsector_peers,initiator_reversal,-0.003264865340543642,119,219
466,5,semiconductor_adjusted_return,economic_subsector_peers,convergence,-0.0032682171199828474,87,219
466,5,semiconductor_adjusted_return,economic_subsector_peers,peer_catchup,0.0018920242636536898,87,219
466,5,semiconductor_adjusted_return,economic_subsector_peers,initiator_reversal,-0.005160241383636537,87,219
466,10,semiconductor_adjusted_return,economic_subsector_peers,convergence,-0.00954107138641714,30,219
466,10,semiconductor_adjusted_return,economic_subsector_peers,peer_catchup,-0.005639805380788968,30,219
466,10,semiconductor_adjusted_return,economic_subsector_peers,initiator_reversal,-0.0039012660056281737,30,219
467,1,semiconductor_adjusted_return,economic_subsector_peers,convergence,-0.00025848176531461726,192,241
467,1,semiconductor_adjusted_return,economic_subsector_peers,peer_catchup,0.0006011306464439198,192,241
467,1,semiconductor_adjusted_return,economic_subsector_peers,initiator_reversal,-0.000859612411758537,192,241
467,3,semiconductor_adjusted_return,economic_subsector_peers,convergence,-0.0035858961330915906,123,241
467,3,semiconductor_adjusted_return,economic_subsector_peers,peer_catchup,-0.0009925333942465905,123,241
467,3,semiconductor_adjusted_return,economic_subsector_peers,initiator_reversal,-0.002593362738845,123,241
467,5,semiconductor_adjusted_return,economic_subsector_peers,convergence,-0.0007646840491757436,67,241
467,5,semiconductor_adjusted_return,economic_subsector_peers,peer_catchup,0.0011258061561158978,67,241
467,5,semiconductor_adjusted_return,economic_subsector_peers,initiator_reversal,-0.0018904902052916419,67,241
467,10,semiconductor_adjusted_return,economic_subsector_peers,convergence,0.015418542484349566,33,241
467,10,semiconductor_adjusted_return,economic_subsector_peers,peer_catchup,0.004224783219446251,33,241
467,10,semiconductor_adjusted_return,economic_subsector_peers,initiator_reversal,0.011193759264903316,33,241
468,1,semiconductor_adjusted_return,economic_subsector_peers,convergence,-0.0002899731946246046,184,218
468,1,semiconductor_adjusted_return,economic_subsector_peers,peer_catchup,0.0005891935145731281,184,218
468,1,semiconductor_adjusted_return,economic_subsector_peers,initiator_reversal,-0.0008791667091977326,184,218
468,3,semiconductor_adjusted_return,economic_subsector_peers,convergence,0.001421898538593014,128,218
468,3,semiconductor_adjusted_return,economic_subsector_peers,peer_catchup,0.0010750623223907197,128,218
468,3,semiconductor_adjusted_return,economic_subsector_peers,initiator_reversal,0.0003468362162022943,128,218
468,5,semiconductor_adjusted_return,economic_subsector_peers,convergence,0.0018659258758161254,95,218
468,5,semiconductor_adjusted_return,economic_subsector_peers,peer_catchup,0.0005858639797124418,95,218
468,5,semiconductor_adjusted_return,economic_subsector_peers,initiator_reversal,0.0012800618961036842,95,218
468,10,semiconductor_adjusted_return,economic_subsector_peers,convergence,-0.008153893098550092,35,218
468,10,semiconductor_adjusted_return,economic_subsector_peers,peer_catchup,0.005445249525618287,35,218
468,10,semiconductor_adjusted_return,economic_subsector_peers,initiator_reversal,-0.013599142624168385,35,218
469,1,semiconductor_adjusted_return,economic_subsector_peers,convergence,-0.0005137718694263618,152,210
469,1,semiconductor_adjusted_return,economic_subsector_peers,peer_catchup,0.0010955592756587147,152,210
469,1,semiconductor_adjusted_return,economic_subsector_peers,initiator_reversal,-0.0016093311450850766,152,210
469,3,semiconductor_adjusted_return,economic_subsector_peers,convergence,1.279483702273064e-05,116,210
469,3,semiconductor_adjusted_return,economic_subsector_peers,peer_catchup,0.0011870204998920774,116,210
469,3,semiconductor_adjusted_return,economic_subsector_peers,initiator_reversal,-0.001174225662869347,116,210
469,5,semiconductor_adjusted_return,economic_subsector_peers,convergence,0.005284061303592599,82,210
469,5,semiconductor_adjusted_return,economic_subsector_peers,peer_catchup,0.0014843255072186862,82,210
469,5,semiconductor_adjusted_return,economic_subsector_peers,initiator_reversal,0.003799735796373911,82,210
469,10,semiconductor_adjusted_return,economic_subsector_peers,convergence,0.001084355406430839,32,210
469,10,semiconductor_adjusted_return,economic_subsector_peers,peer_catchup,0.0026022599299797104,32,210
469,10,semiconductor_adjusted_return,economic_subsector_peers,initiator_reversal,-0.0015179045235488718,32,210
470,1,semiconductor_adjusted_return,economic_subsector_peers,convergence,0.0003760075494280635,181,215
470,1,semiconductor_adjusted_return,economic_subsector_peers,peer_catchup,0.00021926256195002724,181,215
470,1,semiconductor_adjusted_return,economic_subsector_peers,initiator_reversal,0.00015674498747803622,181,215
470,3,semiconductor_adjusted_return,economic_subsector_peers,convergence,-0.000264495312092735,133,215
470,3,semiconductor_adjusted_return,economic_subsector_peers,peer_catchup,0.0016816688108378536,133,215
470,3,semiconductor_adjusted_return,economic_subsector_peers,initiator_reversal,-0.001946164122930589,133,215
470,5,semiconductor_adjusted_return,economic_subsector_peers,convergence,0.0021275809207664895,85,215
470,5,semiconductor_adjusted_return,economic_subsector_peers,peer_catchup,0.0018815877384879068,85,215
470,5,semiconductor_adjusted_return,economic_subsector_peers,initiator_reversal,0.0002459931822785821,85,215
470,10,semiconductor_adjusted_return,economic_subsector_peers,convergence,-0.0025409363163028504,35,215
470,10,semiconductor_adjusted_return,economic_subsector_peers,peer_catchup,0.004221098107190664,35,215
470,10,semiconductor_adjusted_return,economic_subsector_peers,initiator_reversal,-0.006762034423493513,35,215
471,1,semiconductor_adjusted_return,economic_subsector_peers,convergence,-0.0019657332199250798,198,236
471,1,semiconductor_adjusted_return,economic_subsector_peers,peer_catchup,-0.00039547688226329803,198,236
471,1,semiconductor_adjusted_return,economic_subsector_peers,initiator_reversal,-0.0015702563376617815,198,236
471,3,semiconductor_adjusted_return,economic_subsector_peers,convergence,-0.005694981704403065,128,236
471,3,semiconductor_adjusted_return,economic_subsector_peers,peer_catchup,0.0012584199680208989,128,236
471,3,semiconductor_adjusted_return,economic_subsector_peers,initiator_reversal,-0.006953401672423965,128,236
471,5,semiconductor_adjusted_return,economic_subsector_peers,convergence,-0.006923946008937132,96,236
471,5,semiconductor_adjusted_return,economic_subsector_peers,peer_catchup,0.0023454297882452677,96,236
471,5,semiconductor_adjusted_return,economic_subsector_peers,initiator_reversal,-0.009269375797182398,96,236
471,10,semiconductor_adjusted_return,economic_subsector_peers,convergence,-0.022452441188908514,39,236
471,10,semiconductor_adjusted_return,economic_subsector_peers,peer_catchup,-0.00043644896275560303,39,236
471,10,semiconductor_adjusted_return,economic_subsector_peers,initiator_reversal,-0.022015992226152907,39,236
472,1,semiconductor_adjusted_return,economic_subsector_peers,convergence,0.0007673798761948508,221,252
472,1,semiconductor_adjusted_return,economic_subsector_peers,peer_catchup,-0.0013708705697083056,221,252
472,1,semiconductor_adjusted_return,economic_subsector_peers,initiator_reversal,0.0021382504459031564,221,252
472,3,semiconductor_adjusted_return,economic_subsector_peers,convergence,-0.0014192503523310696,167,252
472,3,semiconductor_adjusted_return,economic_subsector_peers,peer_catchup,-0.000197842026947928,167,252
472,3,semiconductor_adjusted_return,economic_subsector_peers,initiator_reversal,-0.0012214083253831417,167,252
472,5,semiconductor_adjusted_return,economic_subsector_peers,convergence,-0.0009401154294086169,118,252
472,5,semiconductor_adjusted_return,economic_subsector_peers,peer_catchup,-0.00014577771413691327,118,252
472,5,semiconductor_adjusted_return,economic_subsector_peers,initiator_reversal,-0.0007943377152717038,118,252
472,10,semiconductor_adjusted_return,economic_subsector_peers,convergence,-0.006759717937129282,50,252
472,10,semiconductor_adjusted_return,economic_subsector_peers,peer_catchup,0.005624368092148901,50,252
472,10,semiconductor_adjusted_return,economic_subsector_peers,initiator_reversal,-0.012384086029278183,50,252
473,1,semiconductor_adjusted_return,economic_subsector_peers,convergence,0.0006073775568859255,145,188
473,1,semiconductor_adjusted_return,economic_subsector_peers,peer_catchup,0.0005571399613058365,145,188
473,1,semiconductor_adjusted_return,economic_subsector_peers,initiator_reversal,5.02375955800888e-05,145,188
473,3,semiconductor_adjusted_return,economic_subsector_peers,convergence,-0.0036936508397503952,92,188
473,3,semiconductor_adjusted_return,economic_subsector_peers,peer_catchup,0.0016074663846715185,92,188
473,3,semiconductor_adjusted_return,economic_subsector_peers,initiator_reversal,-0.005301117224421914,92,188
473,5,semiconductor_adjusted_return,economic_subsector_peers,convergence,-0.008504868365350419,65,188
473,5,semiconductor_adjusted_return,economic_subsector_peers,peer_catchup,0.0024091499280344125,65,188
473,5,semiconductor_adjusted_return,economic_subsector_peers,initiator_reversal,-0.010914018293384833,65,188
473,10,semiconductor_adjusted_return,economic_subsector_peers,convergence,-0.017469421736816787,27,188
473,10,semiconductor_adjusted_return,economic_subsector_peers,peer_catchup,0.005455918453139332,27,188
473,10,semiconductor_adjusted_return,economic_subsector_peers,initiator_reversal,-0.02292534018995612,27,188
474,1,semiconductor_adjusted_return,economic_subsector_peers,convergence,8.435259737958751e-05,179,222
474,1,semiconductor_adjusted_return,economic_subsector_peers,peer_catchup,0.00010265930940886007,179,222
474,1,semiconductor_adjusted_return,economic_subsector_peers,initiator_reversal,-1.830671202927258e-05,179,222
474,3,semiconductor_adjusted_return,economic_subsector_peers,convergence,0.0020164631039536703,116,222
474,3,semiconductor_adjusted_return,economic_subsector_peers,peer_catchup,-0.0008135551791417569,116,222
474,3,semiconductor_adjusted_return,economic_subsector_peers,initiator_reversal,0.0028300182830954283,116,222
474,5,semiconductor_adjusted_return,economic_subsector_peers,convergence,0.003532575982414896,79,222
474,5,semiconductor_adjusted_return,economic_subsector_peers,peer_catchup,0.0012590259267580399,79,222
474,5,semiconductor_adjusted_return,economic_subsector_peers,initiator_reversal,0.002273550055656855,79,222
474,10,semiconductor_adjusted_return,economic_subsector_peers,convergence,0.005285161326716038,36,222
474,10,semiconductor_adjusted_return,economic_subsector_peers,peer_catchup,0.003800449137485092,36,222
474,10,semiconductor_adjusted_return,economic_subsector_peers,initiator_reversal,0.0014847121892309497,36,222
475,1,semiconductor_adjusted_return,economic_subsector_peers,convergence,-0.00038543990054550054,186,223
475,1,semiconductor_adjusted_return,economic_subsector_peers,peer_catchup,-0.0010467222738181506,186,223
475,1,semiconductor_adjusted_return,economic_subsector_peers,initiator_reversal,0.0006612823732726499,186,223
475,3,semiconductor_adjusted_return,economic_subsector_peers,convergence,0.0005907216122969558,128,223
475,3,semiconductor_adjusted_return,economic_subsector_peers,peer_catchup,-0.0008539775924677271,128,223
475,3,semiconductor_adjusted_return,economic_subsector_peers,initiator_reversal,0.0014446992047646833,128,223
475,5,semiconductor_adjusted_return,economic_subsector_peers,convergence,0.0042708937049095825,99,223
475,5,semiconductor_adjusted_return,economic_subsector_peers,peer_catchup,-0.0010058761350012016,99,223
475,5,semiconductor_adjusted_return,economic_subsector_peers,initiator_reversal,0.005276769839910786,99,223
475,10,semiconductor_adjusted_return,economic_subsector_peers,convergence,0.0011653863145972675,48,223
475,10,semiconductor_adjusted_return,economic_subsector_peers,peer_catchup,-0.004145404712484161,48,223
475,10,semiconductor_adjusted_return,economic_subsector_peers,initiator_reversal,0.005310791027081429,48,223
476,1,semiconductor_adjusted_return,economic_subsector_peers,convergence,-0.0003732309870340757,186,220
476,1,semiconductor_adjusted_return,economic_subsector_peers,peer_catchup,-7.805386376196548e-05,186,220
476,1,semiconductor_adjusted_return,economic_subsector_peers,initiator_reversal,-0.00029517712327211006,186,220
476,3,semiconductor_adjusted_return,economic_subsector_peers,convergence,0.0027278455808714586,130,220
476,3,semiconductor_adjusted_return,economic_subsector_peers,peer_catchup,-0.00016951231787094173,130,220
476,3,semiconductor_adjusted_return,economic_subsector_peers,initiator_reversal,0.0028973578987424014,130,220
476,5,semiconductor_adjusted_return,economic_subsector_peers,convergence,0.0016900992086297676,89,220
476,5,semiconductor_adjusted_return,economic_subsector_peers,peer_catchup,-0.0023393104069790653,89,220
476,5,semiconductor_adjusted_return,economic_subsector_peers,initiator_reversal,0.004029409615608833,89,220
476,10,semiconductor_adjusted_return,economic_subsector_peers,convergence,-0.0004633827777975562,32,220
476,10,semiconductor_adjusted_return,economic_subsector_peers,peer_catchup,-0.004046618529935645,32,220
476,10,semiconductor_adjusted_return,economic_subsector_peers,initiator_reversal,0.0035832357521380876,32,220
477,1,semiconductor_adjusted_return,economic_subsector_peers,convergence,0.0003793568530820823,183,226
477,1,semiconductor_adjusted_return,economic_subsector_peers,peer_catchup,0.0007852356768851658,183,226
477,1,semiconductor_adjusted_return,economic_subsector_peers,initiator_reversal,-0.00040587882380308345,183,226
477,3,semiconductor_adjusted_return,economic_subsector_peers,convergence,-0.005298519828139326,124,226
477,3,semiconductor_adjusted_return,economic_subsector_peers,peer_catchup,3.405225663302288e-05,124,226
477,3,semiconductor_adjusted_return,economic_subsector_peers,initiator_reversal,-0.005332572084772348,124,226
477,5,semiconductor_adjusted_return,economic_subsector_peers,convergence,-0.008177006007145486,89,226
477,5,semiconductor_adjusted_return,economic_subsector_peers,peer_catchup,-0.00043434330624713004,89,226
477,5,semiconductor_adjusted_return,economic_subsector_peers,initiator_reversal,-0.0077426627008983576,89,226
477,10,semiconductor_adjusted_return,economic_subsector_peers,convergence,-0.008231893401335117,38,226
477,10,semiconductor_adjusted_return,economic_subsector_peers,peer_catchup,-0.0014407072312257131,38,226
477,10,semiconductor_adjusted_return,economic_subsector_peers,initiator_reversal,-0.006791186170109406,38,226
478,1,semiconductor_adjusted_return,economic_subsector_peers,convergence,0.0010786271063317567,183,230
478,1,semiconductor_adjusted_return,economic_subsector_peers,peer_catchup,-7.409352511902877e-05,183,230
478,1,semiconductor_adjusted_return,economic_subsector_peers,initiator_reversal,0.0011527206314507856,183,230
478,3,semiconductor_adjusted_return,economic_subsector_peers,convergence,-0.0008413012179330046,124,230
478,3,semiconductor_adjusted_return,economic_subsector_peers,peer_catchup,-0.00047724197245093927,124,230
478,3,semiconductor_adjusted_return,economic_subsector_peers,initiator_reversal,-0.0003640592454820659,124,230
478,5,semiconductor_adjusted_return,economic_subsector_peers,convergence,0.0006218614174022046,89,230
478,5,semiconductor_adjusted_return,economic_subsector_peers,peer_catchup,0.0007379682683358675,89,230
478,5,semiconductor_adjusted_return,economic_subsector_peers,initiator_reversal,-0.00011610685093366263,89,230
478,10,semiconductor_adjusted_return,economic_subsector_peers,convergence,-0.00044502253418402595,30,230
478,10,semiconductor_adjusted_return,economic_subsector_peers,peer_catchup,0.01116363502489658,30,230
478,10,semiconductor_adjusted_return,economic_subsector_peers,initiator_reversal,-0.011608657559080606,30,230
479,1,semiconductor_adjusted_return,economic_subsector_peers,convergence,-0.0008832381393914743,203,238
479,1,semiconductor_adjusted_return,economic_subsector_peers,peer_catchup,-0.0005387961445866674,203,238
479,1,semiconductor_adjusted_return,economic_subsector_peers,initiator_reversal,-0.00034444199480480696,203,238
479,3,semiconductor_adjusted_return,economic_subsector_peers,convergence,-0.0036856688152578096,151,238
479,3,semiconductor_adjusted_return,economic_subsector_peers,peer_catchup,-0.00018916560853690095,151,238
479,3,semiconductor_adjusted_return,economic_subsector_peers,initiator_reversal,-0.0034965032067209097,151,238
479,5,semiconductor_adjusted_return,economic_subsector_peers,convergence,-0.002780756835711606,108,238
479,5,semiconductor_adjusted_return,economic_subsector_peers,peer_catchup,0.00029380884098487815,108,238
479,5,semiconductor_adjusted_return,economic_subsector_peers,initiator_reversal,-0.0030745656766964845,108,238
479,10,semiconductor_adjusted_return,economic_subsector_peers,convergence,0.0010903093633177947,39,238
479,10,semiconductor_adjusted_return,economic_subsector_peers,peer_catchup,0.0006738201427186137,39,238
479,10,semiconductor_adjusted_return,economic_subsector_peers,initiator_reversal,0.0004164892205991824,39,238
480,1,semiconductor_adjusted_return,economic_subsector_peers,convergence,-0.00019150501166913158,173,207
480,1,semiconductor_adjusted_return,economic_subsector_peers,peer_catchup,0.00019500895774006793,173,207
480,1,semiconductor_adjusted_return,economic_subsector_peers,initiator_reversal,-0.00038651396940919946,173,207
480,3,semiconductor_adjusted_return,economic_subsector_peers,convergence,0.0035966774862954015,117,207
480,3,semiconductor_adjusted_return,economic_subsector_peers,peer_catchup,0.0012507838393245106,117,207
480,3,semiconductor_adjusted_return,economic_subsector_peers,initiator_reversal,0.0023458936469708896,117,207
480,5,semiconductor_adjusted_return,economic_subsector_peers,convergence,-0.00014067342997138913,87,207
480,5,semiconductor_adjusted_return,economic_subsector_peers,peer_catchup,0.000604706392209121,87,207
480,5,semiconductor_adjusted_return,economic_subsector_peers,initiator_reversal,-0.0007453798221805103,87,207
480,10,semiconductor_adjusted_return,economic_subsector_peers,convergence,-0.004741885329909514,33,207
480,10,semiconductor_adjusted_return,economic_subsector_peers,peer_catchup,0.00014560528007503192,33,207
480,10,semiconductor_adjusted_return,economic_subsector_peers,initiator_reversal,-0.004887490609984547,33,207
481,1,semiconductor_adjusted_return,economic_subsector_peers,convergence,0.0005107472623369312,153,183
481,1,semiconductor_adjusted_return,economic_subsector_peers,peer_catchup,0.00063306592386848,153,183
481,1,semiconductor_adjusted_return,economic_subsector_peers,initiator_reversal,-0.00012231866153154816,153,183
481,3,semiconductor_adjusted_return,economic_subsector_peers,convergence,0.004990188284444375,108,183
481,3,semiconductor_adjusted_return,economic_subsector_peers,peer_catchup,-0.0023682470638812687,108,183
481,3,semiconductor_adjusted_return,economic_subsector_peers,initiator_reversal,0.007358435348325644,108,183
481,5,semiconductor_adjusted_return,economic_subsector_peers,convergence,0.004357656691009472,71,183
481,5,semiconductor_adjusted_return,economic_subsector_peers,peer_catchup,-0.0009291624901737568,71,183
481,5,semiconductor_adjusted_return,economic_subsector_peers,initiator_reversal,0.005286819181183229,71,183
481,10,semiconductor_adjusted_return,economic_subsector_peers,convergence,0.017180563862748213,27,183
481,10,semiconductor_adjusted_return,economic_subsector_peers,peer_catchup,0.008076935240367183,27,183
481,10,semiconductor_adjusted_return,economic_subsector_peers,initiator_reversal,0.009103628622381026,27,183
482,1,semiconductor_adjusted_return,economic_subsector_peers,convergence,-0.0007880127012467565,187,226
482,1,semiconductor_adjusted_return,economic_subsector_peers,peer_catchup,0.00030799757500478604,187,226
482,1,semiconductor_adjusted_return,economic_subsector_peers,initiator_reversal,-0.0010960102762515424,187,226
482,3,semiconductor_adjusted_return,economic_subsector_peers,convergence,4.699796378640332e-05,144,226
482,3,semiconductor_adjusted_return,economic_subsector_peers,peer_catchup,0.0004065757484136208,144,226
482,3,semiconductor_adjusted_return,economic_subsector_peers,initiator_reversal,-0.00035957778462721745,144,226
482,5,semiconductor_adjusted_return,economic_subsector_peers,convergence,-0.0011671515769389967,86,226
482,5,semiconductor_adjusted_return,economic_subsector_peers,peer_catchup,0.0009113557760826872,86,226
482,5,semiconductor_adjusted_return,economic_subsector_peers,initiator_reversal,-0.002078507353021685,86,226
482,10,semiconductor_adjusted_return,economic_subsector_peers,convergence,0.003955978165075024,47,226
482,10,semiconductor_adjusted_return,economic_subsector_peers,peer_catchup,0.0037685138155997607,47,226
482,10,semiconductor_adjusted_return,economic_subsector_peers,initiator_reversal,0.00018746434947526232,47,226
483,1,semiconductor_adjusted_return,economic_subsector_peers,convergence,-0.00248101069004945,202,244
483,1,semiconductor_adjusted_return,economic_subsector_peers,peer_catchup,6.004234766636109e-05,202,244
483,1,semiconductor_adjusted_return,economic_subsector_peers,initiator_reversal,-0.002541053037715811,202,244
483,3,semiconductor_adjusted_return,economic_subsector_peers,convergence,-0.005522005169373709,131,244
483,3,semiconductor_adjusted_return,economic_subsector_peers,peer_catchup,-0.00018283071463641218,131,244
483,3,semiconductor_adjusted_return,economic_subsector_peers,initiator_reversal,-0.005339174454737296,131,244
483,5,semiconductor_adjusted_return,economic_subsector_peers,convergence,3.777597189746936e-05,93,244
483,5,semiconductor_adjusted_return,economic_subsector_peers,peer_catchup,-4.9717278550375764e-05,93,244
483,5,semiconductor_adjusted_return,economic_subsector_peers,initiator_reversal,8.749325044784405e-05,93,244
483,10,semiconductor_adjusted_return,economic_subsector_peers,convergence,-0.007747156623526801,41,244
483,10,semiconductor_adjusted_return,economic_subsector_peers,peer_catchup,-0.0025026358243767683,41,244
483,10,semiconductor_adjusted_return,economic_subsector_peers,initiator_reversal,-0.0052445207991500325,41,244
484,1,semiconductor_adjusted_return,economic_subsector_peers,convergence,0.00025783525300248565,165,209
484,1,semiconductor_adjusted_return,economic_subsector_peers,peer_catchup,0.00015565196060691026,165,209
484,1,semiconductor_adjusted_return,economic_subsector_peers,initiator_reversal,0.00010218329239557518,165,209
484,3,semiconductor_adjusted_return,economic_subsector_peers,convergence,-0.0016826594047216622,105,209
484,3,semiconductor_adjusted_return,economic_subsector_peers,peer_catchup,0.00028478808012105086,105,209
484,3,semiconductor_adjusted_return,economic_subsector_peers,initiator_reversal,-0.0019674474848427126,105,209
484,5,semiconductor_adjusted_return,economic_subsector_peers,convergence,-0.0016008196261626,63,209
484,5,semiconductor_adjusted_return,economic_subsector_peers,peer_catchup,0.001626897598610341,63,209
484,5,semiconductor_adjusted_return,economic_subsector_peers,initiator_reversal,-0.00322771722477294,63,209
484,10,semiconductor_adjusted_return,economic_subsector_peers,convergence,0.0008999652706738116,19,209
484,10,semiconductor_adjusted_return,economic_subsector_peers,peer_catchup,0.004701803750815294,19,209
484,10,semiconductor_adjusted_return,economic_subsector_peers,initiator_reversal,-0.003801838480141481,19,209
485,1,semiconductor_adjusted_return,economic_subsector_peers,convergence,0.0010614258656550237,172,214
485,1,semiconductor_adjusted_return,economic_subsector_peers,peer_catchup,4.41101561486531e-05,172,214
485,1,semiconductor_adjusted_return,economic_subsector_peers,initiator_reversal,0.0010173157095063705,172,214
485,3,semiconductor_adjusted_return,economic_subsector_peers,convergence,0.0024433716438809023,119,214
485,3,semiconductor_adjusted_return,economic_subsector_peers,peer_catchup,0.001181329531496976,119,214
485,3,semiconductor_adjusted_return,economic_subsector_peers,initiator_reversal,0.0012620421123839274,119,214
485,5,semiconductor_adjusted_return,economic_subsector_peers,convergence,0.0030345056642541155,76,214
485,5,semiconductor_adjusted_return,economic_subsector_peers,peer_catchup,0.0037086327944526264,76,214
485,5,semiconductor_adjusted_return,economic_subsector_peers,initiator_reversal,-0.000674127130198511,76,214
485,10,semiconductor_adjusted_return,economic_subsector_peers,convergence,0.009499774111865297,26,214
485,10,semiconductor_adjusted_return,economic_subsector_peers,peer_catchup,-0.0008799279292547515,26,214
485,10,semiconductor_adjusted_return,economic_subsector_peers,initiator_reversal,0.01037970204112005,26,214
486,1,semiconductor_adjusted_return,economic_subsector_peers,convergence,-0.0014797942723933637,192,225
486,1,semiconductor_adjusted_return,economic_subsector_peers,peer_catchup,-0.0003643039349492433,192,225
486,1,semiconductor_adjusted_return,economic_subsector_peers,initiator_reversal,-0.0011154903374441206,192,225
486,3,semiconductor_adjusted_return,economic_subsector_peers,convergence,-0.0002100845969679069,135,225
486,3,semiconductor_adjusted_return,economic_subsector_peers,peer_catchup,0.0011627904847080967,135,225
486,3,semiconductor_adjusted_return,economic_subsector_peers,initiator_reversal,-0.001372875081676004,135,225
486,5,semiconductor_adjusted_return,economic_subsector_peers,convergence,-0.00028893691740432525,103,225
486,5,semiconductor_adjusted_return,economic_subsector_peers,peer_catchup,-0.0007005219550305946,103,225
486,5,semiconductor_adjusted_return,economic_subsector_peers,initiator_reversal,0.00041158503762626854,103,225
486,10,semiconductor_adjusted_return,economic_subsector_peers,convergence,-0.010048009618456524,40,225
486,10,semiconductor_adjusted_return,economic_subsector_peers,peer_catchup,-0.0003057141078282923,40,225
486,10,semiconductor_adjusted_return,economic_subsector_peers,initiator_reversal,-0.009742295510628232,40,225
487,1,semiconductor_adjusted_return,economic_subsector_peers,convergence,0.0016982751258082607,212,260
487,1,semiconductor_adjusted_return,economic_subsector_peers,peer_catchup,0.0012916530790061426,212,260
487,1,semiconductor_adjusted_return,economic_subsector_peers,initiator_reversal,0.0004066220468021182,212,260
487,3,semiconductor_adjusted_return,economic_subsector_peers,convergence,0.003228110129915911,147,260
487,3,semiconductor_adjusted_return,economic_subsector_peers,peer_catchup,0.0024147436504592546,147,260
487,3,semiconductor_adjusted_return,economic_subsector_peers,initiator_reversal,0.0008133664794566557,147,260
487,5,semiconductor_adjusted_return,economic_subsector_peers,convergence,0.007442491139150586,104,260
487,5,semiconductor_adjusted_return,economic_subsector_peers,peer_catchup,0.003115172622430558,104,260
487,5,semiconductor_adjusted_return,economic_subsector_peers,initiator_reversal,0.004327318516720029,104,260
487,10,semiconductor_adjusted_return,economic_subsector_peers,convergence,0.007739206470909964,45,260
487,10,semiconductor_adjusted_return,economic_subsector_peers,peer_catchup,0.005448152643074224,45,260
487,10,semiconductor_adjusted_return,economic_subsector_peers,initiator_reversal,0.002291053827835742,45,260
488,1,semiconductor_adjusted_return,economic_subsector_peers,convergence,0.0018083309944046096,172,227
488,1,semiconductor_adjusted_return,economic_subsector_peers,peer_catchup,0.0005472193019028471,172,227
488,1,semiconductor_adjusted_return,economic_subsector_peers,initiator_reversal,0.001261111692501762,172,227
488,3,semiconductor_adjusted_return,economic_subsector_peers,convergence,0.006376295927579832,120,227
488,3,semiconductor_adjusted_return,economic_subsector_peers,peer_catchup,-0.0002523613502841417,120,227
488,3,semiconductor_adjusted_return,economic_subsector_peers,initiator_reversal,0.006628657277863974,120,227
488,5,semiconductor_adjusted_return,economic_subsector_peers,convergence,0.0032310861286932364,83,227
488,5,semiconductor_adjusted_return,economic_subsector_peers,peer_catchup,0.0011530268967448907,83,227
488,5,semiconductor_adjusted_return,economic_subsector_peers,initiator_reversal,0.0020780592319483457,83,227
488,10,semiconductor_adjusted_return,economic_subsector_peers,convergence,0.006933155206253372,41,227
488,10,semiconductor_adjusted_return,economic_subsector_peers,peer_catchup,0.0008375179616820355,41,227
488,10,semiconductor_adjusted_return,economic_subsector_peers,initiator_reversal,0.006095637244571335,41,227
489,1,semiconductor_adjusted_return,economic_subsector_peers,convergence,-0.0017541342511312404,186,223
489,1,semiconductor_adjusted_return,economic_subsector_peers,peer_catchup,-0.0008216134181455352,186,223
489,1,semiconductor_adjusted_return,economic_subsector_peers,initiator_reversal,-0.0009325208329857055,186,223
489,3,semiconductor_adjusted_return,economic_subsector_peers,convergence,-0.003059532729183023,124,223
489,3,semiconductor_adjusted_return,economic_subsector_peers,peer_catchup,-0.0011604285112398452,124,223
489,3,semiconductor_adjusted_return,economic_subsector_peers,initiator_reversal,-0.0018991042179431778,124,223
489,5,semiconductor_adjusted_return,economic_subsector_peers,convergence,-0.0037107561828540127,87,223
489,5,semiconductor_adjusted_return,economic_subsector_peers,peer_catchup,0.001752546207923613,87,223
489,5,semiconductor_adjusted_return,economic_subsector_peers,initiator_reversal,-0.005463302390777624,87,223
489,10,semiconductor_adjusted_return,economic_subsector_peers,convergence,-0.00707802813130188,41,223
489,10,semiconductor_adjusted_return,economic_subsector_peers,peer_catchup,0.0035717759692788487,41,223
489,10,semiconductor_adjusted_return,economic_subsector_peers,initiator_reversal,-0.01064980410058073,41,223
490,1,semiconductor_adjusted_return,economic_subsector_peers,convergence,0.0007653450296667625,189,232
490,1,semiconductor_adjusted_return,economic_subsector_peers,peer_catchup,0.00020948348225973944,189,232
490,1,semiconductor_adjusted_return,economic_subsector_peers,initiator_reversal,0.000555861547407023,189,232
490,3,semiconductor_adjusted_return,economic_subsector_peers,convergence,0.0009994593687912682,136,232
490,3,semiconductor_adjusted_return,economic_subsector_peers,peer_catchup,-0.0007248931198577405,136,232
490,3,semiconductor_adjusted_return,economic_subsector_peers,initiator_reversal,0.0017243524886490095,136,232
490,5,semiconductor_adjusted_return,economic_subsector_peers,convergence,0.0031416711466168003,100,232
490,5,semiconductor_adjusted_return,economic_subsector_peers,peer_catchup,0.0014381816863885777,100,232
490,5,semiconductor_adjusted_return,economic_subsector_peers,initiator_reversal,0.0017034894602282228,100,232
490,10,semiconductor_adjusted_return,economic_subsector_peers,convergence,-0.0012409449087751184,33,232
490,10,semiconductor_adjusted_return,economic_subsector_peers,peer_catchup,0.0014723098236967484,33,232
490,10,semiconductor_adjusted_return,economic_subsector_peers,initiator_reversal,-0.0027132547324718657,33,232
491,1,semiconductor_adjusted_return,economic_subsector_peers,convergence,-0.0012019136234072466,183,222
491,1,semiconductor_adjusted_return,economic_subsector_peers,peer_catchup,9.683919309403895e-05,183,222
491,1,semiconductor_adjusted_return,economic_subsector_peers,initiator_reversal,-0.0012987528165012857,183,222
491,3,semiconductor_adjusted_return,economic_subsector_peers,convergence,-0.0007528712274886188,120,222
491,3,semiconductor_adjusted_return,economic_subsector_peers,peer_catchup,-0.00030140838116288644,120,222
491,3,semiconductor_adjusted_return,economic_subsector_peers,initiator_reversal,-0.00045146284632573304,120,222
491,5,semiconductor_adjusted_return,economic_subsector_peers,convergence,-0.0005023535222037848,83,222
491,5,semiconductor_adjusted_return,economic_subsector_peers,peer_catchup,-0.0024762070766993238,83,222
491,5,semiconductor_adjusted_return,economic_subsector_peers,initiator_reversal,0.001973853554495539,83,222
491,10,semiconductor_adjusted_return,economic_subsector_peers,convergence,0.0006791438290601306,34,222
491,10,semiconductor_adjusted_return,economic_subsector_peers,peer_catchup,-0.006128284784766268,34,222
491,10,semiconductor_adjusted_return,economic_subsector_peers,initiator_reversal,0.0068074286138264,34,222
492,1,semiconductor_adjusted_return,economic_subsector_peers,convergence,1.3384590010469568e-05,184,217
492,1,semiconductor_adjusted_return,economic_subsector_peers,peer_catchup,-1.6728463785750567e-05,184,217
492,1,semiconductor_adjusted_return,economic_subsector_peers,initiator_reversal,3.0113053796220287e-05,184,217
492,3,semiconductor_adjusted_return,economic_subsector_peers,convergence,-0.0019444131159561935,135,217
492,3,semiconductor_adjusted_return,economic_subsector_peers,peer_catchup,-0.0009103847109910314,135,217
492,3,semiconductor_adjusted_return,economic_subsector_peers,initiator_reversal,-0.0010340284049651627,135,217
492,5,semiconductor_adjusted_return,economic_subsector_peers,convergence,-0.0033670456647678687,96,217
492,5,semiconductor_adjusted_return,economic_subsector_peers,peer_catchup,-0.0008239092690700564,96,217
492,5,semiconductor_adjusted_return,economic_subsector_peers,initiator_reversal,-0.002543136395697813,96,217
492,10,semiconductor_adjusted_return,economic_subsector_peers,convergence,0.0032837958164552193,32,217
492,10,semiconductor_adjusted_return,economic_subsector_peers,peer_catchup,0.001652950403044698,32,217
492,10,semiconductor_adjusted_return,economic_subsector_peers,initiator_reversal,0.0016308454134105234,32,217
493,1,semiconductor_adjusted_return,economic_subsector_peers,convergence,6.697574979795173e-05,175,205
493,1,semiconductor_adjusted_return,economic_subsector_peers,peer_catchup,3.716486492789776e-05,175,205
493,1,semiconductor_adjusted_return,economic_subsector_peers,initiator_reversal,2.9810884870054753e-05,175,205
493,3,semiconductor_adjusted_return,economic_subsector_peers,convergence,-0.0022536034191030334,115,205
493,3,semiconductor_adjusted_return,economic_subsector_peers,peer_catchup,0.0005713025306124036,115,205
493,3,semiconductor_adjusted_return,economic_subsector_peers,initiator_reversal,-0.0028249059497154373,115,205
493,5,semiconductor_adjusted_return,economic_subsector_peers,convergence,-0.009194063377194436,73,205
493,5,semiconductor_adjusted_return,economic_subsector_peers,peer_catchup,-0.0010324216008090433,73,205
493,5,semiconductor_adjusted_return,economic_subsector_peers,initiator_reversal,-0.008161641776385392,73,205
493,10,semiconductor_adjusted_return,economic_subsector_peers,convergence,-0.01802628669098524,31,205
493,10,semiconductor_adjusted_return,economic_subsector_peers,peer_catchup,-0.003052820752475219,31,205
493,10,semiconductor_adjusted_return,economic_subsector_peers,initiator_reversal,-0.014973465938510025,31,205
494,1,semiconductor_adjusted_return,economic_subsector_peers,convergence,-0.0004248391857836694,163,210
494,1,semiconductor_adjusted_return,economic_subsector_peers,peer_catchup,-0.0008574477740750575,163,210
494,1,semiconductor_adjusted_return,economic_subsector_peers,initiator_reversal,0.0004326085882913881,163,210
494,3,semiconductor_adjusted_return,economic_subsector_peers,convergence,0.0012050784544535215,121,210
494,3,semiconductor_adjusted_return,economic_subsector_peers,peer_catchup,0.0011254973841193787,121,210
494,3,semiconductor_adjusted_return,economic_subsector_peers,initiator_reversal,7.95810703341429e-05,121,210
494,5,semiconductor_adjusted_return,economic_subsector_peers,convergence,0.0006402554885175871,88,210
494,5,semiconductor_adjusted_return,economic_subsector_peers,peer_catchup,0.0010089838542774664,88,210
494,5,semiconductor_adjusted_return,economic_subsector_peers,initiator_reversal,-0.00036872836575987944,88,210
494,10,semiconductor_adjusted_return,economic_subsector_peers,convergence,0.004427142232914712,27,210
494,10,semiconductor_adjusted_return,economic_subsector_peers,peer_catchup,0.002475055965234795,27,210
494,10,semiconductor_adjusted_return,economic_subsector_peers,initiator_reversal,0.0019520862676799169,27,210
495,1,semiconductor_adjusted_return,economic_subsector_peers,convergence,-0.0003723534607337304,162,197
495,1,semiconductor_adjusted_return,economic_subsector_peers,peer_catchup,-3.7443302832196135e-05,162,197
495,1,semiconductor_adjusted_return,economic_subsector_peers,initiator_reversal,-0.00033491015790153446,162,197
495,3,semiconductor_adjusted_return,economic_subsector_peers,convergence,-0.001055112340039504,105,197
495,3,semiconductor_adjusted_return,economic_subsector_peers,peer_catchup,0.0005269851316258804,105,197
495,3,semiconductor_adjusted_return,economic_subsector_peers,initiator_reversal,-0.0015820974716653838,105,197
495,5,semiconductor_adjusted_return,economic_subsector_peers,convergence,-0.0028185707290246547,73,197
495,5,semiconductor_adjusted_return,economic_subsector_peers,peer_catchup,-0.0018014184018575318,73,197
495,5,semiconductor_adjusted_return,economic_subsector_peers,initiator_reversal,-0.001017152327167124,73,197
495,10,semiconductor_adjusted_return,economic_subsector_peers,convergence,-9.544141152714388e-06,30,197
495,10,semiconductor_adjusted_return,economic_subsector_peers,peer_catchup,0.0026354788601783696,30,197
495,10,semiconductor_adjusted_return,economic_subsector_peers,initiator_reversal,-0.002645023001331085,30,197
496,1,semiconductor_adjusted_return,economic_subsector_peers,convergence,-0.002139927883149796,176,225
496,1,semiconductor_adjusted_return,economic_subsector_peers,peer_catchup,-0.000749230177632675,176,225
496,1,semiconductor_adjusted_return,economic_subsector_peers,initiator_reversal,-0.0013906977055171215,176,225
496,3,semiconductor_adjusted_return,economic_subsector_peers,convergence,-0.0021526161689148587,122,225
496,3,semiconductor_adjusted_return,economic_subsector_peers,peer_catchup,-0.0009672631006087929,122,225
496,3,semiconductor_adjusted_return,economic_subsector_peers,initiator_reversal,-0.0011853530683060658,122,225
496,5,semiconductor_adjusted_return,economic_subsector_peers,convergence,-0.0031663442725655554,98,225
496,5,semiconductor_adjusted_return,economic_subsector_peers,peer_catchup,-0.0026070751146830547,98,225
496,5,semiconductor_adjusted_return,economic_subsector_peers,initiator_reversal,-0.0005592691578825,98,225
496,10,semiconductor_adjusted_return,economic_subsector_peers,convergence,0.0072233954201982795,40,225
496,10,semiconductor_adjusted_return,economic_subsector_peers,peer_catchup,-0.003164621750294612,40,225
496,10,semiconductor_adjusted_return,economic_subsector_peers,initiator_reversal,0.010388017170492892,40,225
497,1,semiconductor_adjusted_return,economic_subsector_peers,convergence,0.004288814419206895,165,213
497,1,semiconductor_adjusted_return,economic_subsector_peers,peer_catchup,0.0011294193607602311,165,213
497,1,semiconductor_adjusted_return,economic_subsector_peers,initiator_reversal,0.003159395058446664,165,213
497,3,semiconductor_adjusted_return,economic_subsector_peers,convergence,0.001239500959504868,115,213
497,3,semiconductor_adjusted_return,economic_subsector_peers,peer_catchup,1.8831252129382056e-05,115,213
497,3,semiconductor_adjusted_return,economic_subsector_peers,initiator_reversal,0.001220669707375486,115,213
497,5,semiconductor_adjusted_return,economic_subsector_peers,convergence,0.002414115705579514,76,213
497,5,semiconductor_adjusted_return,economic_subsector_peers,peer_catchup,-0.0008035748054716712,76,213
497,5,semiconductor_adjusted_return,economic_subsector_peers,initiator_reversal,0.0032176905110511862,76,213
497,10,semiconductor_adjusted_return,economic_subsector_peers,convergence,-0.0014246864593936556,36,213
497,10,semiconductor_adjusted_return,economic_subsector_peers,peer_catchup,-0.0009436714100265009,36,213
497,10,semiconductor_adjusted_return,economic_subsector_peers,initiator_reversal,-0.0004810150493671548,36,213
498,1,semiconductor_adjusted_return,economic_subsector_peers,convergence,0.000390842894103509,153,192
498,1,semiconductor_adjusted_return,economic_subsector_peers,peer_catchup,0.0010591099891855554,153,192
498,1,semiconductor_adjusted_return,economic_subsector_peers,initiator_reversal,-0.0006682670950820466,153,192
498,3,semiconductor_adjusted_return,economic_subsector_peers,convergence,-0.0025055175832233217,100,192
498,3,semiconductor_adjusted_return,economic_subsector_peers,peer_catchup,0.0013626957456188533,100,192
498,3,semiconductor_adjusted_return,economic_subsector_peers,initiator_reversal,-0.003868213328842175,100,192
498,5,semiconductor_adjusted_return,economic_subsector_peers,convergence,-0.004229385917864902,72,192
498,5,semiconductor_adjusted_return,economic_subsector_peers,peer_catchup,0.0007863931647129424,72,192
498,5,semiconductor_adjusted_return,economic_subsector_peers,initiator_reversal,-0.005015779082577845,72,192
498,10,semiconductor_adjusted_return,economic_subsector_peers,convergence,-0.0026133066124128823,24,192
498,10,semiconductor_adjusted_return,economic_subsector_peers,peer_catchup,0.0008242449416865286,24,192
498,10,semiconductor_adjusted_return,economic_subsector_peers,initiator_reversal,-0.0034375515540994122,24,192
499,1,semiconductor_adjusted_return,economic_subsector_peers,convergence,0.00022291676179615616,173,211
499,1,semiconductor_adjusted_return,economic_subsector_peers,peer_catchup,-0.0005020069197271106,173,211
499,1,semiconductor_adjusted_return,economic_subsector_peers,initiator_reversal,0.000724923681523267,173,211
499,3,semiconductor_adjusted_return,economic_subsector_peers,convergence,0.003786678504662309,112,211
499,3,semiconductor_adjusted_return,economic_subsector_peers,peer_catchup,-0.0023508957129321655,112,211
499,3,semiconductor_adjusted_return,economic_subsector_peers,initiator_reversal,0.006137574217594473,112,211
499,5,semiconductor_adjusted_return,economic_subsector_peers,convergence,0.006529826046123898,73,211
499,5,semiconductor_adjusted_return,economic_subsector_peers,peer_catchup,-0.0023685289078622,73,211
499,5,semiconductor_adjusted_return,economic_subsector_peers,initiator_reversal,0.008898354953986097,73,211
499,10,semiconductor_adjusted_return,economic_subsector_peers,convergence,0.022140701544012778,32,211
499,10,semiconductor_adjusted_return,economic_subsector_peers,peer_catchup,-0.004347309000657831,32,211
499,10,semiconductor_adjusted_return,economic_subsector_peers,initiator_reversal,0.02648801054467061,32,211
